date,discharge_m3s
2010-01-01,168.73438
2010-01-02,164.65625
2010-01-03,161.96875
2010-01-04,160.10938
2010-01-05,158.42188
2010-01-06,156.46875
2010-01-07,155.28125
2010-01-08,155.26562
2010-01-09,155.5625
2010-01-10,153.75
2010-01-11,153.07812
2010-01-12,265.8125
2010-01-13,905.0156
2010-01-14,988.21875
2010-01-15,579.9844
2010-01-16,383.96875
2010-01-17,319.32812
2010-01-18,328.9375
2010-01-19,491.17188
2010-01-20,890.96875
2010-01-21,1180.2188
2010-01-22,856.9219
2010-01-23,558.0
2010-01-24,516.0469
2010-01-25,329.46875
2010-01-26,307.29688
2010-01-27,393.26562
2010-01-28,323.5
2010-01-29,211.92188
2010-01-30,178.96875
2010-01-31,170.92188
2010-02-01,166.28125
2010-02-02,162.78125
2010-02-03,160.04688
2010-02-04,160.29688
2010-02-05,167.90625
2010-02-06,164.92188
2010-02-07,156.0
2010-02-08,152.625
2010-02-09,151.5625
2010-02-10,150.65625
2010-02-11,149.75
2010-02-12,149.40625
2010-02-13,152.03125
2010-02-14,152.6875
2010-02-15,148.84375
2010-02-16,150.46875
2010-02-17,160.3125
2010-02-18,171.65625
2010-02-19,229.40625
2010-02-20,245.34375
2010-02-21,184.34375
2010-02-22,158.4375
2010-02-23,198.28125
2010-02-24,263.75
2010-02-25,185.59375
2010-02-26,168.8125
2010-02-27,157.6875
2010-02-28,149.4375
2010-03-01,151.75
2010-03-02,168.59375
2010-03-03,159.875
2010-03-04,147.96875
2010-03-05,145.125
2010-03-06,144.28125
2010-03-07,143.75
2010-03-08,143.65625
2010-03-09,163.34375
2010-03-10,312.40625
2010-03-11,415.15625
2010-03-12,266.40625
2010-03-13,181.75
2010-03-14,156.15625
2010-03-15,155.46875
2010-03-16,157.6875
2010-03-17,159.1875
2010-03-18,169.53125
2010-03-19,177.3125
2010-03-20,163.96875
2010-03-21,155.3125
2010-03-22,153.34375
2010-03-23,152.40625
2010-03-24,151.65625
2010-03-25,149.9375
2010-03-26,176.65625
2010-03-27,217.46875
2010-03-28,189.875
2010-03-29,224.1875
2010-03-30,228.84375
2010-03-31,174.46875
2010-04-01,160.875
2010-04-02,213.75
2010-04-03,275.75
2010-04-04,238.0
2010-04-05,173.21875
2010-04-06,153.96875
2010-04-07,145.65625
2010-04-08,147.78125
2010-04-09,161.125
2010-04-10,165.28125
2010-04-11,155.21875
2010-04-12,144.96875
2010-04-13,141.15625
2010-04-14,145.90625
2010-04-15,174.1875
2010-04-16,161.65625
2010-04-17,149.6875
2010-04-18,148.1875
2010-04-19,173.40625
2010-04-20,197.96875
2010-04-21,225.3125
2010-04-22,178.46875
2010-04-23,152.9375
2010-04-24,168.53125
2010-04-25,197.21875
2010-04-26,159.375
2010-04-27,150.53125
2010-04-28,220.0
2010-04-29,509.71875
2010-04-30,779.53125
2010-05-01,629.5
2010-05-02,404.40625
2010-05-03,454.625
2010-05-04,412.03125
2010-05-05,338.03125
2010-05-06,271.9375
2010-05-07,200.21875
2010-05-08,176.75
2010-05-09,187.5
2010-05-10,170.15625
2010-05-11,200.5
2010-05-12,236.9375
2010-05-13,180.34375
2010-05-14,155.9375
2010-05-15,156.375
2010-05-16,201.21875
2010-05-17,231.6875
2010-05-18,173.09375
2010-05-19,171.21875
2010-05-20,161.65625
2010-05-21,154.875
2010-05-22,199.1875
2010-05-23,234.6875
2010-05-24,178.0625
2010-05-25,194.5
2010-05-26,319.0625
2010-05-27,328.25
2010-05-28,217.75
2010-05-29,180.09375
2010-05-30,167.4375
2010-05-31,157.34375
2010-06-01,153.96875
2010-06-02,153.5625
2010-06-03,195.78125
2010-06-04,352.5
2010-06-05,531.15625
2010-06-06,722.40625
2010-06-07,734.09375
2010-06-08,571.84375
2010-06-09,473.46875
2010-06-10,440.65625
2010-06-11,500.1875
2010-06-12,429.3125
2010-06-13,501.0625
2010-06-14,458.28125
2010-06-15,246.40625
2010-06-16,187.84375
2010-06-17,177.92188
2010-06-18,178.60938
2010-06-19,173.25
2010-06-20,181.3125
2010-06-21,240.09375
2010-06-22,237.14062
2010-06-23,278.82812
2010-06-24,195.42188
2010-06-25,156.34375
2010-06-26,149.95312
2010-06-27,147.92188
2010-06-28,146.46875
2010-06-29,148.42188
2010-06-30,152.39062
2010-07-01,209.23438
2010-07-02,536.0
2010-07-03,690.90625
2010-07-04,430.71875
2010-07-05,319.09375
2010-07-06,300.23438
2010-07-07,208.76562
2010-07-08,170.90625
2010-07-09,169.625
2010-07-10,174.57812
2010-07-11,168.96875
2010-07-12,165.01562
2010-07-13,171.76562
2010-07-14,204.26562
2010-07-15,285.28125
2010-07-16,397.20312
2010-07-17,388.79688
2010-07-18,328.28125
2010-07-19,216.84375
2010-07-20,215.82812
2010-07-21,203.70312
2010-07-22,218.14062
2010-07-23,222.09375
2010-07-24,390.79688
2010-07-25,1011.71875
2010-07-26,1092.9062
2010-07-27,906.90625
2010-07-28,680.28125
2010-07-29,332.625
2010-07-30,264.46875
2010-07-31,241.9375
2010-08-01,402.4375
2010-08-02,726.9531
2010-08-03,654.9844
2010-08-04,349.92188
2010-08-05,249.73438
2010-08-06,325.03125
2010-08-07,403.01562
2010-08-08,397.85938
2010-08-09,474.3125
2010-08-10,533.09375
2010-08-11,656.625
2010-08-12,707.9219
2010-08-13,626.4531
2010-08-14,578.2969
2010-08-15,602.1875
2010-08-16,621.375
2010-08-17,696.0781
2010-08-18,794.5781
2010-08-19,598.9375
2010-08-20,665.40625
2010-08-21,1801.8438
2010-08-22,1211.7188
2010-08-23,860.5781
2010-08-24,1927.7734
2010-08-25,1328.9844
2010-08-26,427.40625
2010-08-27,334.15625
2010-08-28,528.8906
2010-08-29,878.4531
2010-08-30,729.90625
2010-08-31,475.1797
2010-09-01,555.8125
2010-09-02,1194.125
2010-09-03,1899.0547
2010-09-04,1464.8359
2010-09-05,917.875
2010-09-06,737.53125
2010-09-07,572.83594
2010-09-08,347.53125
2010-09-09,284.6172
2010-09-10,271.1875
2010-09-11,388.0625
2010-09-12,515.66406
2010-09-13,550.91406
2010-09-14,457.9375
2010-09-15,444.76562
2010-09-16,454.39062
2010-09-17,348.97656
2010-09-18,615.35156
2010-09-19,776.0
2010-09-20,614.65625
2010-09-21,387.71094
2010-09-22,257.14844
2010-09-23,329.10938
2010-09-24,591.27344
2010-09-25,500.04688
2010-09-26,259.66406
2010-09-27,241.46875
2010-09-28,353.875
2010-09-29,363.78906
2010-09-30,320.2578
2010-10-01,606.72656
2010-10-02,860.125
2010-10-03,1126.9609
2010-10-04,1522.3594
2010-10-05,1712.7109
2010-10-06,1240.0938
2010-10-07,966.89844
2010-10-08,1021.97656
2010-10-09,722.46875
2010-10-10,399.47656
2010-10-11,275.8203
2010-10-12,255.17969
2010-10-13,252.84375
2010-10-14,416.98438
2010-10-15,1373.6719
2010-10-16,2179.4531
2010-10-17,1300.3281
2010-10-18,559.2656
2010-10-19,746.33594
2010-10-20,953.1172
2010-10-21,704.2422
2010-10-22,318.0078
2010-10-23,233.82031
2010-10-24,208.42188
2010-10-25,193.1875
2010-10-26,243.85156
2010-10-27,1343.9062
2010-10-28,3305.3906
2010-10-29,2398.1797
2010-10-30,1396.9453
2010-10-31,1222.9609
2010-11-01,1523.5078
2010-11-02,2345.5547
2010-11-03,2139.0547
2010-11-04,1894.3906
2010-11-05,2779.1094
2010-11-06,3784.0
2010-11-07,3232.7812
2010-11-08,1887.9062
2010-11-09,1512.6797
2010-11-10,1594.8125
2010-11-11,1370.1875
2010-11-12,1043.7891
2010-11-13,1230.7031
2010-11-14,4194.914
2010-11-15,8040.836
2010-11-16,6552.2734
2010-11-17,5416.1953
2010-11-18,3100.6094
2010-11-19,1594.9922
2010-11-20,943.6797
2010-11-21,504.60156
2010-11-22,327.98438
2010-11-23,269.84375
2010-11-24,240.22656
2010-11-25,213.41406
2010-11-26,221.6875
2010-11-27,240.05469
2010-11-28,240.64062
2010-11-29,637.14844
2010-11-30,1031.7031
2010-12-01,740.22656
2010-12-02,409.16406
2010-12-03,270.4375
2010-12-04,262.89844
2010-12-05,370.1172
2010-12-06,508.14062
2010-12-07,583.8594
2010-12-08,662.2344
2010-12-09,651.5781
2010-12-10,447.89844
2010-12-11,238.46875
2010-12-12,184.85938
2010-12-13,170.875
2010-12-14,207.625
2010-12-15,537.3125
2010-12-16,604.7969
2010-12-17,351.53125
2010-12-18,355.76562
2010-12-19,232.89062
2010-12-20,188.875
2010-12-21,178.0625
2010-12-22,172.32812
2010-12-23,168.23438
2010-12-24,164.90625
2010-12-25,162.71875
2010-12-26,257.76562
2010-12-27,894.5625
2010-12-28,861.71875
2010-12-29,322.60938
2010-12-30,227.25
2010-12-31,203.95312
2011-01-01,197.34375
2011-01-02,202.70312
2011-01-03,183.82812
2011-01-04,172.14062
2011-01-05,186.48438
2011-01-06,239.45312
2011-01-07,612.3594
2011-01-08,1198.9844
2011-01-09,963.46875
2011-01-10,626.625
2011-01-11,538.59375
2011-01-12,393.32812
2011-01-13,319.65625
2011-01-14,224.26562
2011-01-15,230.34375
2011-01-16,638.8125
2011-01-17,828.125
2011-01-18,509.1875
2011-01-19,354.4375
2011-01-20,248.54688
2011-01-21,211.32812
2011-01-22,248.51562
2011-01-23,314.67188
2011-01-24,553.0781
2011-01-25,1043.2656
2011-01-26,919.8281
2011-01-27,760.09375
2011-01-28,892.46875
2011-01-29,1190.7031
2011-01-30,1268.875
2011-01-31,1310.6094
2011-02-01,1304.9844
2011-02-02,976.0625
2011-02-03,649.7656
2011-02-04,431.78125
2011-02-05,272.84375
2011-02-06,219.34375
2011-02-07,198.75
2011-02-08,187.03125
2011-02-09,178.96875
2011-02-10,173.0625
2011-02-11,168.84375
2011-02-12,166.75
2011-02-13,173.4375
2011-02-14,288.46875
2011-02-15,388.0
2011-02-16,221.0
2011-02-17,172.625
2011-02-18,165.34375
2011-02-19,164.59375
2011-02-20,178.34375
2011-02-21,212.625
2011-02-22,181.8125
2011-02-23,162.59375
2011-02-24,156.21875
2011-02-25,154.5
2011-02-26,153.40625
2011-02-27,152.625
2011-02-28,152.1875
2011-03-01,151.4375
2011-03-02,150.71875
2011-03-03,150.90625
2011-03-04,154.125
2011-03-05,174.375
2011-03-06,196.375
2011-03-07,167.0625
2011-03-08,180.8125
2011-03-09,218.78125
2011-03-10,179.96875
2011-03-11,185.4375
2011-03-12,170.84375
2011-03-13,154.625
2011-03-14,149.4375
2011-03-15,153.28125
2011-03-16,197.84375
2011-03-17,526.65625
2011-03-18,582.90625
2011-03-19,273.5625
2011-03-20,213.8125
2011-03-21,230.34375
2011-03-22,257.5
2011-03-23,614.6875
2011-03-24,1285.6875
2011-03-25,1439.125
2011-03-26,1387.5938
2011-03-27,1233.0
2011-03-28,1061.4688
2011-03-29,910.03125
2011-03-30,711.09375
2011-03-31,522.03125
2011-04-01,355.5625
2011-04-02,232.78125
2011-04-03,197.09375
2011-04-04,183.75
2011-04-05,175.34375
2011-04-06,169.28125
2011-04-07,164.6875
2011-04-08,161.46875
2011-04-09,159.34375
2011-04-10,158.6875
2011-04-11,156.25
2011-04-12,153.75
2011-04-13,152.1875
2011-04-14,150.84375
2011-04-15,149.78125
2011-04-16,150.96875
2011-04-17,178.03125
2011-04-18,278.9375
2011-04-19,397.1875
2011-04-20,378.875
2011-04-21,220.4375
2011-04-22,237.84375
2011-04-23,315.40625
2011-04-24,395.4375
2011-04-25,370.125
2011-04-26,241.8125
2011-04-27,341.15625
2011-04-28,528.125
2011-04-29,487.65625
2011-04-30,390.625
2011-05-01,260.6875
2011-05-02,229.09375
2011-05-03,256.28125
2011-05-04,204.0625
2011-05-05,173.53125
2011-05-06,170.5
2011-05-07,321.1875
2011-05-08,550.625
2011-05-09,430.375
2011-05-10,270.65625
2011-05-11,251.0625
2011-05-12,203.1875
2011-05-13,307.09375
2011-05-14,979.375
2011-05-15,1115.625
2011-05-16,946.96875
2011-05-17,1065.5
2011-05-18,850.9375
2011-05-19,645.03125
2011-05-20,619.9375
2011-05-21,473.46875
2011-05-22,279.875
2011-05-23,361.09375
2011-05-24,1063.9062
2011-05-25,1068.4062
2011-05-26,729.90625
2011-05-27,644.375
2011-05-28,393.21875
2011-05-29,287.5625
2011-05-30,269.75
2011-05-31,253.71875
2011-06-01,433.75
2011-06-02,697.9375
2011-06-03,742.75
2011-06-04,724.9375
2011-06-05,541.0625
2011-06-06,720.65625
2011-06-07,848.96875
2011-06-08,653.59375
2011-06-09,667.5
2011-06-10,658.625
2011-06-11,376.9375
2011-06-12,381.5625
2011-06-13,535.34375
2011-06-14,545.09375
2011-06-15,507.84375
2011-06-16,419.3125
2011-06-17,261.09375
2011-06-18,246.03125
2011-06-19,616.03125
2011-06-20,924.75
2011-06-21,630.15625
2011-06-22,387.09375
2011-06-23,259.625
2011-06-24,217.67188
2011-06-25,202.65625
2011-06-26,197.29688
2011-06-27,177.84375
2011-06-28,166.57812
2011-06-29,167.28125
2011-06-30,174.73438
2011-07-01,191.375
2011-07-02,195.54688
2011-07-03,181.875
2011-07-04,171.78125
2011-07-05,180.90625
2011-07-06,199.21875
2011-07-07,184.26562
2011-07-08,159.70312
2011-07-09,151.89062
2011-07-10,156.625
2011-07-11,229.0625
2011-07-12,319.51562
2011-07-13,236.40625
2011-07-14,208.40625
2011-07-15,304.64062
2011-07-16,338.625
2011-07-17,204.85938
2011-07-18,165.8125
2011-07-19,159.54688
2011-07-20,167.92188
2011-07-21,181.1875
2011-07-22,168.75
2011-07-23,178.53125
2011-07-24,224.21875
2011-07-25,255.35938
2011-07-26,275.75
2011-07-27,282.04688
2011-07-28,249.39062
2011-07-29,194.04688
2011-07-30,199.96875
2011-07-31,196.34375
2011-08-01,230.07812
2011-08-02,240.82812
2011-08-03,235.95312
2011-08-04,243.40625
2011-08-05,205.39062
2011-08-06,184.01562
2011-08-07,176.45312
2011-08-08,190.9375
2011-08-09,209.73438
2011-08-10,173.57812
2011-08-11,156.39062
2011-08-12,166.40625
2011-08-13,187.42188
2011-08-14,221.76562
2011-08-15,230.65625
2011-08-16,260.25
2011-08-17,316.17188
2011-08-18,246.32812
2011-08-19,240.20312
2011-08-20,273.46875
2011-08-21,305.9375
2011-08-22,373.9375
2011-08-23,267.8828
2011-08-24,230.15625
2011-08-25,198.11719
2011-08-26,202.07812
2011-08-27,177.32031
2011-08-28,160.77344
2011-08-29,158.9375
2011-08-30,194.0
2011-08-31,268.6328
2011-09-01,256.90625
2011-09-02,266.5
2011-09-03,209.77344
2011-09-04,248.875
2011-09-05,397.35156
2011-09-06,425.57812
2011-09-07,506.14844
2011-09-08,594.47656
2011-09-09,685.2344
2011-09-10,1077.8125
2011-09-11,1490.2969
2011-09-12,1114.7031
2011-09-13,532.60156
2011-09-14,432.1797
2011-09-15,507.1875
2011-09-16,620.1797
2011-09-17,452.3203
2011-09-18,315.375
2011-09-19,303.27344
2011-09-20,442.89062
2011-09-21,705.35156
2011-09-22,3400.9688
2011-09-23,10320.078
2011-09-24,11134.727
2011-09-25,7103.258
2011-09-26,4466.203
2011-09-27,4742.7734
2011-09-28,2475.8672
2011-09-29,862.27344
2011-09-30,486.5703
2011-10-01,471.6172
2011-10-02,1629.4062
2011-10-03,3496.1562
2011-10-04,3133.7969
2011-10-05,1861.625
2011-10-06,880.9453
2011-10-07,679.22656
2011-10-08,841.9219
2011-10-09,785.65625
2011-10-10,1046.9219
2011-10-11,1235.5078
2011-10-12,1650.8047
2011-10-13,1509.6016
2011-10-14,1257.0703
2011-10-15,1887.9922
2011-10-16,2122.9844
2011-10-17,2248.7656
2011-10-18,2623.1172
2011-10-19,3050.6172
2011-10-20,2319.1797
2011-10-21,1194.9375
2011-10-22,535.15625
2011-10-23,352.1953
2011-10-24,271.23438
2011-10-25,270.8203
2011-10-26,506.33594
2011-10-27,890.2656
2011-10-28,1265.125
2011-10-29,1228.9297
2011-10-30,901.9844
2011-10-31,871.96094
2011-11-01,884.5703
2011-11-02,882.3281
2011-11-03,700.7031
2011-11-04,540.2578
2011-11-05,1054.125
2011-11-06,2216.711
2011-11-07,7607.25
2011-11-08,12524.18
2011-11-09,5082.414
2011-11-10,1130.5547
2011-11-11,574.75
2011-11-12,414.1797
2011-11-13,327.84375
2011-11-14,276.53906
2011-11-15,288.08594
2011-11-16,572.47656
2011-11-17,714.6328
2011-11-18,468.75
2011-11-19,265.79688
2011-11-20,216.38281
2011-11-21,332.34375
2011-11-22,879.53906
2011-11-23,1369.3672
2011-11-24,1505.4219
2011-11-25,1509.5234
2011-11-26,1560.5
2011-11-27,1254.5625
2011-11-28,728.0469
2011-11-29,349.5
2011-11-30,256.51562
2011-12-01,301.70312
2011-12-02,906.7344
2011-12-03,926.7344
2011-12-04,452.04688
2011-12-05,293.21875
2011-12-06,325.20312
2011-12-07,408.15625
2011-12-08,731.25
2011-12-09,1815.9219
2011-12-10,2148.9531
2011-12-11,1665.2656
2011-12-12,903.9219
2011-12-13,376.51562
2011-12-14,274.10938
2011-12-15,302.45312
2011-12-16,1044.9531
2011-12-17,1881.6875
2011-12-18,1678.7656
2011-12-19,1194.2188
2011-12-20,755.0625
2011-12-21,452.67188
2011-12-22,560.7969
2011-12-23,1384.4062
2011-12-24,1825.2656
2011-12-25,1361.0625
2011-12-26,763.7344
2011-12-27,404.90625
2011-12-28,334.78125
2011-12-29,319.92188
2011-12-30,305.95312
2011-12-31,1058.1562
2012-01-01,1730.1094
2012-01-02,1445.75
2012-01-03,825.1094
2012-01-04,382.9375
2012-01-05,328.03125
2012-01-06,320.54688
2012-01-07,265.9375
2012-01-08,503.35938
2012-01-09,631.28125
2012-01-10,381.17188
2012-01-11,285.40625
2012-01-12,749.3906
2012-01-13,1323.125
2012-01-14,874.40625
2012-01-15,419.5
2012-01-16,616.25
2012-01-17,901.46875
2012-01-18,576.40625
2012-01-19,299.4375
2012-01-20,226.0625
2012-01-21,228.1875
2012-01-22,366.625
2012-01-23,881.625
2012-01-24,780.375
2012-01-25,356.375
2012-01-26,361.09375
2012-01-27,401.96875
2012-01-28,248.59375
2012-01-29,201.28125
2012-01-30,219.09375
2012-01-31,461.625
2012-02-01,625.9375
2012-02-02,426.53125
2012-02-03,260.84375
2012-02-04,232.71875
2012-02-05,218.96875
2012-02-06,212.40625
2012-02-07,229.34375
2012-02-08,185.40625
2012-02-09,173.8125
2012-02-10,172.46875
2012-02-11,168.21875
2012-02-12,166.40625
2012-02-13,166.25
2012-02-14,166.6875
2012-02-15,162.96875
2012-02-16,227.84375
2012-02-17,1032.9062
2012-02-18,1672.2812
2012-02-19,1283.5312
2012-02-20,842.90625
2012-02-21,522.5625
2012-02-22,299.53125
2012-02-23,248.1875
2012-02-24,227.15625
2012-02-25,203.0
2012-02-26,190.03125
2012-02-27,202.09375
2012-02-28,230.1875
2012-02-29,189.3125
2012-03-01,171.78125
2012-03-02,167.46875
2012-03-03,165.125
2012-03-04,163.4375
2012-03-05,161.78125
2012-03-06,160.375
2012-03-07,165.53125
2012-03-08,275.15625
2012-03-09,728.8125
2012-03-10,920.1875
2012-03-11,566.875
2012-03-12,342.25
2012-03-13,264.59375
2012-03-14,221.53125
2012-03-15,203.46875
2012-03-16,190.4375
2012-03-17,184.75
2012-03-18,207.1875
2012-03-19,460.0
2012-03-20,858.8125
2012-03-21,992.78125
2012-03-22,683.15625
2012-03-23,369.03125
2012-03-24,285.375
2012-03-25,282.28125
2012-03-26,214.96875
2012-03-27,192.3125
2012-03-28,205.375
2012-03-29,198.375
2012-03-30,175.21875
2012-03-31,177.625
2012-04-01,433.59375
2012-04-02,812.40625
2012-04-03,627.6875
2012-04-04,553.40625
2012-04-05,610.15625
2012-04-06,418.90625
2012-04-07,453.25
2012-04-08,543.9375
2012-04-09,508.5
2012-04-10,316.28125
2012-04-11,279.5625
2012-04-12,337.90625
2012-04-13,426.375
2012-04-14,464.78125
2012-04-15,319.78125
2012-04-16,236.125
2012-04-17,281.4375
2012-04-18,309.40625
2012-04-19,255.0625
2012-04-20,291.15625
2012-04-21,318.90625
2012-04-22,452.25
2012-04-23,536.1875
2012-04-24,352.1875
2012-04-25,263.78125
2012-04-26,200.3125
2012-04-27,183.21875
2012-04-28,211.28125
2012-04-29,268.6875
2012-04-30,294.125
2012-05-01,216.53125
2012-05-02,189.375
2012-05-03,192.28125
2012-05-04,185.03125
2012-05-05,212.25
2012-05-06,264.5625
2012-05-07,204.71875
2012-05-08,198.625
2012-05-09,210.21875
2012-05-10,232.71875
2012-05-11,187.0625
2012-05-12,206.84375
2012-05-13,324.34375
2012-05-14,332.65625
2012-05-15,334.3125
2012-05-16,319.09375
2012-05-17,476.53125
2012-05-18,807.375
2012-05-19,625.90625
2012-05-20,325.125
2012-05-21,230.96875
2012-05-22,211.15625
2012-05-23,216.65625
2012-05-24,236.59375
2012-05-25,277.625
2012-05-26,448.84375
2012-05-27,584.71875
2012-05-28,635.53125
2012-05-29,646.03125
2012-05-30,681.9375
2012-05-31,1096.0938
2012-06-01,1281.4375
2012-06-02,1439.9688
2012-06-03,1125.7188
2012-06-04,713.53125
2012-06-05,505.3125
2012-06-06,393.1875
2012-06-07,384.03125
2012-06-08,730.96875
2012-06-09,723.84375
2012-06-10,379.0
2012-06-11,263.5625
2012-06-12,212.0625
2012-06-13,190.8125
2012-06-14,181.625
2012-06-15,176.28125
2012-06-16,251.09375
2012-06-17,1259.2969
2012-06-18,2040.5469
2012-06-19,1189.875
2012-06-20,428.79688
2012-06-21,322.67188
2012-06-22,260.09375
2012-06-23,219.625
2012-06-24,199.17188
2012-06-25,189.4375
2012-06-26,180.85938
2012-06-27,173.48438
2012-06-28,169.26562
2012-06-29,175.65625
2012-06-30,218.17188
2012-07-01,237.53125
2012-07-02,318.5
2012-07-03,403.53125
2012-07-04,338.28125
2012-07-05,438.28125
2012-07-06,670.875
2012-07-07,550.375
2012-07-08,331.34375
2012-07-09,327.375
2012-07-10,422.125
2012-07-11,470.20312
2012-07-12,488.09375
2012-07-13,406.6875
2012-07-14,284.73438
2012-07-15,252.42188
2012-07-16,235.01562
2012-07-17,197.42188
2012-07-18,187.29688
2012-07-19,221.64062
2012-07-20,257.9375
2012-07-21,276.96875
2012-07-22,335.3125
2012-07-23,222.82812
2012-07-24,184.46875
2012-07-25,213.875
2012-07-26,237.35938
2012-07-27,184.95312
2012-07-28,163.67188
2012-07-29,166.71875
2012-07-30,246.71875
2012-07-31,363.15625
2012-08-01,291.73438
2012-08-02,227.14062
2012-08-03,197.6875
2012-08-04,199.76562
2012-08-05,191.0
2012-08-06,180.32812
2012-08-07,166.375
2012-08-08,158.78125
2012-08-09,160.45312
2012-08-10,159.29688
2012-08-11,156.625
2012-08-12,155.53125
2012-08-13,153.25
2012-08-14,151.875
2012-08-15,156.90625
2012-08-16,187.35938
2012-08-17,204.5625
2012-08-18,215.54688
2012-08-19,205.82812
2012-08-20,184.71875
2012-08-21,194.57812
2012-08-22,184.59375
2012-08-23,1275.9375
2012-08-24,2592.5156
2012-08-25,1791.4609
2012-08-26,947.2422
2012-08-27,585.6953
2012-08-28,401.59375
2012-08-29,369.8828
2012-08-30,350.02344
2012-08-31,250.42188
2012-09-01,218.48438
2012-09-02,256.09375
2012-09-03,407.09375
2012-09-04,535.03125
2012-09-05,536.9219
2012-09-06,831.4922
2012-09-07,1076.8281
2012-09-08,804.3203
2012-09-09,456.53906
2012-09-10,301.27344
2012-09-11,231.78125
2012-09-12,259.5625
2012-09-13,385.53906
2012-09-14,675.46875
2012-09-15,1436.7734
2012-09-16,1411.5781
2012-09-17,717.46875
2012-09-18,412.35156
2012-09-19,340.3203
2012-09-20,254.45312
2012-09-21,220.52344
2012-09-22,207.96094
2012-09-23,252.44531
2012-09-24,269.5078
2012-09-25,198.55469
2012-09-26,221.8125
2012-09-27,619.6172
2012-09-28,846.5547
2012-09-29,579.46875
2012-09-30,356.04688
2012-10-01,249.71094
2012-10-02,234.05469
2012-10-03,268.27344
2012-10-04,407.70312
2012-10-05,414.2578
2012-10-06,692.7656
2012-10-07,2659.8281
2012-10-08,2063.3125
2012-10-09,879.4844
2012-10-10,491.75
2012-10-11,329.1172
2012-10-12,259.16406
2012-10-13,235.32812
2012-10-14,215.28906
2012-10-15,195.6875
2012-10-16,185.23438
2012-10-17,178.54688
2012-10-18,173.53125
2012-10-19,169.875
2012-10-20,166.92969
2012-10-21,164.67969
2012-10-22,163.0625
2012-10-23,162.69531
2012-10-24,169.14844
2012-10-25,179.89062
2012-10-26,167.94531
2012-10-27,224.51562
2012-10-28,644.5781
2012-10-29,679.96094
2012-10-30,311.14062
2012-10-31,357.02344
2012-11-01,537.1719
2012-11-02,525.3203
2012-11-03,372.5703
2012-11-04,244.77344
2012-11-05,212.11719
2012-11-06,191.97656
2012-11-07,203.85156
2012-11-08,215.41406
2012-11-09,187.74219
2012-11-10,171.07031
2012-11-11,165.5625
2012-11-12,218.83594
2012-11-13,380.53906
2012-11-14,404.14844
2012-11-15,378.8203
2012-11-16,517.21094
2012-11-17,732.7031
2012-11-18,1138.2344
2012-11-19,863.3125
2012-11-20,379.85156
2012-11-21,255.07812
2012-11-22,214.76562
2012-11-23,199.67188
2012-11-24,208.41406
2012-11-25,185.85156
2012-11-26,173.23438
2012-11-27,171.11719
2012-11-28,174.58594
2012-11-29,163.77344
2012-11-30,155.97656
2012-12-01,152.40625
2012-12-02,150.74219
2012-12-03,147.85938
2012-12-04,145.83594
2012-12-05,167.375
2012-12-06,342.92188
2012-12-07,414.6328
2012-12-08,237.57812
2012-12-09,181.85156
2012-12-10,165.22656
2012-12-11,156.1875
2012-12-12,156.03125
2012-12-13,181.45312
2012-12-14,194.48438
2012-12-15,173.48438
2012-12-16,161.73438
2012-12-17,157.0
2012-12-18,158.8125
2012-12-19,212.96875
2012-12-20,281.75
2012-12-21,196.82812
2012-12-22,170.04688
2012-12-23,492.01562
2012-12-24,1418.25
2012-12-25,1080.7188
2012-12-26,422.95312
2012-12-27,291.64062
2012-12-28,258.85938
2012-12-29,236.875
2012-12-30,376.39062
2012-12-31,559.5156
2013-01-01,452.25
2013-01-02,261.84375
2013-01-03,201.25
2013-01-04,197.60938
2013-01-05,270.0625
2013-01-06,385.20312
2013-01-07,536.34375
2013-01-08,548.875
2013-01-09,370.23438
2013-01-10,719.71875
2013-01-11,819.0
2013-01-12,544.5
2013-01-13,339.15625
2013-01-14,227.67188
2013-01-15,194.4375
2013-01-16,182.75
2013-01-17,175.3125
2013-01-18,172.0
2013-01-19,196.54688
2013-01-20,227.9375
2013-01-21,186.5
2013-01-22,164.51562
2013-01-23,159.09375
2013-01-24,157.21875
2013-01-25,156.28125
2013-01-26,156.32812
2013-01-27,156.1875
2013-01-28,155.15625
2013-01-29,162.5
2013-01-30,167.48438
2013-01-31,155.46875
2013-02-01,152.28125
2013-02-02,151.625
2013-02-03,151.375
2013-02-04,150.90625
2013-02-05,150.125
2013-02-06,149.5625
2013-02-07,148.875
2013-02-08,148.46875
2013-02-09,148.9375
2013-02-10,158.3125
2013-02-11,172.625
2013-02-12,164.9375
2013-02-13,154.875
2013-02-14,152.15625
2013-02-15,151.4375
2013-02-16,150.0625
2013-02-17,152.40625
2013-02-18,155.53125
2013-02-19,150.5
2013-02-20,147.375
2013-02-21,148.09375
2013-02-22,166.5
2013-02-23,276.90625
2013-02-24,562.21875
2013-02-25,651.40625
2013-02-26,386.21875
2013-02-27,220.96875
2013-02-28,182.34375
2013-03-01,171.1875
2013-03-02,164.71875
2013-03-03,250.65625
2013-03-04,827.59375
2013-03-05,896.84375
2013-03-06,477.21875
2013-03-07,274.09375
2013-03-08,215.34375
2013-03-09,193.4375
2013-03-10,180.84375
2013-03-11,172.5625
2013-03-12,176.34375
2013-03-13,229.8125
2013-03-14,348.46875
2013-03-15,449.40625
2013-03-16,332.65625
2013-03-17,209.6875
2013-03-18,177.0
2013-03-19,172.625
2013-03-20,210.375
2013-03-21,299.25
2013-03-22,317.1875
2013-03-23,375.90625
2013-03-24,342.5
2013-03-25,233.8125
2013-03-26,200.875
2013-03-27,313.125
2013-03-28,410.59375
2013-03-29,250.25
2013-03-30,210.375
2013-03-31,192.28125
2013-04-01,267.6875
2013-04-02,344.40625
2013-04-03,213.9375
2013-04-04,165.59375
2013-04-05,156.03125
2013-04-06,153.03125
2013-04-07,152.0
2013-04-08,153.71875
2013-04-09,199.25
2013-04-10,409.65625
2013-04-11,519.125
2013-04-12,523.53125
2013-04-13,790.21875
2013-04-14,702.3125
2013-04-15,347.15625
2013-04-16,235.15625
2013-04-17,358.71875
2013-04-18,759.21875
2013-04-19,714.3125
2013-04-20,425.8125
2013-04-21,403.0
2013-04-22,558.8125
2013-04-23,468.03125
2013-04-24,459.78125
2013-04-25,515.84375
2013-04-26,650.75
2013-04-27,996.75
2013-04-28,756.15625
2013-04-29,448.625
2013-04-30,584.0625
2013-05-01,575.78125
2013-05-02,465.84375
2013-05-03,412.40625
2013-05-04,351.28125
2013-05-05,764.59375
2013-05-06,997.28125
2013-05-07,730.59375
2013-05-08,921.15625
2013-05-09,924.375
2013-05-10,776.59375
2013-05-11,1051.3438
2013-05-12,1317.25
2013-05-13,899.625
2013-05-14,453.4375
2013-05-15,275.5625
2013-05-16,229.96875
2013-05-17,220.75
2013-05-18,214.53125
2013-05-19,261.1875
2013-05-20,274.5625
2013-05-21,224.59375
2013-05-22,214.59375
2013-05-23,241.3125
2013-05-24,214.40625
2013-05-25,232.21875
2013-05-26,261.65625
2013-05-27,260.625
2013-05-28,194.90625
2013-05-29,186.6875
2013-05-30,225.84375
2013-05-31,243.5625
2013-06-01,282.4375
2013-06-02,333.71875
2013-06-03,385.65625
2013-06-04,897.0625
2013-06-05,1177.5938
2013-06-06,1002.5
2013-06-07,766.75
2013-06-08,496.625
2013-06-09,275.34375
2013-06-10,305.65625
2013-06-11,717.65625
2013-06-12,939.84375
2013-06-13,1272.9688
2013-06-14,1347.0938
2013-06-15,828.1875
2013-06-16,457.625
2013-06-17,366.5625
2013-06-18,280.125
2013-06-19,285.75
2013-06-20,238.15625
2013-06-21,270.67188
2013-06-22,639.7656
2013-06-23,738.7031
2013-06-24,396.9375
2013-06-25,257.73438
2013-06-26,199.29688
2013-06-27,182.17188
2013-06-28,172.57812
2013-06-29,166.40625
2013-06-30,174.03125
2013-07-01,178.85938
2013-07-02,210.82812
2013-07-03,209.4375
2013-07-04,234.35938
2013-07-05,339.0625
2013-07-06,362.95312
2013-07-07,521.59375
2013-07-08,614.0156
2013-07-09,565.3125
2013-07-10,483.04688
2013-07-11,367.73438
2013-07-12,390.90625
2013-07-13,385.8125
2013-07-14,313.46875
2013-07-15,306.42188
2013-07-16,432.89062
2013-07-17,768.4844
2013-07-18,676.6719
2013-07-19,417.82812
2013-07-20,886.71875
2013-07-21,1800.25
2013-07-22,1545.8438
2013-07-23,1178.8281
2013-07-24,1502.8125
2013-07-25,1566.1406
2013-07-26,867.2344
2013-07-27,377.51562
2013-07-28,301.07812
2013-07-29,270.54688
2013-07-30,245.15625
2013-07-31,389.9375
2013-08-01,610.53125
2013-08-02,513.2969
2013-08-03,330.1875
2013-08-04,328.625
2013-08-05,360.04688
2013-08-06,503.54688
2013-08-07,506.73438
2013-08-08,440.53125
2013-08-09,322.53125
2013-08-10,440.01562
2013-08-11,496.5625
2013-08-12,377.9375
2013-08-13,391.0625
2013-08-14,342.1875
2013-08-15,218.01562
2013-08-16,178.5625
2013-08-17,168.67188
2013-08-18,164.39062
2013-08-19,161.4375
2013-08-20,160.34375
2013-08-21,159.90625
2013-08-22,166.35938
2013-08-23,180.35938
2013-08-24,181.46875
2013-08-25,165.64062
2013-08-26,175.875
2013-08-27,260.98438
2013-08-28,321.65625
2013-08-29,278.84375
2013-08-30,232.82812
2013-08-31,181.23438
2013-09-01,181.60938
2013-09-02,249.51562
2013-09-03,324.01562
2013-09-04,229.96875
2013-09-05,246.5
2013-09-06,363.84375
2013-09-07,484.3125
2013-09-08,427.32812
2013-09-09,316.1875
2013-09-10,616.0781
2013-09-11,1346.1094
2013-09-12,1309.8125
2013-09-13,1231.8125
2013-09-14,1065.0625
2013-09-15,1018.78125
2013-09-16,1155.125
2013-09-17,2332.7031
2013-09-18,5899.2656
2013-09-19,6064.2812
2013-09-20,2571.9844
2013-09-21,1922.8125
2013-09-22,3852.5469
2013-09-23,3150.1406
2013-09-24,1577.2969
2013-09-25,1330.0391
2013-09-26,3605.2031
2013-09-27,3517.7812
2013-09-28,1744.4453
2013-09-29,714.85156
2013-09-30,1416.2891
2013-10-01,2707.4375
2013-10-02,2265.2031
2013-10-03,2561.7969
2013-10-04,2358.375
2013-10-05,1528.625
2013-10-06,817.8594
2013-10-07,386.5625
2013-10-08,288.1797
2013-10-09,247.32812
2013-10-10,222.16406
2013-10-11,205.74219
2013-10-12,200.97656
2013-10-13,203.73438
2013-10-14,1318.6797
2013-10-15,5569.414
2013-10-16,5050.547
2013-10-17,2403.875
2013-10-18,1264.1953
2013-10-19,1039.9453
2013-10-20,1385.0547
2013-10-21,1400.7891
2013-10-22,845.25
2013-10-23,469.0547
2013-10-24,350.6328
2013-10-25,284.97656
2013-10-26,263.72656
2013-10-27,257.16406
2013-10-28,224.21875
2013-10-29,193.60938
2013-10-30,190.03906
2013-10-31,189.63281
2013-11-01,176.14844
2013-11-02,169.57812
2013-11-03,166.0625
2013-11-04,182.125
2013-11-05,465.16406
2013-11-06,1511.4609
2013-11-07,2988.4453
2013-11-08,2572.3047
2013-11-09,1555.2656
2013-11-10,1946.6641
2013-11-11,2135.1016
2013-11-12,1106.4062
2013-11-13,557.58594
2013-11-14,754.78906
2013-11-15,2675.2031
2013-11-16,6246.0625
2013-11-17,5558.8438
2013-11-18,2720.4062
2013-11-19,1250.9531
2013-11-20,1085.3594
2013-11-21,888.8281
2013-11-22,490.875
2013-11-23,474.03125
2013-11-24,445.21875
2013-11-25,281.29688
2013-11-26,348.92188
2013-11-27,397.10938
2013-11-28,378.73438
2013-11-29,1381.6094
2013-11-30,1589.0
2013-12-01,998.6875
2013-12-02,606.2969
2013-12-03,405.85938
2013-12-04,276.20312
2013-12-05,358.09375
2013-12-06,406.01562
2013-12-07,237.51562
2013-12-08,193.78125
2013-12-09,177.3125
2013-12-10,168.625
2013-12-11,164.29688
2013-12-12,161.4375
2013-12-13,161.04688
2013-12-14,257.71875
2013-12-15,1072.625
2013-12-16,998.3594
2013-12-17,393.70312
2013-12-18,354.375
2013-12-19,317.5625
2013-12-20,243.15625
2013-12-21,202.1875
2013-12-22,199.625
2013-12-23,322.8125
2013-12-24,489.46875
2013-12-25,497.10938
2013-12-26,446.73438
2013-12-27,287.79688
2013-12-28,287.54688
2013-12-29,348.375
2013-12-30,295.39062
2013-12-31,243.67188
2014-01-01,224.59375
2014-01-02,200.40625
2014-01-03,176.28125
2014-01-04,168.21875
2014-01-05,178.76562
2014-01-06,199.125
2014-01-07,172.85938
2014-01-08,162.59375
2014-01-09,161.96875
2014-01-10,200.51562
2014-01-11,276.60938
2014-01-12,258.32812
2014-01-13,450.65625
2014-01-14,1037.6094
2014-01-15,922.125
2014-01-16,439.98438
2014-01-17,295.89062
2014-01-18,508.26562
2014-01-19,686.78125
2014-01-20,478.75
2014-01-21,440.09375
2014-01-22,482.71875
2014-01-23,302.4375
2014-01-24,215.75
2014-01-25,188.40625
2014-01-26,179.96875
2014-01-27,175.0
2014-01-28,171.375
2014-01-29,168.5625
2014-01-30,166.6875
2014-01-31,164.53125
2014-02-01,162.59375
2014-02-02,160.90625
2014-02-03,159.53125
2014-02-04,158.53125
2014-02-05,157.8125
2014-02-06,156.875
2014-02-07,156.03125
2014-02-08,155.21875
2014-02-09,154.5
2014-02-10,156.5625
2014-02-11,195.40625
2014-02-12,269.5625
2014-02-13,220.46875
2014-02-14,181.4375
2014-02-15,174.09375
2014-02-16,162.75
2014-02-17,156.5
2014-02-18,154.59375
2014-02-19,155.5
2014-02-20,161.28125
2014-02-21,158.3125
2014-02-22,154.28125
2014-02-23,152.8125
2014-02-24,152.1875
2014-02-25,151.59375
2014-02-26,150.8125
2014-02-27,150.3125
2014-02-28,149.90625
2014-03-01,149.375
2014-03-02,148.84375
2014-03-03,148.5
2014-03-04,148.4375
2014-03-05,149.25
2014-03-06,148.75
2014-03-07,148.375
2014-03-08,149.59375
2014-03-09,153.71875
2014-03-10,155.875
2014-03-11,160.53125
2014-03-12,151.4375
2014-03-13,147.46875
2014-03-14,147.53125
2014-03-15,155.4375
2014-03-16,164.65625
2014-03-17,160.09375
2014-03-18,156.625
2014-03-19,155.65625
2014-03-20,155.3125
2014-03-21,161.40625
2014-03-22,196.1875
2014-03-23,231.28125
2014-03-24,236.34375
2014-03-25,189.75
2014-03-26,158.96875
2014-03-27,148.8125
2014-03-28,146.6875
2014-03-29,145.84375
2014-03-30,147.21875
2014-03-31,158.71875
2014-04-01,154.09375
2014-04-02,146.78125
2014-04-03,164.75
2014-04-04,237.65625
2014-04-05,375.75
2014-04-06,450.6875
2014-04-07,335.75
2014-04-08,416.40625
2014-04-09,518.78125
2014-04-10,433.40625
2014-04-11,331.6875
2014-04-12,337.0
2014-04-13,262.96875
2014-04-14,191.84375
2014-04-15,164.6875
2014-04-16,157.65625
2014-04-17,154.3125
2014-04-18,152.25
2014-04-19,151.03125
2014-04-20,149.0625
2014-04-21,147.6875
2014-04-22,146.90625
2014-04-23,146.0625
2014-04-24,146.28125
2014-04-25,149.53125
2014-04-26,146.03125
2014-04-27,143.8125
2014-04-28,154.21875
2014-04-29,271.4375
2014-04-30,589.9375
2014-05-01,1137.4062
2014-05-02,1376.1562
2014-05-03,964.6875
2014-05-04,653.28125
2014-05-05,584.5
2014-05-06,615.4375
2014-05-07,640.1875
2014-05-08,435.65625
2014-05-09,441.4375
2014-05-10,413.84375
2014-05-11,237.3125
2014-05-12,188.78125
2014-05-13,200.34375
2014-05-14,231.6875
2014-05-15,192.78125
2014-05-16,168.21875
2014-05-17,166.4375
2014-05-18,181.15625
2014-05-19,185.9375
2014-05-20,167.34375
2014-05-21,164.65625
2014-05-22,170.875
2014-05-23,158.09375
2014-05-24,152.5
2014-05-25,164.3125
2014-05-26,202.75
2014-05-27,238.21875
2014-05-28,252.3125
2014-05-29,289.5625
2014-05-30,202.65625
2014-05-31,194.125
2014-06-01,240.875
2014-06-02,238.71875
2014-06-03,261.84375
2014-06-04,249.03125
2014-06-05,249.65625
2014-06-06,185.65625
2014-06-07,157.0625
2014-06-08,166.65625
2014-06-09,191.53125
2014-06-10,190.625
2014-06-11,167.125
2014-06-12,185.75
2014-06-13,334.375
2014-06-14,444.4375
2014-06-15,262.75
2014-06-16,185.46875
2014-06-17,168.5625
2014-06-18,175.65625
2014-06-19,200.5
2014-06-20,173.78125
2014-06-21,157.625
2014-06-22,154.96875
2014-06-23,177.9375
2014-06-24,244.4375
2014-06-25,246.75
2014-06-26,185.375
2014-06-27,161.90625
2014-06-28,153.90625
2014-06-29,206.75
2014-06-30,613.375
2014-07-01,698.59375
2014-07-02,350.9375
2014-07-03,270.0
2014-07-04,257.0625
2014-07-05,411.71875
2014-07-06,486.375
2014-07-07,321.70312
2014-07-08,224.6875
2014-07-09,239.09375
2014-07-10,290.71875
2014-07-11,275.70312
2014-07-12,218.57812
2014-07-13,338.57812
2014-07-14,515.40625
2014-07-15,482.8125
2014-07-16,495.5
2014-07-17,354.875
2014-07-18,271.40625
2014-07-19,244.54688
2014-07-20,252.15625
2014-07-21,258.59375
2014-07-22,323.28125
2014-07-23,877.4531
2014-07-24,1237.6406
2014-07-25,801.625
2014-07-26,368.10938
2014-07-27,375.46875
2014-07-28,509.35938
2014-07-29,774.46875
2014-07-30,1149.75
2014-07-31,964.15625
2014-08-01,1080.5156
2014-08-02,2021.0625
2014-08-03,1431.875
2014-08-04,536.1875
2014-08-05,422.64062
2014-08-06,586.9219
2014-08-07,539.8594
2014-08-08,283.04688
2014-08-09,206.875
2014-08-10,182.5
2014-08-11,170.40625
2014-08-12,163.09375
2014-08-13,158.53125
2014-08-14,155.40625
2014-08-15,155.40625
2014-08-16,173.5625
2014-08-17,207.9375
2014-08-18,193.20312
2014-08-19,162.75
2014-08-20,159.45312
2014-08-21,338.90625
2014-08-22,641.6719
2014-08-23,543.0625
2014-08-24,482.75
2014-08-25,516.5156
2014-08-26,461.125
2014-08-27,567.03125
2014-08-28,785.71875
2014-08-29,688.1406
2014-08-30,585.46875
2014-08-31,876.1719
2014-09-01,1896.7969
2014-09-02,2007.8438
2014-09-03,1193.1562
2014-09-04,823.625
2014-09-05,703.0
2014-09-06,499.625
2014-09-07,289.09375
2014-09-08,225.21875
2014-09-09,248.60938
2014-09-10,341.54688
2014-09-11,372.125
2014-09-12,412.45312
2014-09-13,271.625
2014-09-14,262.85156
2014-09-15,419.33594
2014-09-16,478.28906
2014-09-17,281.45312
2014-09-18,202.39062
2014-09-19,175.78125
2014-09-20,163.91406
2014-09-21,160.15625
2014-09-22,165.0
2014-09-23,600.08594
2014-09-24,2054.414
2014-09-25,1949.4453
2014-09-26,1076.1484
2014-09-27,650.03125
2014-09-28,442.77344
2014-09-29,282.91406
2014-09-30,230.82031
2014-10-01,209.05469
2014-10-02,192.84375
2014-10-03,180.72656
2014-10-04,172.76562
2014-10-05,171.19531
2014-10-06,229.17188
2014-10-07,365.1875
2014-10-08,638.58594
2014-10-09,618.77344
2014-10-10,280.20312
2014-10-11,206.57812
2014-10-12,218.67188
2014-10-13,424.9453
2014-10-14,554.6797
2014-10-15,408.1953
2014-10-16,261.71094
2014-10-17,202.45312
2014-10-18,254.48438
2014-10-19,570.0703
2014-10-20,594.1406
2014-10-21,300.10938
2014-10-22,233.96094
2014-10-23,284.15625
2014-10-24,465.97656
2014-10-25,891.66406
2014-10-26,2231.1875
2014-10-27,2319.5547
2014-10-28,1179.6094
2014-10-29,603.9844
2014-10-30,395.10156
2014-10-31,283.92188
2014-11-01,293.9922
2014-11-02,297.41406
2014-11-03,218.625
2014-11-04,239.29688
2014-11-05,277.76562
2014-11-06,198.3125
2014-11-07,172.77344
2014-11-08,165.28906
2014-11-09,161.24219
2014-11-10,158.97656
2014-11-11,157.57812
2014-11-12,161.03906
2014-11-13,336.76562
2014-11-14,1175.0781
2014-11-15,1400.0
2014-11-16,997.71875
2014-11-17,731.9844
2014-11-18,613.5
2014-11-19,591.09375
2014-11-20,606.3594
2014-11-21,542.8125
2014-11-22,360.6875
2014-11-23,228.64062
2014-11-24,188.60938
2014-11-25,175.65625
2014-11-26,184.0
2014-11-27,201.82812
2014-11-28,168.375
2014-11-29,158.60938
2014-11-30,213.01562
2014-12-01,598.375
2014-12-02,1425.6562
2014-12-03,1532.3438
2014-12-04,873.1875
2014-12-05,496.15625
2014-12-06,573.4219
2014-12-07,610.125
2014-12-08,949.0
2014-12-09,1313.5938
2014-12-10,1001.40625
2014-12-11,562.75
2014-12-12,606.46875
2014-12-13,1171.5625
2014-12-14,1107.8438
2014-12-15,697.9375
2014-12-16,737.875
2014-12-17,1475.3906
2014-12-18,1239.1875
2014-12-19,552.3906
2014-12-20,343.84375
2014-12-21,377.85938
2014-12-22,1070.4844
2014-12-23,1172.2969
2014-12-24,573.0469
2014-12-25,355.5
2014-12-26,622.15625
2014-12-27,835.0156
2014-12-28,1030.2031
2014-12-29,1629.2344
2014-12-30,1104.4219
2014-12-31,427.1875
2015-01-01,287.51562
2015-01-02,294.42188
2015-01-03,457.14062
2015-01-04,553.59375
2015-01-05,333.60938
2015-01-06,219.78125
2015-01-07,224.20312
2015-01-08,651.1094
2015-01-09,1432.9375
2015-01-10,1622.7656
2015-01-11,1451.2656
2015-01-12,889.3281
2015-01-13,423.0625
2015-01-14,289.35938
2015-01-15,235.42188
2015-01-16,212.48438
2015-01-17,210.45312
2015-01-18,441.39062
2015-01-19,819.40625
2015-01-20,623.2344
2015-01-21,306.0
2015-01-22,216.34375
2015-01-23,192.45312
2015-01-24,181.89062
2015-01-25,174.73438
2015-01-26,169.5625
2015-01-27,165.75
2015-01-28,162.71875
2015-01-29,160.1875
2015-01-30,158.1875
2015-01-31,157.3125
2015-02-01,174.09375
2015-02-02,310.78125
2015-02-03,463.375
2015-02-04,352.0625
2015-02-05,212.5
2015-02-06,215.75
2015-02-07,285.875
2015-02-08,273.1875
2015-02-09,245.09375
2015-02-10,289.28125
2015-02-11,218.625
2015-02-12,172.4375
2015-02-13,158.375
2015-02-14,154.9375
2015-02-15,153.34375
2015-02-16,152.15625
2015-02-17,151.375
2015-02-18,150.75
2015-02-19,150.59375
2015-02-20,151.65625
2015-02-21,192.90625
2015-02-22,459.71875
2015-02-23,712.5
2015-02-24,573.9375
2015-02-25,274.28125
2015-02-26,201.375
2015-02-27,185.25
2015-02-28,188.34375
2015-03-01,172.3125
2015-03-02,161.875
2015-03-03,157.75
2015-03-04,155.21875
2015-03-05,153.46875
2015-03-06,151.8125
2015-03-07,150.5
2015-03-08,149.53125
2015-03-09,148.625
2015-03-10,147.75
2015-03-11,147.1875
2015-03-12,146.65625
2015-03-13,146.125
2015-03-14,145.9375
2015-03-15,159.96875
2015-03-16,195.53125
2015-03-17,186.34375
2015-03-18,177.09375
2015-03-19,164.46875
2015-03-20,154.75
2015-03-21,152.6875
2015-03-22,152.34375
2015-03-23,152.03125
2015-03-24,154.71875
2015-03-25,230.65625
2015-03-26,492.1875
2015-03-27,552.8125
2015-03-28,408.375
2015-03-29,285.53125
2015-03-30,207.4375
2015-03-31,296.6875
2015-04-01,392.96875
2015-04-02,228.09375
2015-04-03,178.9375
2015-04-04,181.65625
2015-04-05,205.90625
2015-04-06,280.53125
2015-04-07,239.84375
2015-04-08,178.46875
2015-04-09,156.3125
2015-04-10,151.59375
2015-04-11,151.34375
2015-04-12,298.9375
2015-04-13,950.71875
2015-04-14,846.90625
2015-04-15,341.28125
2015-04-16,241.5
2015-04-17,209.1875
2015-04-18,190.71875
2015-04-19,178.28125
2015-04-20,169.40625
2015-04-21,164.1875
2015-04-22,177.84375
2015-04-23,223.15625
2015-04-24,223.90625
2015-04-25,186.34375
2015-04-26,169.75
2015-04-27,174.90625
2015-04-28,159.0625
2015-04-29,157.4375
2015-04-30,197.65625
2015-05-01,263.15625
2015-05-02,297.3125
2015-05-03,277.0
2015-05-04,214.78125
2015-05-05,220.0
2015-05-06,216.375
2015-05-07,204.375
2015-05-08,180.6875
2015-05-09,189.96875
2015-05-10,199.03125
2015-05-11,315.28125
2015-05-12,427.3125
2015-05-13,524.78125
2015-05-14,520.875
2015-05-15,340.875
2015-05-16,260.375
2015-05-17,255.71875
2015-05-18,256.71875
2015-05-19,255.03125
2015-05-20,317.09375
2015-05-21,218.40625
2015-05-22,169.46875
2015-05-23,158.46875
2015-05-24,153.75
2015-05-25,149.59375
2015-05-26,162.34375
2015-05-27,214.21875
2015-05-28,196.09375
2015-05-29,162.3125
2015-05-30,146.8125
2015-05-31,143.71875
2015-06-01,143.0
2015-06-02,142.5
2015-06-03,147.75
2015-06-04,169.0
2015-06-05,168.53125
2015-06-06,171.8125
2015-06-07,202.28125
2015-06-08,286.0625
2015-06-09,253.03125
2015-06-10,174.4375
2015-06-11,149.5
2015-06-12,166.78125
2015-06-13,253.53125
2015-06-14,287.78125
2015-06-15,314.1875
2015-06-16,413.71875
2015-06-17,592.71875
2015-06-18,584.0625
2015-06-19,445.375
2015-06-20,363.0625
2015-06-21,433.1875
2015-06-22,749.375
2015-06-23,1080.0312
2015-06-24,846.90625
2015-06-25,465.4375
2015-06-26,277.78125
2015-06-27,208.25
2015-06-28,180.78125
2015-06-29,169.28125
2015-06-30,162.21875
2015-07-01,156.71875
2015-07-02,152.59375
2015-07-03,149.625
2015-07-04,147.4375
2015-07-05,146.71875
2015-07-06,153.25
2015-07-07,433.0625
2015-07-08,1135.9688
2015-07-09,1127.9688
2015-07-10,724.9531
2015-07-11,403.79688
2015-07-12,279.84375
2015-07-13,279.5
2015-07-14,470.95312
2015-07-15,818.6094
2015-07-16,697.5156
2015-07-17,329.48438
2015-07-18,248.60938
2015-07-19,299.1875
2015-07-20,341.34375
2015-07-21,324.85938
2015-07-22,214.8125
2015-07-23,169.82812
2015-07-24,162.28125
2015-07-25,160.03125
2015-07-26,155.21875
2015-07-27,178.39062
2015-07-28,254.53125
2015-07-29,236.09375
2015-07-30,257.29688
2015-07-31,222.0
2015-08-01,196.46875
2015-08-02,251.6875
2015-08-03,466.875
2015-08-04,737.9531
2015-08-05,830.5469
2015-08-06,649.0469
2015-08-07,611.03125
2015-08-08,537.6406
2015-08-09,374.84375
2015-08-10,320.875
2015-08-11,317.29688
2015-08-12,414.1875
2015-08-13,463.92188
2015-08-14,307.48438
2015-08-15,204.0625
2015-08-16,172.29688
2015-08-17,176.76562
2015-08-18,165.5625
2015-08-19,160.35938
2015-08-20,160.78125
2015-08-21,215.625
2015-08-22,291.90625
2015-08-23,195.57812
2015-08-24,164.90625
2015-08-25,176.5625
2015-08-26,245.46875
2015-08-27,361.59375
2015-08-28,403.5625
2015-08-29,246.98438
2015-08-30,184.1875
2015-08-31,176.03125
2015-09-01,190.65625
2015-09-02,174.98438
2015-09-03,217.26562
2015-09-04,266.60938
2015-09-05,211.53125
2015-09-06,217.89062
2015-09-07,200.23438
2015-09-08,168.78125
2015-09-09,160.82812
2015-09-10,166.05469
2015-09-11,272.17188
2015-09-12,460.1875
2015-09-13,757.9844
2015-09-14,3864.75
2015-09-15,5827.617
2015-09-16,2676.0703
2015-09-17,869.7031
2015-09-18,690.5469
2015-09-19,515.64844
2015-09-20,410.3125
2015-09-21,275.77344
2015-09-22,225.28906
2015-09-23,221.14062
2015-09-24,266.0703
2015-09-25,246.76562
2015-09-26,192.53125
2015-09-27,187.53906
2015-09-28,213.89844
2015-09-29,176.45312
2015-09-30,173.78906
2015-10-01,246.73438
2015-10-02,369.9375
2015-10-03,612.33594
2015-10-04,1982.6172
2015-10-05,4079.5312
2015-10-06,2524.3281
2015-10-07,1054.1875
2015-10-08,782.35156
2015-10-09,701.1719
2015-10-10,932.89844
2015-10-11,3882.2656
2015-10-12,6594.1953
2015-10-13,5364.8516
2015-10-14,2373.2812
2015-10-15,1738.25
2015-10-16,1908.7031
2015-10-17,1141.8594
2015-10-18,444.64062
2015-10-19,313.1328
2015-10-20,260.54688
2015-10-21,227.90625
2015-10-22,206.23438
2015-10-23,191.32031
2015-10-24,180.86719
2015-10-25,173.11719
2015-10-26,167.72656
2015-10-27,180.80469
2015-10-28,228.52344
2015-10-29,184.5
2015-10-30,158.14844
2015-10-31,154.73438
2015-11-01,239.35156
2015-11-02,777.33594
2015-11-03,1228.2188
2015-11-04,1017.0078
2015-11-05,1439.6406
2015-11-06,3267.8281
2015-11-07,2084.2969
2015-11-08,670.8828
2015-11-09,399.95312
2015-11-10,300.10938
2015-11-11,248.1875
2015-11-12,218.21094
2015-11-13,200.19531
2015-11-14,209.67969
2015-11-15,233.54688
2015-11-16,185.22656
2015-11-17,168.66406
2015-11-18,162.60938
2015-11-19,158.66406
2015-11-20,156.21094
2015-11-21,155.53906
2015-11-22,156.17969
2015-11-23,155.21094
2015-11-24,159.42969
2015-11-25,188.86719
2015-11-26,347.53125
2015-11-27,793.125
2015-11-28,997.4375
2015-11-29,705.64844
2015-11-30,416.9453
2015-12-01,296.39844
2015-12-02,222.76562
2015-12-03,183.75781
2015-12-04,164.34375
2015-12-05,154.45312
2015-12-06,190.47656
2015-12-07,546.4297
2015-12-08,753.4531
2015-12-09,618.0469
2015-12-10,444.9375
2015-12-11,235.82031
2015-12-12,182.78906
2015-12-13,166.17188
2015-12-14,163.11719
2015-12-15,170.83594
2015-12-16,502.28906
2015-12-17,1603.5781
2015-12-18,1293.9453
2015-12-19,653.6719
2015-12-20,880.21094
2015-12-21,1210.7188
2015-12-22,861.91406
2015-12-23,426.83594
2015-12-24,262.01562
2015-12-25,213.9375
2015-12-26,194.05469
2015-12-27,182.14844
2015-12-28,188.46094
2015-12-29,231.39844
2015-12-30,267.65625
2015-12-31,406.71094
2016-01-01,768.1953
2016-01-02,747.08594
2016-01-03,442.47656
2016-01-04,285.23438
2016-01-05,204.88281
2016-01-06,181.01562
2016-01-07,177.74219
2016-01-08,176.28125
2016-01-09,180.65625
2016-01-10,180.625
2016-01-11,176.6875
2016-01-12,258.67188
2016-01-13,403.45312
2016-01-14,342.20312
2016-01-15,218.17188
2016-01-16,170.71875
2016-01-17,241.26562
2016-01-18,609.25
2016-01-19,643.53125
2016-01-20,384.09375
2016-01-21,231.23438
2016-01-22,185.26562
2016-01-23,272.98438
2016-01-24,995.3125
2016-01-25,1259.3438
2016-01-26,871.90625
2016-01-27,498.3125
2016-01-28,303.5625
2016-01-29,221.625
2016-01-30,195.65625
2016-01-31,187.71875
2016-02-01,177.78125
2016-02-02,179.6875
2016-02-03,210.5625
2016-02-04,186.76562
2016-02-05,307.3125
2016-02-06,732.3125
2016-02-07,752.7344
2016-02-08,470.60938
2016-02-09,252.70312
2016-02-10,196.59375
2016-02-11,181.57812
2016-02-12,170.76562
2016-02-13,164.10938
2016-02-14,159.48438
2016-02-15,156.76562
2016-02-16,164.82812
2016-02-17,205.76562
2016-02-18,200.53125
2016-02-19,177.07812
2016-02-20,158.65625
2016-02-21,166.70312
2016-02-22,194.5625
2016-02-23,163.82812
2016-02-24,219.03125
2016-02-25,1046.8281
2016-02-26,1529.2031
2016-02-27,954.2969
2016-02-28,455.78125
2016-02-29,299.01562
2016-03-01,262.45312
2016-03-02,208.875
2016-03-03,189.21875
2016-03-04,187.65625
2016-03-05,172.5625
2016-03-06,162.3125
2016-03-07,157.67188
2016-03-08,154.34375
2016-03-09,151.67188
2016-03-10,150.01562
2016-03-11,154.40625
2016-03-12,172.23438
2016-03-13,168.51562
2016-03-14,157.5
2016-03-15,155.71875
2016-03-16,154.59375
2016-03-17,153.3125
2016-03-18,152.34375
2016-03-19,151.6875
2016-03-20,151.1875
2016-03-21,150.59375
2016-03-22,150.03125
2016-03-23,149.53125
2016-03-24,145.15625
2016-03-25,160.15625
2016-03-26,229.03125
2016-03-27,231.65625
2016-03-28,181.3125
2016-03-29,169.84375
2016-03-30,152.3125
2016-03-31,141.90625
2016-04-01,139.84375
2016-04-02,139.0
2016-04-03,139.03125
2016-04-04,142.375
2016-04-05,151.84375
2016-04-06,160.71875
2016-04-07,184.25
2016-04-08,157.71875
2016-04-09,141.5625
2016-04-10,142.78125
2016-04-11,145.75
2016-04-12,139.625
2016-04-13,136.40625
2016-04-14,135.65625
2016-04-15,135.28125
2016-04-16,134.96875
2016-04-17,134.78125
2016-04-18,135.5
2016-04-19,140.53125
2016-04-20,151.6875
2016-04-21,147.53125
2016-04-22,143.28125
2016-04-23,136.75
2016-04-24,134.09375
2016-04-25,133.75
2016-04-26,133.875
2016-04-27,135.8125
2016-04-28,147.8125
2016-04-29,161.28125
2016-04-30,152.03125
2016-05-01,162.375
2016-05-02,218.78125
2016-05-03,208.09375
2016-05-04,235.28125
2016-05-05,262.1875
2016-05-06,290.9375
2016-05-07,258.40625
2016-05-08,213.9375
2016-05-09,168.71875
2016-05-10,170.59375
2016-05-11,156.8125
2016-05-12,169.96875
2016-05-13,194.375
2016-05-14,219.28125
2016-05-15,255.15625
2016-05-16,188.75
2016-05-17,178.5625
2016-05-18,170.90625
2016-05-19,207.625
2016-05-20,262.84375
2016-05-21,282.78125
2016-05-22,253.0
2016-05-23,527.46875
2016-05-24,932.84375
2016-05-25,962.625
2016-05-26,836.15625
2016-05-27,592.46875
2016-05-28,362.21875
2016-05-29,323.875
2016-05-30,333.5
2016-05-31,323.40625
2016-06-01,221.9375
2016-06-02,190.5625
2016-06-03,169.53125
2016-06-04,170.78125
2016-06-05,315.0625
2016-06-06,523.5
2016-06-07,436.9375
2016-06-08,277.3125
2016-06-09,243.34375
2016-06-10,192.09375
2016-06-11,162.03125
2016-06-12,152.625
2016-06-13,161.4375
2016-06-14,153.9375
2016-06-15,143.375
2016-06-16,159.89062
2016-06-17,355.71875
2016-06-18,518.625
2016-06-19,402.01562
2016-06-20,315.625
2016-06-21,216.32812
2016-06-22,323.25
2016-06-23,637.4531
2016-06-24,777.25
2016-06-25,600.875
2016-06-26,545.7344
2016-06-27,1050.9531
2016-06-28,1137.9062
2016-06-29,820.4375
2016-06-30,552.84375
2016-07-01,387.76562
2016-07-02,273.0
2016-07-03,228.375
2016-07-04,208.15625
2016-07-05,264.79688
2016-07-06,730.5469
2016-07-07,733.5469
2016-07-08,536.09375
2016-07-09,508.5
2016-07-10,295.42188
2016-07-11,212.85938
2016-07-12,181.53125
2016-07-13,183.60938
2016-07-14,216.1875
2016-07-15,197.70312
2016-07-16,167.20312
2016-07-17,156.78125
2016-07-18,160.875
2016-07-19,179.54688
2016-07-20,198.53125
2016-07-21,205.65625
2016-07-22,264.8125
2016-07-23,350.67188
2016-07-24,302.20312
2016-07-25,351.625
2016-07-26,295.875
2016-07-27,239.875
2016-07-28,194.32812
2016-07-29,275.59375
2016-07-30,422.98438
2016-07-31,419.54688
2016-08-01,284.25
2016-08-02,190.17188
2016-08-03,178.78125
2016-08-04,368.51562
2016-08-05,531.34375
2016-08-06,388.23438
2016-08-07,308.57812
2016-08-08,258.51562
2016-08-09,184.32812
2016-08-10,157.5
2016-08-11,155.0
2016-08-12,155.9375
2016-08-13,157.5
2016-08-14,154.01562
2016-08-15,153.71875
2016-08-16,163.6875
2016-08-17,172.95312
2016-08-18,168.15625
2016-08-19,178.79688
2016-08-20,189.17188
2016-08-21,166.28125
2016-08-22,177.79688
2016-08-23,300.79688
2016-08-24,537.27344
2016-08-25,696.8125
2016-08-26,885.97656
2016-08-27,879.40625
2016-08-28,701.72656
2016-08-29,556.96094
2016-08-30,643.8047
2016-08-31,640.78906
2016-09-01,403.1797
2016-09-02,238.63281
2016-09-03,197.76562
2016-09-04,202.85156
2016-09-05,191.85938
2016-09-06,269.4922
2016-09-07,458.3828
2016-09-08,599.8594
2016-09-09,663.7031
2016-09-10,515.6328
2016-09-11,330.01562
2016-09-12,1997.3516
2016-09-13,4407.1953
2016-09-14,2416.7188
2016-09-15,833.1172
2016-09-16,517.75
2016-09-17,390.34375
2016-09-18,294.77344
2016-09-19,255.51562
2016-09-20,324.1797
2016-09-21,498.3203
2016-09-22,517.1797
2016-09-23,459.51562
2016-09-24,536.8828
2016-09-25,661.7656
2016-09-26,546.96875
2016-09-27,330.1328
2016-09-28,270.0547
2016-09-29,246.67188
2016-09-30,370.8203
2016-10-01,401.23438
2016-10-02,251.55469
2016-10-03,188.80469
2016-10-04,276.65625
2016-10-05,578.9375
2016-10-06,777.5469
2016-10-07,824.9922
2016-10-08,599.5
2016-10-09,358.3672
2016-10-10,232.32031
2016-10-11,290.85938
2016-10-12,933.66406
2016-10-13,915.4531
2016-10-14,606.85156
2016-10-15,1079.9297
2016-10-16,1946.6172
2016-10-17,1539.0469
2016-10-18,755.2969
2016-10-19,351.6172
2016-10-20,258.6172
2016-10-21,224.3125
2016-10-22,201.76562
2016-10-23,186.96094
2016-10-24,186.46094
2016-10-25,243.5625
2016-10-26,362.66406
2016-10-27,311.01562
2016-10-28,199.90625
2016-10-29,166.625
2016-10-30,230.75
2016-10-31,751.28125
2016-11-01,1938.5703
2016-11-02,3897.5625
2016-11-03,4716.953
2016-11-04,3169.0547
2016-11-05,1479.2422
2016-11-06,598.33594
2016-11-07,442.85156
2016-11-08,596.03125
2016-11-09,582.3203
2016-11-10,440.96094
2016-11-11,981.8281
2016-11-12,1150.3516
2016-11-13,620.21094
2016-11-14,297.7422
2016-11-15,227.02344
2016-11-16,203.28125
2016-11-17,213.75781
2016-11-18,382.0547
2016-11-19,446.20312
2016-11-20,270.57812
2016-11-21,377.76562
2016-11-22,442.25
2016-11-23,374.29688
2016-11-24,480.82812
2016-11-25,465.57812
2016-11-26,386.26562
2016-11-27,609.375
2016-11-28,627.2344
2016-11-29,501.34375
2016-11-30,1982.6719
2016-12-01,3074.75
2016-12-02,2154.4375
2016-12-03,2224.4062
2016-12-04,2148.6875
2016-12-05,2098.9688
2016-12-06,2329.9844
2016-12-07,2671.2656
2016-12-08,2335.4688
2016-12-09,1264.875
2016-12-10,524.96875
2016-12-11,321.14062
2016-12-12,387.73438
2016-12-13,924.9375
2016-12-14,3967.6875
2016-12-15,10787.828
2016-12-16,12594.703
2016-12-17,5812.297
2016-12-18,1846.5156
2016-12-19,838.96875
2016-12-20,553.4375
2016-12-21,388.48438
2016-12-22,303.90625
2016-12-23,450.64062
2016-12-24,840.2344
2016-12-25,778.46875
2016-12-26,443.29688
2016-12-27,320.60938
2016-12-28,862.3906
2016-12-29,851.90625
2016-12-30,372.75
2016-12-31,723.46875
2017-01-01,2458.1094
2017-01-02,2014.2656
2017-01-03,1177.4531
2017-01-04,754.34375
2017-01-05,417.70312
2017-01-06,323.34375
2017-01-07,245.28125
2017-01-08,209.1875
2017-01-09,195.07812
2017-01-10,192.6875
2017-01-11,194.28125
2017-01-12,187.75
2017-01-13,172.5
2017-01-14,167.84375
2017-01-15,225.78125
2017-01-16,513.03125
2017-01-17,485.28125
2017-01-18,271.1875
2017-01-19,199.375
2017-01-20,180.09375
2017-01-21,285.84375
2017-01-22,634.6875
2017-01-23,707.09375
2017-01-24,593.9375
2017-01-25,782.0625
2017-01-26,1433.4375
2017-01-27,1144.75
2017-01-28,509.03125
2017-01-29,282.75
2017-01-30,226.5625
2017-01-31,206.28125
2017-02-01,287.34375
2017-02-02,1078.5312
2017-02-03,1556.0625
2017-02-04,1081.375
2017-02-05,561.53125
2017-02-06,321.125
2017-02-07,238.71875
2017-02-08,208.5625
2017-02-09,236.90625
2017-02-10,714.0625
2017-02-11,1176.375
2017-02-12,1049.75
2017-02-13,744.09375
2017-02-14,436.59375
2017-02-15,337.25
2017-02-16,344.75
2017-02-17,254.09375
2017-02-18,198.96875
2017-02-19,180.84375
2017-02-20,173.625
2017-02-21,168.21875
2017-02-22,164.5
2017-02-23,172.8125
2017-02-24,358.71875
2017-02-25,587.6875
2017-02-26,421.25
2017-02-27,332.84375
2017-02-28,418.125
2017-03-01,394.15625
2017-03-02,248.5625
2017-03-03,196.59375
2017-03-04,183.4375
2017-03-05,169.9375
2017-03-06,163.15625
2017-03-07,160.03125
2017-03-08,158.59375
2017-03-09,173.1875
2017-03-10,198.71875
2017-03-11,165.09375
2017-03-12,154.3125
2017-03-13,152.75
2017-03-14,154.0
2017-03-15,179.4375
2017-03-16,202.78125
2017-03-17,174.5
2017-03-18,236.40625
2017-03-19,385.6875
2017-03-20,459.21875
2017-03-21,466.84375
2017-03-22,273.9375
2017-03-23,244.625
2017-03-24,299.4375
2017-03-25,394.375
2017-03-26,498.03125
2017-03-27,800.4375
2017-03-28,877.375
2017-03-29,576.96875
2017-03-30,399.28125
2017-03-31,1112.5938
2017-04-01,2738.7188
2017-04-02,1691.1875
2017-04-03,554.53125
2017-04-04,438.375
2017-04-05,527.28125
2017-04-06,1754.0625
2017-04-07,1518.1562
2017-04-08,756.59375
2017-04-09,486.40625
2017-04-10,304.3125
2017-04-11,272.5625
2017-04-12,388.25
2017-04-13,1455.0938
2017-04-14,1830.9375
2017-04-15,1076.2812
2017-04-16,434.8125
2017-04-17,287.15625
2017-04-18,238.28125
2017-04-19,212.25
2017-04-20,195.28125
2017-04-21,185.21875
2017-04-22,182.90625
2017-04-23,209.375
2017-04-24,378.9375
2017-04-25,603.09375
2017-04-26,702.21875
2017-04-27,525.6875
2017-04-28,537.40625
2017-04-29,715.0625
2017-04-30,562.53125
2017-05-01,348.46875
2017-05-02,298.59375
2017-05-03,232.96875
2017-05-04,205.53125
2017-05-05,289.25
2017-05-06,368.9375
2017-05-07,269.84375
2017-05-08,213.59375
2017-05-09,302.3125
2017-05-10,450.78125
2017-05-11,332.03125
2017-05-12,223.90625
2017-05-13,341.59375
2017-05-14,903.125
2017-05-15,1280.1875
2017-05-16,1558.5938
2017-05-17,1283.1875
2017-05-18,1035.0938
2017-05-19,867.4375
2017-05-20,854.84375
2017-05-21,986.4375
2017-05-22,625.28125
2017-05-23,401.59375
2017-05-24,617.78125
2017-05-25,963.90625
2017-05-26,1354.625
2017-05-27,1043.7188
2017-05-28,624.03125
2017-05-29,987.5
2017-05-30,1044.4062
2017-05-31,708.65625
2017-06-01,507.125
2017-06-02,285.9375
2017-06-03,217.84375
2017-06-04,196.28125
2017-06-05,184.71875
2017-06-06,178.3125
2017-06-07,343.8125
2017-06-08,1256.5938
2017-06-09,1576.0312
2017-06-10,1050.1875
2017-06-11,624.21875
2017-06-12,446.5625
2017-06-13,313.09375
2017-06-14,248.5
2017-06-15,264.875
2017-06-16,285.65625
2017-06-17,214.96875
2017-06-18,192.9375
2017-06-19,302.0625
2017-06-20,436.625
2017-06-21,351.82812
2017-06-22,272.32812
2017-06-23,278.28125
2017-06-24,347.46875
2017-06-25,536.5469
2017-06-26,520.53125
2017-06-27,319.71875
2017-06-28,253.32812
2017-06-29,396.8125
2017-06-30,526.03125
2017-07-01,440.03125
2017-07-02,357.375
2017-07-03,235.5625
2017-07-04,244.28125
2017-07-05,335.21875
2017-07-06,332.03125
2017-07-07,339.125
2017-07-08,271.67188
2017-07-09,207.625
2017-07-10,201.67188
2017-07-11,413.85938
2017-07-12,765.6094
2017-07-13,1028.125
2017-07-14,813.125
2017-07-15,496.34375
2017-07-16,852.28125
2017-07-17,1101.1875
2017-07-18,743.3281
2017-07-19,756.46875
2017-07-20,839.3125
2017-07-21,609.5156
2017-07-22,686.2344
2017-07-23,688.6094
2017-07-24,539.4219
2017-07-25,880.6875
2017-07-26,2404.7031
2017-07-27,2529.6719
2017-07-28,1491.1406
2017-07-29,788.53125
2017-07-30,442.0
2017-07-31,304.76562
2017-08-01,250.28125
2017-08-02,221.26562
2017-08-03,202.90625
2017-08-04,191.79688
2017-08-05,187.03125
2017-08-06,185.17188
2017-08-07,241.95312
2017-08-08,356.78125
2017-08-09,299.0625
2017-08-10,211.79688
2017-08-11,186.03125
2017-08-12,172.21875
2017-08-13,163.60938
2017-08-14,160.70312
2017-08-15,168.20312
2017-08-16,223.09375
2017-08-17,417.1875
2017-08-18,735.5156
2017-08-19,732.2656
2017-08-20,483.6797
2017-08-21,290.72656
2017-08-22,238.0
2017-08-23,211.92969
2017-08-24,179.78906
2017-08-25,176.0
2017-08-26,335.8203
2017-08-27,999.1875
2017-08-28,951.2344
2017-08-29,499.25
2017-08-30,365.39062
2017-08-31,432.85938
2017-09-01,574.35156
2017-09-02,419.72656
2017-09-03,269.91406
2017-09-04,212.29688
2017-09-05,206.82812
2017-09-06,333.5625
2017-09-07,475.0625
2017-09-08,418.89844
2017-09-09,309.7578
2017-09-10,233.95312
2017-09-11,230.46875
2017-09-12,210.38281
2017-09-13,178.96094
2017-09-14,383.1328
2017-09-15,1312.1406
2017-09-16,1045.5781
2017-09-17,408.9375
2017-09-18,361.10938
2017-09-19,326.17188
2017-09-20,251.5
2017-09-21,210.5625
2017-09-22,191.60938
2017-09-23,215.27344
2017-09-24,359.6328
2017-09-25,408.4297
2017-09-26,318.01562
2017-09-27,297.1875
2017-09-28,213.24219
2017-09-29,202.57812
2017-09-30,278.0078
2017-10-01,479.90625
2017-10-02,490.3047
2017-10-03,575.64844
2017-10-04,737.02344
2017-10-05,728.3828
2017-10-06,633.8047
2017-10-07,684.33594
2017-10-08,851.28125
2017-10-09,1924.0781
2017-10-10,2403.8203
2017-10-11,1401.2578
2017-10-12,671.3906
2017-10-13,530.2969
2017-10-14,447.27344
2017-10-15,328.96094
2017-10-16,240.35938
2017-10-17,208.49219
2017-10-18,198.53125
2017-10-19,276.0
2017-10-20,491.8047
2017-10-21,447.54688
2017-10-22,246.07031
2017-10-23,202.77344
2017-10-24,374.8203
2017-10-25,736.22656
2017-10-26,664.3281
2017-10-27,401.77344
2017-10-28,300.22656
2017-10-29,230.51562
2017-10-30,421.8203
2017-10-31,2166.7344
2017-11-01,3721.6797
2017-11-02,2328.9297
2017-11-03,1682.4609
2017-11-04,6637.211
2017-11-05,11951.5
2017-11-06,8927.758
2017-11-07,6067.039
2017-11-08,2833.3906
2017-11-09,1598.0625
2017-11-10,1446.7266
2017-11-11,1050.9141
2017-11-12,694.1328
2017-11-13,449.91406
2017-11-14,291.77344
2017-11-15,246.64062
2017-11-16,268.54688
2017-11-17,300.85156
2017-11-18,219.84375
2017-11-19,381.1953
2017-11-20,1635.0234
2017-11-21,1650.2031
2017-11-22,2576.7188
2017-11-23,5714.4688
2017-11-24,4874.828
2017-11-25,2210.5938
2017-11-26,1062.75
2017-11-27,1225.2344
2017-11-28,1281.3281
2017-11-29,986.09375
2017-11-30,683.0
2017-12-01,742.625
2017-12-02,2259.0625
2017-12-03,4547.8594
2017-12-04,3701.7344
2017-12-05,2199.2031
2017-12-06,1448.1719
2017-12-07,807.6719
2017-12-08,456.42188
2017-12-09,563.46875
2017-12-10,538.5781
2017-12-11,297.125
2017-12-12,217.79688
2017-12-13,195.26562
2017-12-14,189.875
2017-12-15,187.76562
2017-12-16,300.9375
2017-12-17,1167.4062
2017-12-18,1173.4688
2017-12-19,582.7031
2017-12-20,343.6875
2017-12-21,247.92188
2017-12-22,217.4375
2017-12-23,203.23438
2017-12-24,238.85938
2017-12-25,499.82812
2017-12-26,648.40625
2017-12-27,952.1094
2017-12-28,1526.3281
2017-12-29,1160.4844
2017-12-30,940.78125
2017-12-31,843.75
2018-01-01,632.84375
2018-01-02,497.9375
2018-01-03,324.60938
2018-01-04,334.375
2018-01-05,379.67188
2018-01-06,309.98438
2018-01-07,220.84375
2018-01-08,199.3125
2018-01-09,271.48438
2018-01-10,337.4375
2018-01-11,251.46875
2018-01-12,479.71875
2018-01-13,975.65625
2018-01-14,1036.5156
2018-01-15,763.03125
2018-01-16,532.6875
2018-01-17,312.21875
2018-01-18,226.67188
2018-01-19,202.25
2018-01-20,194.3125
2018-01-21,197.98438
2018-01-22,202.09375
2018-01-23,184.875
2018-01-24,186.29688
2018-01-25,211.89062
2018-01-26,196.79688
2018-01-27,183.625
2018-01-28,192.1875
2018-01-29,206.1875
2018-01-30,232.40625
2018-01-31,276.25
2018-02-01,205.375
2018-02-02,194.75
2018-02-03,202.21875
2018-02-04,256.21875
2018-02-05,207.375
2018-02-06,212.78125
2018-02-07,260.6875
2018-02-08,195.875
2018-02-09,168.3125
2018-02-10,163.75
2018-02-11,167.0
2018-02-12,290.90625
2018-02-13,539.8125
2018-02-14,451.40625
2018-02-15,239.4375
2018-02-16,185.125
2018-02-17,174.71875
2018-02-18,170.53125
2018-02-19,167.75
2018-02-20,165.375
2018-02-21,163.375
2018-02-22,170.90625
2018-02-23,203.75
2018-02-24,258.53125
2018-02-25,286.25
2018-02-26,198.09375
2018-02-27,172.46875
2018-02-28,176.125
2018-03-01,164.71875
2018-03-02,160.75
2018-03-03,204.40625
2018-03-04,320.90625
2018-03-05,304.09375
2018-03-06,205.09375
2018-03-07,169.4375
2018-03-08,166.34375
2018-03-09,246.53125
2018-03-10,369.78125
2018-03-11,299.125
2018-03-12,211.96875
2018-03-13,176.75
2018-03-14,209.125
2018-03-15,664.46875
2018-03-16,940.78125
2018-03-17,601.28125
2018-03-18,340.71875
2018-03-19,246.96875
2018-03-20,234.125
2018-03-21,359.15625
2018-03-22,495.28125
2018-03-23,325.1875
2018-03-24,233.34375
2018-03-25,190.125
2018-03-26,174.78125
2018-03-27,169.5625
2018-03-28,166.34375
2018-03-29,166.53125
2018-03-30,218.53125
2018-03-31,287.1875
2018-04-01,205.875
2018-04-02,169.1875
2018-04-03,161.28125
2018-04-04,159.03125
2018-04-05,157.75
2018-04-06,157.53125
2018-04-07,294.59375
2018-04-08,975.34375
2018-04-09,892.78125
2018-04-10,385.78125
2018-04-11,252.46875
2018-04-12,213.5625
2018-04-13,196.0
2018-04-14,187.9375
2018-04-15,189.125
2018-04-16,178.9375
2018-04-17,185.375
2018-04-18,202.4375
2018-04-19,228.71875
2018-04-20,230.96875
2018-04-21,305.53125
2018-04-22,379.84375
2018-04-23,396.9375
2018-04-24,330.28125
2018-04-25,260.09375
2018-04-26,363.71875
2018-04-27,632.25
2018-04-28,634.78125
2018-04-29,409.8125
2018-04-30,631.8125
2018-05-01,1324.3438
2018-05-02,1085.625
2018-05-03,518.71875
2018-05-04,317.78125
2018-05-05,264.40625
2018-05-06,502.25
2018-05-07,808.53125
2018-05-08,607.46875
2018-05-09,300.75
2018-05-10,238.625
2018-05-11,333.0
2018-05-12,390.75
2018-05-13,256.34375
2018-05-14,201.125
2018-05-15,187.125
2018-05-16,184.5625
2018-05-17,277.90625
2018-05-18,401.875
2018-05-19,343.5
2018-05-20,329.96875
2018-05-21,307.71875
2018-05-22,224.875
2018-05-23,194.875
2018-05-24,272.25
2018-05-25,602.0625
2018-05-26,674.75
2018-05-27,310.6875
2018-05-28,228.09375
2018-05-29,236.1875
2018-05-30,255.28125
2018-05-31,309.78125
2018-06-01,279.28125
2018-06-02,201.84375
2018-06-03,225.34375
2018-06-04,546.875
2018-06-05,668.3125
2018-06-06,407.4375
2018-06-07,260.4375
2018-06-08,246.125
2018-06-09,239.03125
2018-06-10,236.21875
2018-06-11,210.59375
2018-06-12,210.6875
2018-06-13,203.4375
2018-06-14,180.25
2018-06-15,175.9375
2018-06-16,214.84375
2018-06-17,308.03125
2018-06-18,306.03125
2018-06-19,261.375
2018-06-20,220.1875
2018-06-21,181.875
2018-06-22,165.46875
2018-06-23,160.5
2018-06-24,169.5625
2018-06-25,209.125
2018-06-26,268.34375
2018-06-27,393.8125
2018-06-28,429.65625
2018-06-29,357.03125
2018-06-30,239.125
2018-07-01,182.84375
2018-07-02,168.51562
2018-07-03,172.84375
2018-07-04,165.5
2018-07-05,159.95312
2018-07-06,156.84375
2018-07-07,155.20312
2018-07-08,189.6875
2018-07-09,389.10938
2018-07-10,742.71875
2018-07-11,1322.5156
2018-07-12,1354.7344
2018-07-13,793.2344
2018-07-14,495.39062
2018-07-15,662.3594
2018-07-16,815.28125
2018-07-17,650.5
2018-07-18,584.6406
2018-07-19,732.21875
2018-07-20,574.5625
2018-07-21,339.34375
2018-07-22,293.57812
2018-07-23,373.125
2018-07-24,425.39062
2018-07-25,270.45312
2018-07-26,221.48438
2018-07-27,321.59375
2018-07-28,532.96875
2018-07-29,456.79688
2018-07-30,363.1875
2018-07-31,374.125
2018-08-01,304.67188
2018-08-02,227.95312
2018-08-03,188.96875
2018-08-04,188.60938
2018-08-05,196.65625
2018-08-06,355.4375
2018-08-07,606.59375
2018-08-08,467.79688
2018-08-09,342.375
2018-08-10,401.3125
2018-08-11,264.46875
2018-08-12,206.6875
2018-08-13,204.67188
2018-08-14,490.04688
2018-08-15,958.7656
2018-08-16,723.4531
2018-08-17,345.96875
2018-08-18,246.57812
2018-08-19,247.26562
2018-08-20,306.07812
2018-08-21,256.0625
2018-08-22,225.1875
2018-08-23,200.39062
2018-08-24,204.32812
2018-08-25,204.32812
2018-08-26,178.42188
2018-08-27,192.60938
2018-08-28,341.34375
2018-08-29,419.0625
2018-08-30,241.26562
2018-08-31,187.26562
2018-09-01,172.92188
2018-09-02,165.40625
2018-09-03,181.54688
2018-09-04,228.42188
2018-09-05,194.07812
2018-09-06,163.04688
2018-09-07,158.67188
2018-09-08,203.96875
2018-09-09,296.09375
2018-09-10,439.21875
2018-09-11,689.7656
2018-09-12,599.75
2018-09-13,560.28125
2018-09-14,554.375
2018-09-15,363.875
2018-09-16,236.57812
2018-09-17,203.25
2018-09-18,259.3125
2018-09-19,390.78125
2018-09-20,379.70312
2018-09-21,228.04688
2018-09-22,213.10938
2018-09-23,332.5547
2018-09-24,397.33594
2018-09-25,343.57812
2018-09-26,234.39062
2018-09-27,182.98438
2018-09-28,181.69531
2018-09-29,211.39062
2018-09-30,202.94531
2018-10-01,252.24219
2018-10-02,586.97656
2018-10-03,1198.4609
2018-10-04,1997.9844
2018-10-05,1434.2891
2018-10-06,609.0
2018-10-07,331.8047
2018-10-08,256.75
2018-10-09,225.0625
2018-10-10,205.71875
2018-10-11,216.625
2018-10-12,387.46875
2018-10-13,627.875
2018-10-14,621.33594
2018-10-15,396.08594
2018-10-16,230.58594
2018-10-17,188.6875
2018-10-18,187.63281
2018-10-19,200.45312
2018-10-20,200.90625
2018-10-21,217.53125
2018-10-22,186.42969
2018-10-23,167.5625
2018-10-24,164.88281
2018-10-25,161.02344
2018-10-26,157.38281
2018-10-27,158.59375
2018-10-28,216.44531
2018-10-29,331.85156
2018-10-30,286.875
2018-10-31,192.23438
2018-11-01,161.10938
2018-11-02,155.53125
2018-11-03,154.05469
2018-11-04,153.36719
2018-11-05,152.75
2018-11-06,152.47656
2018-11-07,168.85156
2018-11-08,272.46094
2018-11-09,371.9453
2018-11-10,307.72656
2018-11-11,205.60938
2018-11-12,165.48438
2018-11-13,156.53125
2018-11-14,154.39844
2018-11-15,152.96094
2018-11-16,151.82031
2018-11-17,151.14844
2018-11-18,150.91406
2018-11-19,150.67188
2018-11-20,149.96094
2018-11-21,149.19531
2018-11-22,162.92188
2018-11-23,389.78125
2018-11-24,865.375
2018-11-25,1626.0
2018-11-26,1604.6562
2018-11-27,898.65625
2018-11-28,480.03125
2018-11-29,504.07812
2018-11-30,431.09375
2018-12-01,260.59375
2018-12-02,205.85938
2018-12-03,185.15625
2018-12-04,172.32812
2018-12-05,162.5625
2018-12-06,156.26562
2018-12-07,154.96875
2018-12-08,192.23438
2018-12-09,418.9375
2018-12-10,797.7344
2018-12-11,931.28125
2018-12-12,1302.8281
2018-12-13,1962.2812
2018-12-14,2558.9062
2018-12-15,3020.8594
2018-12-16,3113.8125
2018-12-17,2184.3125
2018-12-18,1341.25
2018-12-19,726.21875
2018-12-20,362.71875
2018-12-21,274.10938
2018-12-22,236.5
2018-12-23,215.3125
2018-12-24,247.71875
2018-12-25,429.25
2018-12-26,443.71875
2018-12-27,245.82812
2018-12-28,318.17188
2018-12-29,1508.3906
2018-12-30,2836.6719
2018-12-31,2325.8438
2019-01-01,1395.0938
2019-01-02,860.5625
2019-01-03,596.96875
2019-01-04,433.78125
2019-01-05,304.40625
2019-01-06,292.34375
2019-01-07,355.125
2019-01-08,278.21875
2019-01-09,207.0
2019-01-10,183.875
2019-01-11,174.9375
2019-01-12,169.3125
2019-01-13,165.71875
2019-01-14,162.78125
2019-01-15,160.59375
2019-01-16,248.1875
2019-01-17,1226.5938
2019-01-18,2217.6562
2019-01-19,1344.3125
2019-01-20,486.5625
2019-01-21,403.03125
2019-01-22,960.40625
2019-01-23,974.46875
2019-01-24,479.25
2019-01-25,277.59375
2019-01-26,226.375
2019-01-27,277.34375
2019-01-28,349.71875
2019-01-29,227.28125
2019-01-30,185.09375
2019-01-31,175.6875
2019-02-01,170.1875
2019-02-02,165.90625
2019-02-03,162.1875
2019-02-04,159.3125
2019-02-05,157.46875
2019-02-06,155.84375
2019-02-07,154.21875
2019-02-08,152.8125
2019-02-09,151.78125
2019-02-10,150.90625
2019-02-11,150.34375
2019-02-12,150.03125
2019-02-13,149.65625
2019-02-14,148.8125
2019-02-15,147.9375
2019-02-16,147.21875
2019-02-17,146.6875
2019-02-18,146.25
2019-02-19,145.75
2019-02-20,145.25
2019-02-21,145.28125
2019-02-22,147.65625
2019-02-23,147.75
2019-02-24,145.15625
2019-02-25,144.28125
2019-02-26,143.84375
2019-02-27,143.375
2019-02-28,142.8125
2019-03-01,142.34375
2019-03-02,142.0
2019-03-03,141.625
2019-03-04,141.3125
2019-03-05,141.03125
2019-03-06,140.78125
2019-03-07,140.59375
2019-03-08,140.4375
2019-03-09,140.65625
2019-03-10,141.71875
2019-03-11,140.53125
2019-03-12,140.8125
2019-03-13,142.84375
2019-03-14,140.34375
2019-03-15,145.65625
2019-03-16,155.53125
2019-03-17,151.875
2019-03-18,148.875
2019-03-19,148.03125
2019-03-20,147.59375
2019-03-21,147.25
2019-03-22,146.90625
2019-03-23,147.0
2019-03-24,150.28125
2019-03-25,179.90625
2019-03-26,231.3125
2019-03-27,170.78125
2019-03-28,142.78125
2019-03-29,138.65625
2019-03-30,148.75
2019-03-31,193.625
2019-04-01,223.875
2019-04-02,200.34375
2019-04-03,164.3125
2019-04-04,145.15625
2019-04-05,141.09375
2019-04-06,139.40625
2019-04-07,138.71875
2019-04-08,139.09375
2019-04-09,143.6875
2019-04-10,150.90625
2019-04-11,151.4375
2019-04-12,156.75
2019-04-13,175.3125
2019-04-14,195.0625
2019-04-15,198.96875
2019-04-16,230.25
2019-04-17,246.90625
2019-04-18,198.71875
2019-04-19,184.21875
2019-04-20,156.15625
2019-04-21,154.03125
2019-04-22,181.46875
2019-04-23,163.96875
2019-04-24,143.6875
2019-04-25,137.4375
2019-04-26,135.84375
2019-04-27,135.3125
2019-04-28,141.03125
2019-04-29,174.625
2019-04-30,202.84375
2019-05-01,182.53125
2019-05-02,161.84375
2019-05-03,180.625
2019-05-04,210.75
2019-05-05,265.84375
2019-05-06,252.6875
2019-05-07,178.625
2019-05-08,272.65625
2019-05-09,615.6875
2019-05-10,783.4375
2019-05-11,743.09375
2019-05-12,689.4375
2019-05-13,651.21875
2019-05-14,483.53125
2019-05-15,331.4375
2019-05-16,219.78125
2019-05-17,182.3125
2019-05-18,164.59375
2019-05-19,155.15625
2019-05-20,150.125
2019-05-21,147.25
2019-05-22,156.09375
2019-05-23,355.09375
2019-05-24,717.5
2019-05-25,646.375
2019-05-26,653.6875
2019-05-27,642.75
2019-05-28,366.5
2019-05-29,422.375
2019-05-30,567.5625
2019-05-31,599.90625
2019-06-01,680.40625
2019-06-02,826.28125
2019-06-03,621.75
2019-06-04,425.8125
2019-06-05,452.75
2019-06-06,412.9375
2019-06-07,317.6875
2019-06-08,461.25
2019-06-09,431.1875
2019-06-10,251.0625
2019-06-11,197.84375
2019-06-12,171.125
2019-06-13,159.40625
2019-06-14,170.125
2019-06-15,170.21875
2019-06-16,156.65625
2019-06-17,148.625
2019-06-18,167.15625
2019-06-19,239.84375
2019-06-20,245.75
2019-06-21,175.40625
2019-06-22,152.4375
2019-06-23,163.96875
2019-06-24,156.375
2019-06-25,150.03125
2019-06-26,179.0625
2019-06-27,180.09375
2019-06-28,153.125
2019-06-29,139.5
2019-06-30,136.9375
2019-07-01,137.0
2019-07-02,243.1875
2019-07-03,694.75
2019-07-04,652.34375
2019-07-05,291.09375
2019-07-06,204.5625
2019-07-07,178.82812
2019-07-08,166.03125
2019-07-09,157.57812
2019-07-10,151.60938
2019-07-11,147.71875
2019-07-12,146.5625
2019-07-13,153.14062
2019-07-14,147.125
2019-07-15,140.1875
2019-07-16,139.89062
2019-07-17,142.32812
2019-07-18,157.07812
2019-07-19,150.40625
2019-07-20,138.3125
2019-07-21,136.01562
2019-07-22,140.0
2019-07-23,148.45312
2019-07-24,144.42188
2019-07-25,146.73438
2019-07-26,145.8125
2019-07-27,160.64062
2019-07-28,197.34375
2019-07-29,225.17188
2019-07-30,203.29688
2019-07-31,203.21875
2019-08-01,261.70312
2019-08-02,338.17188
2019-08-03,222.25
2019-08-04,163.65625
2019-08-05,148.17188
2019-08-06,146.15625
2019-08-07,160.01562
2019-08-08,180.60938
2019-08-09,165.48438
2019-08-10,171.71875
2019-08-11,210.79688
2019-08-12,217.64062
2019-08-13,168.1875
2019-08-14,142.32812
2019-08-15,136.48438
2019-08-16,135.40625
2019-08-17,135.0
2019-08-18,136.01562
2019-08-19,134.0
2019-08-20,131.96875
2019-08-21,134.59375
2019-08-22,138.79688
2019-08-23,148.3125
2019-08-24,171.625
2019-08-25,197.71875
2019-08-26,227.4375
2019-08-27,207.28125
2019-08-28,182.64062
2019-08-29,800.8594
2019-08-30,1579.3125
2019-08-31,1039.5156
2019-09-01,484.625
2019-09-02,1336.7969
2019-09-03,3449.1719
2019-09-04,3381.25
2019-09-05,1749.1172
2019-09-06,718.0
2019-09-07,425.35156
2019-09-08,332.89062
2019-09-09,285.47656
2019-09-10,247.27344
2019-09-11,210.20312
2019-09-12,189.32031
2019-09-13,185.41406
2019-09-14,192.96094
2019-09-15,181.80469
2019-09-16,157.74219
2019-09-17,150.67188
2019-09-18,165.29688
2019-09-19,183.77344
2019-09-20,525.46875
2019-09-21,893.7578
2019-09-22,740.6797
2019-09-23,464.54688
2019-09-24,254.54688
2019-09-25,215.22656
2019-09-26,213.90625
2019-09-27,230.95312
2019-09-28,189.71875
2019-09-29,156.32031
2019-09-30,145.10938
2019-10-01,140.6875
2019-10-02,138.5
2019-10-03,139.88281
2019-10-04,150.22656
2019-10-05,156.75
2019-10-06,143.85938
2019-10-07,135.26562
2019-10-08,133.38281
2019-10-09,134.875
2019-10-10,151.86719
2019-10-11,183.24219
2019-10-12,168.76562
2019-10-13,143.57812
2019-10-14,137.24219
2019-10-15,209.125
2019-10-16,470.95312
2019-10-17,802.09375
2019-10-18,884.9531
2019-10-19,697.28125
2019-10-20,569.8125
2019-10-21,394.5703
2019-10-22,233.78125
2019-10-23,180.32031
2019-10-24,163.29688
2019-10-25,155.61719
2019-10-26,167.73438
2019-10-27,198.6875
2019-10-28,168.23438
2019-10-29,163.23438
2019-10-30,1837.3672
2019-10-31,5736.2188
2019-11-01,4338.1562
2019-11-02,1946.3125
2019-11-03,952.89844
2019-11-04,569.8281
2019-11-05,358.6172
2019-11-06,277.67188
2019-11-07,231.74219
2019-11-08,208.55469
2019-11-09,203.57031
2019-11-10,658.75
2019-11-11,2840.3281
2019-11-12,2471.914
2019-11-13,1104.7734
2019-11-14,540.58594
2019-11-15,426.6172
2019-11-16,305.95312
2019-11-17,228.64062
2019-11-18,197.42188
2019-11-19,184.78125
2019-11-20,200.82812
2019-11-21,279.10938
2019-11-22,295.1875
2019-11-23,191.64062
2019-11-24,153.84375
2019-11-25,147.46875
2019-11-26,210.79688
2019-11-27,637.6875
2019-11-28,1734.7344
2019-11-29,2750.6094
2019-11-30,2049.9375
2019-12-01,1031.4531
2019-12-02,549.5469
2019-12-03,573.9531
2019-12-04,659.09375
2019-12-05,437.07812
2019-12-06,306.54688
2019-12-07,233.64062
2019-12-08,183.42188
2019-12-09,165.78125
2019-12-10,171.21875
2019-12-11,157.26562
2019-12-12,147.07812
2019-12-13,170.98438
2019-12-14,230.98438
2019-12-15,187.64062
2019-12-16,183.46875
2019-12-17,158.78125
2019-12-18,144.92188
2019-12-19,141.96875
2019-12-20,141.07812
2019-12-21,140.71875
2019-12-22,139.29688
2019-12-23,138.0
2019-12-24,137.17188
2019-12-25,136.75
2019-12-26,136.15625
2019-12-27,135.875
2019-12-28,141.0625
2019-12-29,153.34375
2019-12-30,148.125
2019-12-31,151.26562
2020-01-01,235.98438
2020-01-02,365.85938
2020-01-03,340.125
2020-01-04,299.73438
2020-01-05,187.03125
2020-01-06,150.59375
2020-01-07,143.1875
2020-01-08,140.75
2020-01-09,139.375
2020-01-10,138.03125
2020-01-11,137.0625
2020-01-12,136.65625
2020-01-13,137.4375
2020-01-14,137.125
2020-01-15,134.8125
2020-01-16,133.8125
2020-01-17,133.40625
2020-01-18,133.15625
2020-01-19,133.03125
2020-01-20,132.90625
2020-01-21,132.40625
2020-01-22,131.625
2020-01-23,130.875
2020-01-24,130.4375
2020-01-25,130.17188
2020-01-26,130.04688
2020-01-27,130.3125
2020-01-28,133.23438
2020-01-29,182.79688
2020-01-30,324.39062
2020-01-31,331.04688
2020-02-01,197.79688
2020-02-02,151.26562
2020-02-03,139.07812
2020-02-04,136.0
2020-02-05,134.60938
2020-02-06,133.29688
2020-02-07,132.01562
2020-02-08,131.625
2020-02-09,134.92188
2020-02-10,151.1875
2020-02-11,165.96875
2020-02-12,147.01562
2020-02-13,133.09375
2020-02-14,129.71875
2020-02-15,128.78125
2020-02-16,128.3125
2020-02-17,140.1875
2020-02-18,293.60938
2020-02-19,514.2969
2020-02-20,401.03125
2020-02-21,213.34375
2020-02-22,167.8125
2020-02-23,160.85938
2020-02-24,151.15625
2020-02-25,142.17188
2020-02-26,137.67188
2020-02-27,135.29688
2020-02-28,133.59375
2020-02-29,132.03125
2020-03-01,130.75
2020-03-02,129.65625
2020-03-03,128.96875
2020-03-04,129.0
2020-03-05,138.5
2020-03-06,156.59375
2020-03-07,137.46875
2020-03-08,131.5625
2020-03-09,127.84375
2020-03-10,126.09375
2020-03-11,126.125
2020-03-12,126.03125
2020-03-13,125.3125
2020-03-14,129.3125
2020-03-15,133.59375
2020-03-16,134.21875
2020-03-17,133.84375
2020-03-18,133.53125
2020-03-19,134.53125
2020-03-20,139.65625
2020-03-21,140.34375
2020-03-22,135.0
2020-03-23,132.65625
2020-03-24,127.8125
2020-03-25,124.625
2020-03-26,128.34375
2020-03-27,124.9375
2020-03-28,123.65625
2020-03-29,122.25
2020-03-30,121.375
2020-03-31,121.0625
2020-04-01,120.71875
2020-04-02,120.46875
2020-04-03,120.3125
2020-04-04,120.71875
2020-04-05,120.375
2020-04-06,120.28125
2020-04-07,120.90625
2020-04-08,121.9375
2020-04-09,123.3125
2020-04-10,122.75
2020-04-11,120.625
2020-04-12,142.125
2020-04-13,201.5625
2020-04-14,230.28125
2020-04-15,161.625
2020-04-16,134.28125
2020-04-17,127.34375
2020-04-18,129.65625
2020-04-19,152.28125
2020-04-20,152.78125
2020-04-21,132.28125
2020-04-22,123.25
2020-04-23,123.0625
2020-04-24,125.375
2020-04-25,131.28125
2020-04-26,147.8125
2020-04-27,140.5
2020-04-28,138.96875
2020-04-29,131.125
2020-04-30,122.875
2020-05-01,120.09375
2020-05-02,119.21875
2020-05-03,118.78125
2020-05-04,118.40625
2020-05-05,117.9375
2020-05-06,117.5
2020-05-07,117.25
2020-05-08,117.375
2020-05-09,116.9375
2020-05-10,116.53125
2020-05-11,116.28125
2020-05-12,116.125
2020-05-13,115.84375
2020-05-14,115.625
2020-05-15,115.59375
2020-05-16,116.0
2020-05-17,115.96875
2020-05-18,115.9375
2020-05-19,116.3125
2020-05-20,117.96875
2020-05-21,125.375
2020-05-22,135.4375
2020-05-23,583.78125
2020-05-24,768.1875
2020-05-25,518.59375
2020-05-26,360.71875
2020-05-27,527.96875
2020-05-28,507.75
2020-05-29,287.59375
2020-05-30,260.65625
2020-05-31,292.3125
2020-06-01,408.5625
2020-06-02,468.28125
2020-06-03,321.09375
2020-06-04,312.5
2020-06-05,289.8125
2020-06-06,196.4375
2020-06-07,165.40625
2020-06-08,150.28125
2020-06-09,136.3125
2020-06-10,128.71875
2020-06-11,130.0625
2020-06-12,165.65625
2020-06-13,200.96875
2020-06-14,160.40625
2020-06-15,222.65625
2020-06-16,332.40625
2020-06-17,223.65625
2020-06-18,189.625
2020-06-19,154.0625
2020-06-20,136.0625
2020-06-21,129.1875
2020-06-22,124.625
2020-06-23,122.875
2020-06-24,123.609375
2020-06-25,121.984375
2020-06-26,119.65625
2020-06-27,129.71875
2020-06-28,179.67188
2020-06-29,225.5625
2020-06-30,193.70312
2020-07-01,181.25
2020-07-02,150.73438
2020-07-03,159.35938
2020-07-04,256.78125
2020-07-05,298.78125
2020-07-06,225.5625
2020-07-07,172.71875
2020-07-08,171.04688
2020-07-09,154.17188
2020-07-10,132.28125
2020-07-11,122.703125
2020-07-12,122.75
2020-07-13,138.85938
2020-07-14,167.96875
2020-07-15,216.375
2020-07-16,244.84375
2020-07-17,286.5
2020-07-18,246.01562
2020-07-19,242.0625
2020-07-20,205.67188
2020-07-21,169.75
2020-07-22,172.17188
2020-07-23,209.01562
2020-07-24,335.65625
2020-07-25,337.96875
2020-07-26,202.9375
2020-07-27,189.6875
2020-07-28,352.90625
2020-07-29,684.875
2020-07-30,656.6094
2020-07-31,529.8281
2020-08-01,909.1719
2020-08-02,910.15625
2020-08-03,551.7969
2020-08-04,313.28125
2020-08-05,250.46875
2020-08-06,400.125
2020-08-07,581.84375
2020-08-08,471.4375
2020-08-09,525.03125
2020-08-10,625.4844
2020-08-11,393.90625
2020-08-12,249.0625
2020-08-13,385.45312
2020-08-14,459.17188
2020-08-15,266.5625
2020-08-16,267.75
2020-08-17,391.29688
2020-08-18,657.5469
2020-08-19,1085.8281
2020-08-20,1217.9844
2020-08-21,896.7656
2020-08-22,675.96875
2020-08-23,777.72656
2020-08-24,613.59375
2020-08-25,351.6953
2020-08-26,222.57812
2020-08-27,177.38281
2020-08-28,161.07031
2020-08-29,157.35938
2020-08-30,173.3125
2020-08-31,192.16406
2020-09-01,199.22656
2020-09-02,202.75
2020-09-03,174.39062
2020-09-04,164.96094
2020-09-05,147.75
2020-09-06,150.41406
2020-09-07,147.96094
2020-09-08,140.30469
2020-09-09,155.41406
2020-09-10,283.89844
2020-09-11,510.17188
2020-09-12,471.45312
2020-09-13,315.3047
2020-09-14,238.35938
2020-09-15,187.64062
2020-09-16,158.25
2020-09-17,1344.9219
2020-09-18,3945.414
2020-09-19,2607.9766
2020-09-20,971.0781
2020-09-21,596.75
2020-09-22,572.6875
2020-09-23,497.0625
2020-09-24,339.09375
2020-09-25,228.125
2020-09-26,208.45312
2020-09-27,209.14844
2020-09-28,204.02344
2020-09-29,248.27344
2020-09-30,354.73438
2020-10-01,444.5547
2020-10-02,418.85938
2020-10-03,303.5078
2020-10-04,367.89844
2020-10-05,456.65625
2020-10-06,591.375
2020-10-07,2399.2344
2020-10-08,4809.203
2020-10-09,4332.6953
2020-10-10,5101.1875
2020-10-11,8082.7266
2020-10-12,8293.781
2020-10-13,3637.3438
2020-10-14,1449.7656
2020-10-15,1443.5625
2020-10-16,2053.6328
2020-10-17,4023.1094
2020-10-18,5640.422
2020-10-19,3703.3125
2020-10-20,2445.8203
2020-10-21,2318.336
2020-10-22,1482.6328
2020-10-23,665.5
2020-10-24,394.0078
2020-10-25,590.2344
2020-10-26,789.33594
2020-10-27,1072.25
2020-10-28,5542.383
2020-10-29,9359.367
2020-10-30,3951.4453
2020-10-31,1173.3438
2020-11-01,1410.9062
2020-11-02,1058.9844
2020-11-03,545.3594
2020-11-04,315.65625
2020-11-05,585.1172
2020-11-06,2717.5234
2020-11-07,3425.9531
2020-11-08,1620.9531
2020-11-09,943.9219
2020-11-10,4186.039
2020-11-11,9508.766
2020-11-12,6426.1016
2020-11-13,2444.664
2020-11-14,1176.7109
2020-11-15,1829.2891
2020-11-16,1348.0938
2020-11-17,586.125
2020-11-18,381.89062
2020-11-19,264.71094
2020-11-20,219.53125
2020-11-21,196.64062
2020-11-22,181.46875
2020-11-23,167.52344
2020-11-24,182.92969
2020-11-25,290.89844
2020-11-26,372.10938
2020-11-27,481.03125
2020-11-28,1695.6094
2020-11-29,4809.6875
2020-11-30,6013.992
2020-12-01,5996.164
2020-12-02,3948.6797
2020-12-03,1777.3359
2020-12-04,923.9922
2020-12-05,683.1719
2020-12-06,452.7578
2020-12-07,349.4375
2020-12-08,290.875
2020-12-09,322.82812
2020-12-10,224.25
2020-12-11,178.85938
2020-12-12,187.71094
2020-12-13,192.875
2020-12-14,232.0625
2020-12-15,773.15625
2020-12-16,1204.7344
2020-12-17,1634.4688
2020-12-18,1612.0781
2020-12-19,1700.0156
2020-12-20,1576.9531
2020-12-21,1036.25
2020-12-22,593.34375
2020-12-23,325.98438
2020-12-24,254.6875
2020-12-25,402.9375
2020-12-26,593.6094
2020-12-27,439.78125
2020-12-28,238.78125
2020-12-29,185.5625
2020-12-30,204.9375
2020-12-31,684.34375
2021-01-01,906.7344
2021-01-02,489.26562
2021-01-03,270.70312
2021-01-04,256.07812
2021-01-05,312.42188
2021-01-06,375.95312
2021-01-07,513.78125
2021-01-08,670.8125
2021-01-09,1235.7656
2021-01-10,1167.2344
2021-01-11,712.7344
2021-01-12,559.09375
2021-01-13,409.09375
2021-01-14,243.75
2021-01-15,193.95312
2021-01-16,178.0
2021-01-17,194.20312
2021-01-18,554.5156
2021-01-19,690.3125
2021-01-20,302.96875
2021-01-21,201.8125
2021-01-22,177.42188
2021-01-23,167.875
2021-01-24,162.1875
2021-01-25,156.03125
2021-01-26,151.4375
2021-01-27,148.64062
2021-01-28,147.84375
2021-01-29,160.03125
2021-01-30,186.15625
2021-01-31,162.53125
2021-02-01,146.625
2021-02-02,143.96875
2021-02-03,141.09375
2021-02-04,139.90625
2021-02-05,140.5625
2021-02-06,144.90625
2021-02-07,144.46875
2021-02-08,139.40625
2021-02-09,138.21875
2021-02-10,146.71875
2021-02-11,170.34375
2021-02-12,151.34375
2021-02-13,138.09375
2021-02-14,135.8125
2021-02-15,134.96875
2021-02-16,134.28125
2021-02-17,134.03125
2021-02-18,134.96875
2021-02-19,153.15625
2021-02-20,190.96875
2021-02-21,156.5
2021-02-22,136.96875
2021-02-23,133.5
2021-02-24,132.78125
2021-02-25,132.21875
2021-02-26,131.84375
2021-02-27,131.65625
2021-02-28,131.65625
2021-03-01,132.46875
2021-03-02,137.0
2021-03-03,199.8125
2021-03-04,254.65625
2021-03-05,164.46875
2021-03-06,135.9375
2021-03-07,132.125
2021-03-08,131.5625
2021-03-09,131.28125
2021-03-10,130.875
2021-03-11,130.4375
2021-03-12,130.09375
2021-03-13,129.84375
2021-03-14,129.53125
2021-03-15,133.5625
2021-03-16,137.25
2021-03-17,137.65625
2021-03-18,137.34375
2021-03-19,137.03125
2021-03-20,136.8125
2021-03-21,137.25
2021-03-22,210.65625
2021-03-23,592.90625
2021-03-24,611.78125
2021-03-25,312.0625
2021-03-26,206.8125
2021-03-27,173.5
2021-03-28,159.5625
2021-03-29,151.03125
2021-03-30,145.125
2021-03-31,140.8125
2021-04-01,137.5625
2021-04-02,137.46875
2021-04-03,143.375
2021-04-04,141.875
2021-04-05,136.125
2021-04-06,131.15625
2021-04-07,129.53125
2021-04-08,128.6875
2021-04-09,131.3125
2021-04-10,140.46875
2021-04-11,132.125
2021-04-12,127.5
2021-04-13,126.5625
2021-04-14,126.0625
2021-04-15,129.5
2021-04-16,153.59375
2021-04-17,172.875
2021-04-18,150.5625
2021-04-19,143.0625
2021-04-20,377.375
2021-04-21,757.1875
2021-04-22,620.21875
2021-04-23,397.40625
2021-04-24,309.75
2021-04-25,193.6875
2021-04-26,165.03125
2021-04-27,157.46875
2021-04-28,147.5625
2021-04-29,140.75
2021-04-30,136.90625
2021-05-01,135.40625
2021-05-02,150.40625
2021-05-03,190.65625
2021-05-04,173.46875
2021-05-05,149.125
2021-05-06,134.40625
2021-05-07,128.28125
2021-05-08,126.1875
2021-05-09,125.1875
2021-05-10,124.59375
2021-05-11,136.875
2021-05-12,178.09375
2021-05-13,156.65625
2021-05-14,160.40625
2021-05-15,162.78125
2021-05-16,216.1875
2021-05-17,167.34375
2021-05-18,135.625
2021-05-19,128.875
2021-05-20,144.4375
2021-05-21,173.875
2021-05-22,143.375
2021-05-23,133.65625
2021-05-24,153.90625
2021-05-25,219.5
2021-05-26,329.28125
2021-05-27,273.1875
2021-05-28,278.28125
2021-05-29,309.15625
2021-05-30,190.84375
2021-05-31,144.1875
2021-06-01,133.65625
2021-06-02,130.15625
2021-06-03,130.96875
2021-06-04,141.34375
2021-06-05,135.90625
2021-06-06,127.71875
2021-06-07,131.3125
2021-06-08,147.90625
2021-06-09,182.8125
2021-06-10,166.625
2021-06-11,161.875
2021-06-12,371.96875
2021-06-13,578.0625
2021-06-14,440.9375
2021-06-15,228.46875
2021-06-16,160.78125
2021-06-17,144.65625
2021-06-18,151.78125
2021-06-19,187.75
2021-06-20,156.5
2021-06-21,132.625
2021-06-22,127.125
2021-06-23,125.34375
2021-06-24,124.28125
2021-06-25,124.71875
2021-06-26,129.5
2021-06-27,139.6875
2021-06-28,131.89062
2021-06-29,123.34375
2021-06-30,120.8125
2021-07-01,120.125
2021-07-02,119.671875
2021-07-03,119.25
2021-07-04,118.921875
2021-07-05,119.171875
2021-07-06,120.78125
2021-07-07,122.9375
2021-07-08,135.82812
2021-07-09,186.65625
2021-07-10,270.625
2021-07-11,207.71875
2021-07-12,163.10938
2021-07-13,183.07812
2021-07-14,284.71875
2021-07-15,328.48438
2021-07-16,257.71875
2021-07-17,229.34375
2021-07-18,303.375
2021-07-19,243.3125
2021-07-20,243.29688
2021-07-21,257.70312
2021-07-22,182.0
2021-07-23,146.10938
2021-07-24,160.10938
2021-07-25,232.57812
2021-07-26,268.5625
2021-07-27,183.875
2021-07-28,140.79688
2021-07-29,127.546875
2021-07-30,124.4375
2021-07-31,122.53125
2021-08-01,120.453125
2021-08-02,119.671875
2021-08-03,119.046875
2021-08-04,118.921875
2021-08-05,119.28125
2021-08-06,118.5625
2021-08-07,117.28125
2021-08-08,116.640625
2021-08-09,116.28125
2021-08-10,116.28125
2021-08-11,117.1875
2021-08-12,121.140625
2021-08-13,133.17188
2021-08-14,127.0625
2021-08-15,119.40625
2021-08-16,121.546875
2021-08-17,122.796875
2021-08-18,127.5625
2021-08-19,129.0
2021-08-20,134.1875
2021-08-21,145.40625
2021-08-22,158.875
2021-08-23,158.85938
2021-08-24,146.9375
2021-08-25,167.32812
2021-08-26,200.28125
2021-08-27,338.71094
2021-08-28,503.1875
2021-08-29,483.95312
2021-08-30,349.625
2021-08-31,365.28906
2021-09-01,322.46094
2021-09-02,606.97656
2021-09-03,802.96875
2021-09-04,632.8828
2021-09-05,505.65625
2021-09-06,566.7969
2021-09-07,462.27344
2021-09-08,349.25
2021-09-09,549.91406
2021-09-10,1103.6562
2021-09-11,3685.375
2021-09-12,8861.828
2021-09-13,7552.7344
2021-09-14,2819.6953
2021-09-15,1045.2969
2021-09-16,809.2969
2021-09-17,514.0547
2021-09-18,459.5547
2021-09-19,388.79688
2021-09-20,278.02344
2021-09-21,583.1172
2021-09-22,972.78125
2021-09-23,1823.25
2021-09-24,3939.7578
2021-09-25,2492.1875
2021-09-26,1117.1016
2021-09-27,765.8828
2021-09-28,408.26562
2021-09-29,285.47656
2021-09-30,235.29688
2021-10-01,195.94531
2021-10-02,176.32031
2021-10-03,163.46094
2021-10-04,155.53906
2021-10-05,180.92969
2021-10-06,2066.0078
2021-10-07,7941.6094
2021-10-08,8073.742
2021-10-09,3335.3516
2021-10-10,1047.0547
2021-10-11,541.89844
2021-10-12,401.6172
2021-10-13,404.66406
2021-10-14,604.2656
2021-10-15,1590.8281
2021-10-16,6462.625
2021-10-17,9398.664
2021-10-18,5827.4062
2021-10-19,2081.9375
2021-10-20,705.71094
2021-10-21,499.67188
2021-10-22,692.2578
2021-10-23,2734.4531
2021-10-24,4836.1016
2021-10-25,3276.4062
2021-10-26,1521.6953
2021-10-27,1325.9375
2021-10-28,1525.6406
2021-10-29,1102.2969
2021-10-30,737.6719
2021-10-31,587.5156
2021-11-01,481.15625
2021-11-02,325.1172
2021-11-03,225.77344
2021-11-04,190.40625
2021-11-05,172.05469
2021-11-06,160.19531
2021-11-07,152.875
2021-11-08,503.39062
2021-11-09,2450.414
2021-11-10,1821.0547
2021-11-11,764.125
2021-11-12,630.6172
2021-11-13,1420.1641
2021-11-14,2816.2031
2021-11-15,3199.8438
2021-11-16,2395.9297
2021-11-17,1737.7969
2021-11-18,1871.5703
2021-11-19,1488.8438
2021-11-20,762.5469
2021-11-21,344.3828
2021-11-22,257.1875
2021-11-23,490.64062
2021-11-24,1655.875
2021-11-25,1723.4375
2021-11-26,927.46094
2021-11-27,586.6719
2021-11-28,2668.9062
2021-11-29,6774.9375
2021-11-30,6969.4844
2021-12-01,3282.1406
2021-12-02,1185.9688
2021-12-03,670.5156
2021-12-04,532.7031
2021-12-05,331.53125
2021-12-06,297.53125
2021-12-07,352.29688
2021-12-08,271.9375
2021-12-09,254.125
2021-12-10,304.51562
2021-12-11,244.10938
2021-12-12,194.32812
2021-12-13,347.73438
2021-12-14,526.25
2021-12-15,415.79688
2021-12-16,311.54688
2021-12-17,216.4375
2021-12-18,529.4375
2021-12-19,1254.5938
2021-12-20,1514.7812
2021-12-21,922.65625
2021-12-22,338.92188
2021-12-23,241.26562
2021-12-24,284.21875
2021-12-25,428.46875
2021-12-26,1215.6719
2021-12-27,2278.9688
2021-12-28,2584.2031
2021-12-29,1727.3906
2021-12-30,909.2344
2021-12-31,772.9219
2022-01-01,644.0156
2022-01-02,584.4219
2022-01-03,751.2969
2022-01-04,570.9844
2022-01-05,311.07812
2022-01-06,214.4375
2022-01-07,185.75
2022-01-08,184.28125
2022-01-09,200.8125
2022-01-10,202.46875
2022-01-11,174.15625
2022-01-12,223.25
2022-01-13,276.78125
2022-01-14,183.17188
2022-01-15,154.90625
2022-01-16,148.20312
2022-01-17,145.40625
2022-01-18,170.17188
2022-01-19,436.09375
2022-01-20,628.9531
2022-01-21,387.64062
2022-01-22,215.40625
2022-01-23,170.64062
2022-01-24,160.71875
2022-01-25,156.85938
2022-01-26,153.29688
2022-01-27,148.48438
2022-01-28,145.29688
2022-01-29,143.20312
2022-01-30,143.17188
2022-01-31,171.78125
2022-02-01,245.625
2022-02-02,240.73438
2022-02-03,173.89062
2022-02-04,155.71875
2022-02-05,322.71875
2022-02-06,570.8906
2022-02-07,439.125
2022-02-08,225.70312
2022-02-09,170.3125
2022-02-10,158.78125
2022-02-11,153.4375
2022-02-12,149.5625
2022-02-13,147.29688
2022-02-14,160.39062
2022-02-15,219.53125
2022-02-16,256.39062
2022-02-17,212.45312
2022-02-18,234.375
2022-02-19,414.53125
2022-02-20,848.625
2022-02-21,715.25
2022-02-22,288.0
2022-02-23,209.875
2022-02-24,186.6875
2022-02-25,175.34375
2022-02-26,179.4375
2022-02-27,221.53125
2022-02-28,282.96875
2022-03-01,197.8125
2022-03-02,158.125
2022-03-03,149.8125
2022-03-04,146.34375
2022-03-05,143.8125
2022-03-06,142.0
2022-03-07,141.03125
2022-03-08,164.71875
2022-03-09,221.5625
2022-03-10,167.09375
2022-03-11,141.125
2022-03-12,137.09375
2022-03-13,136.03125
2022-03-14,135.0
2022-03-15,139.0
2022-03-16,143.0625
2022-03-17,144.03125
2022-03-18,153.59375
2022-03-19,195.71875
2022-03-20,260.46875
2022-03-21,249.90625
2022-03-22,242.59375
2022-03-23,311.90625
2022-03-24,671.5625
2022-03-25,658.34375
2022-03-26,315.03125
2022-03-27,225.3125
2022-03-28,256.03125
2022-03-29,292.0625
2022-03-30,243.84375
2022-03-31,2076.6562
2022-04-01,9154.875
2022-04-02,11116.1875
2022-04-03,4699.0
2022-04-04,1407.5938
2022-04-05,849.3125
2022-04-06,742.28125
2022-04-07,609.28125
2022-04-08,395.40625
2022-04-09,264.125
2022-04-10,219.53125
2022-04-11,197.125
2022-04-12,181.96875
2022-04-13,458.65625
2022-04-14,1261.875
2022-04-15,826.34375
2022-04-16,369.84375
2022-04-17,322.40625
2022-04-18,224.4375
2022-04-19,188.96875
2022-04-20,187.5
2022-04-21,211.53125
2022-04-22,254.9375
2022-04-23,350.5625
2022-04-24,469.0
2022-04-25,514.5625
2022-04-26,472.28125
2022-04-27,311.875
2022-04-28,270.6875
2022-04-29,208.5625
2022-04-30,220.03125
2022-05-01,1031.3438
2022-05-02,2198.5
2022-05-03,1389.0625
2022-05-04,493.9375
2022-05-05,313.15625
2022-05-06,252.9375
2022-05-07,250.0
2022-05-08,303.0
2022-05-09,475.0625
2022-05-10,739.90625
2022-05-11,628.625
2022-05-12,448.25
2022-05-13,359.71875
2022-05-14,268.375
2022-05-15,447.15625
2022-05-16,1140.9062
2022-05-17,1212.6875
2022-05-18,663.03125
2022-05-19,375.6875
2022-05-20,894.375
2022-05-21,1942.0
2022-05-22,1454.4062
2022-05-23,759.65625
2022-05-24,503.65625
2022-05-25,443.5
2022-05-26,422.0
2022-05-27,419.875
2022-05-28,342.5625
2022-05-29,386.375
2022-05-30,298.40625
2022-05-31,293.03125
2022-06-01,460.5625
2022-06-02,610.0625
2022-06-03,501.96875
2022-06-04,412.375
2022-06-05,259.4375
2022-06-06,190.0
2022-06-07,169.625
2022-06-08,175.78125
2022-06-09,188.375
2022-06-10,178.96875
2022-06-11,163.21875
2022-06-12,154.8125
2022-06-13,166.53125
2022-06-14,165.8125
2022-06-15,165.6875
2022-06-16,214.09375
2022-06-17,287.6875
2022-06-18,217.59375
2022-06-19,168.28125
2022-06-20,148.125
2022-06-21,142.28125
2022-06-22,140.6875
2022-06-23,147.78125
2022-06-24,217.75
2022-06-25,360.71875
2022-06-26,477.0625
2022-06-27,500.8125
2022-06-28,374.09375
2022-06-29,249.625
2022-06-30,202.53125
2022-07-01,195.51562
2022-07-02,223.57812
2022-07-03,232.84375
2022-07-04,186.875
2022-07-05,154.5
2022-07-06,145.875
2022-07-07,156.17188
2022-07-08,191.92188
2022-07-09,374.67188
2022-07-10,780.9375
2022-07-11,918.1094
2022-07-12,607.7969
2022-07-13,774.375
2022-07-14,1244.0781
2022-07-15,1167.0938
2022-07-16,736.75
2022-07-17,362.54688
2022-07-18,269.04688
2022-07-19,218.92188
2022-07-20,285.70312
2022-07-21,825.7344
2022-07-22,831.7344
2022-07-23,447.60938
2022-07-24,438.26562
2022-07-25,347.78125
2022-07-26,223.42188
2022-07-27,179.20312
2022-07-28,188.625
2022-07-29,248.46875
2022-07-30,233.07812
2022-07-31,268.82812
2022-08-01,747.1094
2022-08-02,920.9219
2022-08-03,777.7656
2022-08-04,645.2344
2022-08-05,430.3125
2022-08-06,433.125
2022-08-07,527.625
2022-08-08,950.40625
2022-08-09,1947.1875
2022-08-10,1534.8906
2022-08-11,655.375
2022-08-12,360.40625
2022-08-13,318.23438
2022-08-14,321.03125
2022-08-15,283.0625
2022-08-16,400.03125
2022-08-17,629.8281
2022-08-18,584.21875
2022-08-19,428.14062
2022-08-20,414.71875
2022-08-21,455.51562
2022-08-22,439.92188
2022-08-23,339.14062
2022-08-24,452.4375
2022-08-25,622.3906
2022-08-26,556.4375
2022-08-27,396.82812
2022-08-28,265.5625
2022-08-29,275.28125
2022-08-30,228.38281
2022-08-31,267.6953
2022-09-01,243.60156
2022-09-02,186.28125
2022-09-03,206.30469
2022-09-04,359.0
2022-09-05,621.03906
2022-09-06,745.625
2022-09-07,836.53125
2022-09-08,1183.8828
2022-09-09,954.9375
2022-09-10,700.84375
2022-09-11,587.15625
2022-09-12,306.34375
2022-09-13,255.19531
2022-09-14,306.32812
2022-09-15,482.3125
2022-09-16,660.64844
2022-09-17,694.89844
2022-09-18,713.21094
2022-09-19,711.3828
2022-09-20,692.0547
2022-09-21,496.04688
2022-09-22,599.52344
2022-09-23,1210.9609
2022-09-24,1348.6719
2022-09-25,1301.9844
2022-09-26,1190.2969
2022-09-27,3880.6172
2022-09-28,11254.766
2022-09-29,5583.203
2022-09-30,1548.0469
2022-10-01,1007.1406
2022-10-02,975.0625
2022-10-03,848.8828
2022-10-04,763.3672
2022-10-05,667.5156
2022-10-06,558.71875
2022-10-07,601.09375
2022-10-08,484.20312
2022-10-09,413.5547
2022-10-10,1461.7969
2022-10-11,3465.1172
2022-10-12,2853.3281
2022-10-13,1360.7578
2022-10-14,3321.7734
2022-10-15,10270.445
2022-10-16,4587.9297
2022-10-17,1187.6328
2022-10-18,822.6172
2022-10-19,429.75
2022-10-20,323.7422
2022-10-21,273.03906
2022-10-22,311.76562
2022-10-23,809.89844
2022-10-24,788.4531
2022-10-25,1463.6719
2022-10-26,3580.7812
2022-10-27,2286.6016
2022-10-28,946.8828
2022-10-29,540.25
2022-10-30,604.72656
2022-10-31,533.1172
2022-11-01,295.47656
2022-11-02,228.72656
2022-11-03,205.5625
2022-11-04,191.6875
2022-11-05,182.125
2022-11-06,175.33594
2022-11-07,170.22656
2022-11-08,165.92188
2022-11-09,162.79688
2022-11-10,160.53906
2022-11-11,158.64844
2022-11-12,158.125
2022-11-13,161.60938
2022-11-14,191.72656
2022-11-15,221.53906
2022-11-16,198.6875
2022-11-17,165.01562
2022-11-18,153.60156
2022-11-19,191.60938
2022-11-20,838.2578
2022-11-21,2238.1016
2022-11-22,2746.875
2022-11-23,1487.7422
2022-11-24,674.64844
2022-11-25,561.9844
2022-11-26,466.71875
2022-11-27,427.98438
2022-11-28,484.9922
2022-11-29,379.91406
2022-11-30,303.6953
2022-12-01,253.32031
2022-12-02,895.84375
2022-12-03,2402.9688
2022-12-04,2048.2969
2022-12-05,1684.4062
2022-12-06,2482.4062
2022-12-07,1987.8281
2022-12-08,1469.375
2022-12-09,1313.9297
2022-12-10,932.52344
2022-12-11,707.1094
2022-12-12,690.5781
2022-12-13,565.78906
2022-12-14,356.4375
2022-12-15,250.55469
2022-12-16,212.91406
2022-12-17,415.79688
2022-12-18,1571.4453
2022-12-19,1293.6328
2022-12-20,489.39844
2022-12-21,316.90625
2022-12-22,429.25
2022-12-23,485.375
2022-12-24,263.1953
2022-12-25,207.79688
2022-12-26,199.16406
2022-12-27,189.0625
2022-12-28,190.26562
2022-12-29,357.34375
2022-12-30,1344.6172
2022-12-31,1219.4531
2023-01-01,537.1875
2023-01-02,300.8828
2023-01-03,283.3047
2023-01-04,604.59375
2023-01-05,1078.2031
2023-01-06,1148.6094
2023-01-07,885.15625
2023-01-08,606.15625
2023-01-09,705.2969
2023-01-10,745.2344
2023-01-11,382.09375
2023-01-12,265.40625
2023-01-13,216.8125
2023-01-14,205.0625
2023-01-15,184.07812
2023-01-16,220.23438
2023-01-17,708.4844
2023-01-18,1120.2812
2023-01-19,898.4375
2023-01-20,548.7031
2023-01-21,327.54688
2023-01-22,231.98438
2023-01-23,200.84375
2023-01-24,375.10938
2023-01-25,1619.25
2023-01-26,1272.75
2023-01-27,524.8125
2023-01-28,1258.8281
2023-01-29,1368.2031
2023-01-30,731.40625
2023-01-31,376.92188
2023-02-01,259.73438
2023-02-02,221.39062
2023-02-03,204.84375
2023-02-04,196.46875
2023-02-05,183.32812
2023-02-06,174.9375
2023-02-07,169.73438
2023-02-08,165.84375
2023-02-09,162.9375
2023-02-10,160.46875
2023-02-11,158.42188
2023-02-12,156.59375
2023-02-13,154.98438
2023-02-14,194.03125
2023-02-15,675.71875
2023-02-16,1487.1562
2023-02-17,1181.75
2023-02-18,579.5625
2023-02-19,328.51562
2023-02-20,257.90625
2023-02-21,250.34375
2023-02-22,238.28125
2023-02-23,255.5
2023-02-24,233.90625
2023-02-25,209.6875
2023-02-26,491.375
2023-02-27,761.53125
2023-02-28,608.1875
2023-03-01,473.75
2023-03-02,332.1875
2023-03-03,245.03125
2023-03-04,195.875
2023-03-05,186.90625
2023-03-06,196.96875
2023-03-07,176.90625
2023-03-08,164.65625
2023-03-09,160.65625
2023-03-10,158.46875
2023-03-11,156.59375
2023-03-12,155.25
2023-03-13,154.75
2023-03-14,163.875
2023-03-15,188.34375
2023-03-16,171.78125
2023-03-17,161.75
2023-03-18,160.0
2023-03-19,159.34375
2023-03-20,158.625
2023-03-21,157.78125
2023-03-22,157.03125
2023-03-23,156.375
2023-03-24,155.90625
2023-03-25,151.5625
2023-03-26,150.25
2023-03-27,159.625
2023-03-28,256.53125
2023-03-29,331.0625
2023-03-30,278.8125
2023-03-31,248.25
2023-04-01,243.5
2023-04-02,279.96875
2023-04-03,315.09375
2023-04-04,341.3125
2023-04-05,218.09375
2023-04-06,171.65625
2023-04-07,183.65625
2023-04-08,175.125
2023-04-09,157.5625
2023-04-10,151.21875
2023-04-11,149.09375
2023-04-12,147.96875
2023-04-13,147.3125
2023-04-14,146.6875
2023-04-15,146.40625
2023-04-16,149.1875
2023-04-17,156.1875
2023-04-18,151.34375
2023-04-19,148.46875
2023-04-20,145.25
2023-04-21,143.6875
2023-04-22,143.625
2023-04-23,147.59375
2023-04-24,183.71875
2023-04-25,263.46875
2023-04-26,213.4375
2023-04-27,167.53125
2023-04-28,151.71875
2023-04-29,148.09375
2023-04-30,154.0
2023-05-01,150.84375
2023-05-02,145.53125
2023-05-03,143.6875
2023-05-04,142.84375
2023-05-05,142.1875
2023-05-06,141.625
2023-05-07,141.15625
2023-05-08,141.09375
2023-05-09,144.8125
2023-05-10,156.5
2023-05-11,192.09375
2023-05-12,515.46875
2023-05-13,1041.25
2023-05-14,990.5
2023-05-15,711.09375
2023-05-16,546.6875
2023-05-17,315.875
2023-05-18,223.9375
2023-05-19,193.03125
2023-05-20,178.71875
2023-05-21,170.34375
2023-05-22,166.21875
2023-05-23,159.375
2023-05-24,184.9375
2023-05-25,432.3125
2023-05-26,575.875
2023-05-27,464.9375
2023-05-28,463.15625
2023-05-29,375.6875
2023-05-30,226.46875
2023-05-31,179.96875
2023-06-01,174.875
2023-06-02,163.875
2023-06-03,156.4375
2023-06-04,176.3125
2023-06-05,342.5625
2023-06-06,456.625
2023-06-07,539.8125
2023-06-08,697.03125
2023-06-09,519.3125
2023-06-10,306.21875
2023-06-11,218.8125
2023-06-12,203.5
2023-06-13,193.70312
2023-06-14,172.78125
2023-06-15,158.20312
2023-06-16,156.42188
2023-06-17,207.85938
2023-06-18,328.25
2023-06-19,294.07812
2023-06-20,235.39062
2023-06-21,186.96875
2023-06-22,164.40625
2023-06-23,176.39062
2023-06-24,165.0625
2023-06-25,232.60938
2023-06-26,612.53125
2023-06-27,724.6719
2023-06-28,509.15625
2023-06-29,493.6875
2023-06-30,494.57812
2023-07-01,327.26562
2023-07-02,269.59375
2023-07-03,291.23438
2023-07-04,236.1875
2023-07-05,248.71875
2023-07-06,333.84375
2023-07-07,324.40625
2023-07-08,291.89062
2023-07-09,239.85938
2023-07-10,264.21875
2023-07-11,297.64062
2023-07-12,310.89062
2023-07-13,344.60938
2023-07-14,297.98438
2023-07-15,231.14062
2023-07-16,185.54688
2023-07-17,217.79688
2023-07-18,546.40625
2023-07-19,655.6094
2023-07-20,608.7969
2023-07-21,621.1875
2023-07-22,389.54688
2023-07-23,261.14062
2023-07-24,321.45312
2023-07-25,1114.5938
2023-07-26,1740.8125
2023-07-27,1103.625
2023-07-28,393.14062
2023-07-29,285.67188
2023-07-30,307.48438
2023-07-31,320.07812
2023-08-01,273.73438
2023-08-02,404.34375
2023-08-03,516.1719
2023-08-04,426.90625
2023-08-05,344.5
2023-08-06,232.60938
2023-08-07,184.10938
2023-08-08,169.22656
2023-08-09,160.58594
2023-08-10,154.8125
2023-08-11,151.78906
2023-08-12,149.85938
2023-08-13,148.77344
2023-08-14,161.48438
2023-08-15,247.40625
2023-08-16,282.0078
2023-08-17,194.80469
2023-08-18,171.57812
2023-08-19,165.0625
2023-08-20,168.70312
2023-08-21,180.17969
2023-08-22,235.82812
2023-08-23,271.9453
2023-08-24,251.49219
2023-08-25,258.2422
2023-08-26,218.125
2023-08-27,174.92969
2023-08-28,155.90625
2023-08-29,162.03125
2023-08-30,273.95312
2023-08-31,506.0625
2023-09-01,563.6328
2023-09-02,373.82812
2023-09-03,217.51562
2023-09-04,191.79688
2023-09-05,333.89062
2023-09-06,925.40625
2023-09-07,908.7578
2023-09-08,585.66406
2023-09-09,444.85938
2023-09-10,367.4453
2023-09-11,396.03906
2023-09-12,279.64844
2023-09-13,203.44531
2023-09-14,224.41406
2023-09-15,659.0078
2023-09-16,1319.1016
2023-09-17,1218.0703
2023-09-18,1142.6719
2023-09-19,1036.6289
2023-09-20,640.46094
2023-09-21,344.51953
2023-09-22,247.29688
2023-09-23,232.0625
2023-09-24,263.47656
2023-09-25,1435.1016
2023-09-26,3126.039
2023-09-27,1848.7891
2023-09-28,874.35156
2023-09-29,1047.8594
2023-09-30,1031.0039
2023-10-01,670.875
2023-10-02,372.875
2023-10-03,265.23438
2023-10-04,300.57812
2023-10-05,491.77344
2023-10-06,681.4414
2023-10-07,897.125
2023-10-08,1399.7578
2023-10-09,1497.4141
2023-10-10,2384.289
2023-10-11,2252.9258
2023-10-12,1584.0859
2023-10-13,2304.1758
2023-10-14,3540.8945
2023-10-15,3030.3203
2023-10-16,3147.6055
2023-10-17,3788.7656
2023-10-18,3445.9922
2023-10-19,1993.1289
2023-10-20,826.66406
2023-10-21,469.48047
2023-10-22,345.73438
2023-10-23,315.91406
2023-10-24,591.2383
2023-10-25,673.46094
2023-10-26,480.7461
2023-10-27,352.46875
2023-10-28,327.42578
2023-10-29,353.41797
2023-10-30,434.1953
2023-10-31,990.4844
2023-11-01,1601.7695
2023-11-02,1540.7695
2023-11-03,920.83984
2023-11-04,440.0625
2023-11-05,274.1289
2023-11-06,234.05469
2023-11-07,239.60938
2023-11-08,255.58594
2023-11-09,329.10156
2023-11-10,350.71094
2023-11-11,258.65234
2023-11-12,198.19922
2023-11-13,358.70703
2023-11-14,1323.3984
2023-11-15,1823.9922
2023-11-16,2005.4609
2023-11-17,2778.2734
2023-11-18,1728.7539
2023-11-19,609.84375
2023-11-20,379.08203
2023-11-21,388.48828
2023-11-22,387.67578
2023-11-23,252.85156
2023-11-24,206.28906
2023-11-25,240.5
2023-11-26,608.72266
2023-11-27,928.8281
2023-11-28,662.03516
2023-11-29,296.2461
2023-11-30,261.70703
2023-12-01,658.21484
2023-12-02,1984.8047
2023-12-03,2006.3438
2023-12-04,1231.5039
2023-12-05,799.96484
2023-12-06,533.8086
2023-12-07,330.34375
2023-12-08,483.02734
2023-12-09,506.47656
2023-12-10,254.03125
2023-12-11,194.72656
2023-12-12,178.64844
2023-12-13,169.78906
2023-12-14,170.25781
2023-12-15,169.69531
2023-12-16,177.20312
2023-12-17,385.71094
2023-12-18,876.2656
2023-12-19,755.0469
2023-12-20,530.14844
2023-12-21,1050.0625
2023-12-22,1459.7109
2023-12-23,1099.2969
2023-12-24,670.625
2023-12-25,578.3203
2023-12-26,494.01562
2023-12-27,309.21094
2023-12-28,361.9453
2023-12-29,402.72656
2023-12-30,327.0703
2023-12-31,313.67188
