date,discharge_m3s
2010-01-01,172.95312
2010-01-02,167.70312
2010-01-03,164.59375
2010-01-04,162.46875
2010-01-05,160.6875
2010-01-06,158.73438
2010-01-07,157.39062
2010-01-08,157.17188
2010-01-09,157.53125
2010-01-10,156.04688
2010-01-11,155.10938
2010-01-12,231.73438
2010-01-13,798.78125
2010-01-14,1057.7969
2010-01-15,638.90625
2010-01-16,415.82812
2010-01-17,333.625
2010-01-18,330.26562
2010-01-19,463.67188
2010-01-20,841.8906
2010-01-21,1176.1562
2010-01-22,940.59375
2010-01-23,578.2969
2010-01-24,541.6719
2010-01-25,366.5
2010-01-26,305.01562
2010-01-27,392.3125
2010-01-28,349.70312
2010-01-29,235.73438
2010-01-30,187.10938
2010-01-31,174.89062
2010-02-01,169.45312
2010-02-02,165.5625
2010-02-03,162.54688
2010-02-04,161.40625
2010-02-05,167.64062
2010-02-06,168.09375
2010-02-07,159.8125
2010-02-08,154.84375
2010-02-09,153.34375
2010-02-10,152.40625
2010-02-11,151.46875
2010-02-12,150.90625
2010-02-13,152.4375
2010-02-14,154.65625
2010-02-15,151.15625
2010-02-16,151.53125
2010-02-17,161.46875
2010-02-18,172.8125
2010-02-19,218.96875
2010-02-20,253.375
2010-02-21,201.15625
2010-02-22,165.21875
2010-02-23,181.8125
2010-02-24,261.34375
2010-02-25,204.375
2010-02-26,172.5
2010-02-27,162.78125
2010-02-28,152.59375
2010-03-01,151.53125
2010-03-02,165.71875
2010-03-03,165.03125
2010-03-04,151.90625
2010-03-05,147.03125
2010-03-06,145.8125
2010-03-07,145.1875
2010-03-08,145.0
2010-03-09,162.59375
2010-03-10,277.28125
2010-03-11,430.875
2010-03-12,299.21875
2010-03-13,201.59375
2010-03-14,163.5
2010-03-15,158.625
2010-03-16,162.09375
2010-03-17,163.4375
2010-03-18,171.15625
2010-03-19,181.25
2010-03-20,172.5
2010-03-21,161.5
2010-03-22,158.125
2010-03-23,156.90625
2010-03-24,156.03125
2010-03-25,154.75
2010-03-26,170.84375
2010-03-27,218.9375
2010-03-28,201.28125
2010-03-29,221.1875
2010-03-30,238.6875
2010-03-31,189.84375
2010-04-01,163.28125
2010-04-02,197.75
2010-04-03,268.0
2010-04-04,252.4375
2010-04-05,188.90625
2010-04-06,158.96875
2010-04-07,149.1875
2010-04-08,147.375
2010-04-09,159.0
2010-04-10,166.28125
2010-04-11,159.53125
2010-04-12,148.71875
2010-04-13,143.1875
2010-04-14,144.40625
2010-04-15,168.25
2010-04-16,168.25
2010-04-17,153.625
2010-04-18,148.8125
2010-04-19,167.0
2010-04-20,191.34375
2010-04-21,224.34375
2010-04-22,191.96875
2010-04-23,160.71875
2010-04-24,164.40625
2010-04-25,198.03125
2010-04-26,171.25
2010-04-27,151.84375
2010-04-28,195.0
2010-04-29,440.9375
2010-04-30,753.96875
2010-05-01,679.21875
2010-05-02,423.625
2010-05-03,446.75
2010-05-04,427.15625
2010-05-05,352.96875
2010-05-06,287.90625
2010-05-07,216.84375
2010-05-08,180.71875
2010-05-09,186.6875
2010-05-10,176.03125
2010-05-11,188.125
2010-05-12,237.1875
2010-05-13,195.03125
2010-05-14,161.8125
2010-05-15,155.78125
2010-05-16,186.34375
2010-05-17,234.09375
2010-05-18,186.34375
2010-05-19,171.4375
2010-05-20,166.40625
2010-05-21,155.90625
2010-05-22,184.71875
2010-05-23,234.03125
2010-05-24,193.5
2010-05-25,183.90625
2010-05-26,292.8125
2010-05-27,341.3125
2010-05-28,241.125
2010-05-29,188.3125
2010-05-30,171.875
2010-05-31,161.09375
2010-06-01,155.84375
2010-06-02,155.40625
2010-06-03,180.125
2010-06-04,318.875
2010-06-05,497.03125
2010-06-06,698.84375
2010-06-07,750.875
2010-06-08,597.09375
2010-06-09,496.15625
2010-06-10,433.4375
2010-06-11,504.25
2010-06-12,439.9375
2010-06-13,479.59375
2010-06-14,491.53125
2010-06-15,281.5625
2010-06-16,198.78125
2010-06-17,180.5
2010-06-18,179.46875
2010-06-19,176.14062
2010-06-20,176.64062
2010-06-21,229.20312
2010-06-22,236.1875
2010-06-23,276.67188
2010-06-24,217.15625
2010-06-25,164.51562
2010-06-26,152.3125
2010-06-27,149.625
2010-06-28,147.95312
2010-06-29,148.92188
2010-06-30,152.03125
2010-07-01,188.04688
2010-07-02,452.53125
2010-07-03,710.46875
2010-07-04,470.71875
2010-07-05,332.90625
2010-07-06,309.82812
2010-07-07,230.10938
2010-07-08,178.5625
2010-07-09,170.0625
2010-07-10,174.53125
2010-07-11,171.9375
2010-07-12,166.6875
2010-07-13,169.75
2010-07-14,195.59375
2010-07-15,261.3125
2010-07-16,385.6875
2010-07-17,392.15625
2010-07-18,350.9375
2010-07-19,236.8125
2010-07-20,215.57812
2010-07-21,208.67188
2010-07-22,214.64062
2010-07-23,224.29688
2010-07-24,328.03125
2010-07-25,925.9219
2010-07-26,1132.5312
2010-07-27,914.1406
2010-07-28,749.3125
2010-07-29,377.60938
2010-07-30,277.92188
2010-07-31,244.6875
2010-08-01,353.46875
2010-08-02,681.9844
2010-08-03,700.28125
2010-08-04,396.34375
2010-08-05,265.57812
2010-08-06,303.21875
2010-08-07,406.375
2010-08-08,398.20312
2010-08-09,465.75
2010-08-10,535.4531
2010-08-11,638.2656
2010-08-12,718.65625
2010-08-13,649.0781
2010-08-14,584.5469
2010-08-15,602.46875
2010-08-16,618.7656
2010-08-17,685.3125
2010-08-18,787.7031
2010-08-19,657.1406
2010-08-20,621.7344
2010-08-21,1682.5156
2010-08-22,1395.4062
2010-08-23,847.9219
2010-08-24,1816.3672
2010-08-25,1530.6719
2010-08-26,498.76562
2010-08-27,346.09375
2010-08-28,488.1328
2010-08-29,859.96875
2010-08-30,801.3203
2010-08-31,513.96875
2010-09-01,536.8047
2010-09-02,1099.9688
2010-09-03,1857.8438
2010-09-04,1569.2891
2010-09-05,973.16406
2010-09-06,753.15625
2010-09-07,617.22656
2010-09-08,380.17188
2010-09-09,296.625
2010-09-10,270.9922
2010-09-11,359.39062
2010-09-12,498.48438
2010-09-13,554.7656
2010-09-14,481.01562
2010-09-15,434.1797
2010-09-16,475.02344
2010-09-17,353.03906
2010-09-18,558.2969
2010-09-19,779.9453
2010-09-20,648.91406
2010-09-21,427.96875
2010-09-22,278.20312
2010-09-23,297.98438
2010-09-24,552.1172
2010-09-25,542.60156
2010-09-26,297.89844
2010-09-27,236.59375
2010-09-28,332.4375
2010-09-29,379.7578
2010-09-30,322.15625
2010-10-01,566.6328
2010-10-02,853.375
2010-10-03,1104.7266
2010-10-04,1487.3828
2010-10-05,1724.0391
2010-10-06,1341.2891
2010-10-07,959.5625
2010-10-08,1036.0312
2010-10-09,787.78906
2010-10-10,443.73438
2010-10-11,296.1797
2010-10-12,262.72656
2010-10-13,254.07031
2010-10-14,383.8047
2010-10-15,1234.7188
2010-10-16,2166.6562
2010-10-17,1490.1406
2010-10-18,607.64844
2010-10-19,715.0156
2010-10-20,945.64844
2010-10-21,778.96094
2010-10-22,369.4922
2010-10-23,249.07031
2010-10-24,216.08594
2010-10-25,198.78125
2010-10-26,231.125
2010-10-27,1147.3906
2010-10-28,3179.1328
2010-10-29,2617.539
2010-10-30,1460.2188
2010-10-31,1238.1641
2010-11-01,1489.5391
2010-11-02,2295.2734
2010-11-03,2236.3125
2010-11-04,1936.0781
2010-11-05,2734.3594
2010-11-06,3832.4922
2010-11-07,3405.6016
2010-11-08,2074.6797
2010-11-09,1512.2734
2010-11-10,1635.5938
2010-11-11,1436.375
2010-11-12,1118.2344
2010-11-13,1231.2969
2010-11-14,3983.8672
2010-11-15,7950.086
2010-11-16,6886.6094
2010-11-17,5523.172
2010-11-18,3400.3125
2010-11-19,1702.2266
2010-11-20,1038.3594
2010-11-21,561.71094
2010-11-22,358.23438
2010-11-23,283.70312
2010-11-24,249.84375
2010-11-25,220.27344
2010-11-26,218.03125
2010-11-27,241.66406
2010-11-28,239.55469
2010-11-29,538.3828
2010-11-30,1027.7031
2010-12-01,805.0625
2010-12-02,455.70312
2010-12-03,292.25
2010-12-04,258.26562
2010-12-05,347.875
2010-12-06,493.20312
2010-12-07,581.0469
2010-12-08,651.8047
2010-12-09,665.58594
2010-12-10,492.16406
2010-12-11,269.89844
2010-12-12,192.28125
2010-12-13,172.1875
2010-12-14,193.875
2010-12-15,457.09375
2010-12-16,653.2969
2010-12-17,380.84375
2010-12-18,370.40625
2010-12-19,260.45312
2010-12-20,199.09375
2010-12-21,182.76562
2010-12-22,175.9375
2010-12-23,171.40625
2010-12-24,167.78125
2010-12-25,165.4375
2010-12-26,223.09375
2010-12-27,771.4844
2010-12-28,954.6094
2010-12-29,385.20312
2010-12-30,243.5
2010-12-31,211.3125
2011-01-01,200.07812
2011-01-02,204.71875
2011-01-03,191.20312
2011-01-04,176.85938
2011-01-05,182.79688
2011-01-06,231.09375
2011-01-07,517.8594
2011-01-08,1168.8125
2011-01-09,1044.5312
2011-01-10,655.03125
2011-01-11,568.125
2011-01-12,417.35938
2011-01-13,341.39062
2011-01-14,245.0
2011-01-15,226.85938
2011-01-16,544.5781
2011-01-17,869.65625
2011-01-18,559.4219
2011-01-19,392.89062
2011-01-20,276.0625
2011-01-21,222.54688
2011-01-22,246.125
2011-01-23,318.04688
2011-01-24,505.79688
2011-01-25,1015.0469
2011-01-26,990.59375
2011-01-27,769.1406
2011-01-28,886.28125
2011-01-29,1149.2344
2011-01-30,1300.0156
2011-01-31,1300.9688
2011-02-01,1341.7344
2011-02-02,1042.8594
2011-02-03,701.9219
2011-02-04,474.89062
2011-02-05,301.96875
2011-02-06,231.71875
2011-02-07,205.625
2011-02-08,192.0
2011-02-09,183.0
2011-02-10,176.46875
2011-02-11,171.84375
2011-02-12,169.21875
2011-02-13,173.21875
2011-02-14,251.125
2011-02-15,397.875
2011-02-16,254.03125
2011-02-17,182.6875
2011-02-18,168.53125
2011-02-19,166.75
2011-02-20,173.34375
2011-02-21,209.90625
2011-02-22,191.875
2011-02-23,168.46875
2011-02-24,159.15625
2011-02-25,156.53125
2011-02-26,155.28125
2011-02-27,154.40625
2011-02-28,153.90625
2011-03-01,153.15625
2011-03-02,152.40625
2011-03-03,152.625
2011-03-04,155.25
2011-03-05,170.21875
2011-03-06,196.8125
2011-03-07,177.84375
2011-03-08,176.5625
2011-03-09,219.59375
2011-03-10,190.59375
2011-03-11,185.90625
2011-03-12,177.90625
2011-03-13,160.09375
2011-03-14,152.15625
2011-03-15,154.96875
2011-03-16,186.09375
2011-03-17,455.1875
2011-03-18,631.59375
2011-03-19,322.3125
2011-03-20,225.5625
2011-03-21,230.875
2011-03-22,255.09375
2011-03-23,537.0625
2011-03-24,1247.9375
2011-03-25,1466.875
2011-03-26,1414.0938
2011-03-27,1270.5
2011-03-28,1088.8125
2011-03-29,939.5625
2011-03-30,748.53125
2011-03-31,553.1875
2011-04-01,391.28125
2011-04-02,256.0
2011-04-03,205.65625
2011-04-04,188.78125
2011-04-05,179.25
2011-04-06,172.5625
2011-04-07,167.5625
2011-04-08,164.0
2011-04-09,161.53125
2011-04-10,160.5
2011-04-11,158.65625
2011-04-12,155.96875
2011-04-13,154.125
2011-04-14,152.625
2011-04-15,151.375
2011-04-16,151.5625
2011-04-17,168.15625
2011-04-18,257.15625
2011-04-19,378.40625
2011-04-20,407.0625
2011-04-21,248.53125
2011-04-22,228.375
2011-04-23,302.1875
2011-04-24,379.1875
2011-04-25,396.0625
2011-04-26,262.5
2011-04-27,303.34375
2011-04-28,509.28125
2011-04-29,502.78125
2011-04-30,413.0625
2011-05-01,286.84375
2011-05-02,229.96875
2011-05-03,256.53125
2011-05-04,217.875
2011-05-05,181.625
2011-05-06,169.5
2011-05-07,268.34375
2011-05-08,530.875
2011-05-09,463.03125
2011-05-10,295.25
2011-05-11,256.84375
2011-05-12,215.53125
2011-05-13,261.75
2011-05-14,854.90625
2011-05-15,1155.4375
2011-05-16,945.34375
2011-05-17,1057.0625
2011-05-18,900.625
2011-05-19,662.875
2011-05-20,626.125
2011-05-21,511.96875
2011-05-22,311.46875
2011-05-23,328.65625
2011-05-24,943.15625
2011-05-25,1148.9688
2011-05-26,746.21875
2011-05-27,679.6875
2011-05-28,433.125
2011-05-29,304.1875
2011-05-30,275.5625
2011-05-31,255.40625
2011-06-01,379.0
2011-06-02,676.15625
2011-06-03,728.5
2011-06-04,753.03125
2011-06-05,556.9375
2011-06-06,681.0
2011-06-07,850.5
2011-06-08,693.5
2011-06-09,639.125
2011-06-10,697.28125
2011-06-11,413.75
2011-06-12,367.1875
2011-06-13,512.875
2011-06-14,556.75
2011-06-15,509.03125
2011-06-16,453.0
2011-06-17,288.0625
2011-06-18,240.8125
2011-06-19,525.5625
2011-06-20,923.625
2011-06-21,685.53125
2011-06-22,430.3125
2011-06-23,281.32812
2011-06-24,227.75
2011-06-25,206.85938
2011-06-26,200.6875
2011-06-27,184.5
2011-06-28,170.10938
2011-06-29,168.125
2011-06-30,173.71875
2011-07-01,188.51562
2011-07-02,197.0625
2011-07-03,187.125
2011-07-04,174.79688
2011-07-05,178.51562
2011-07-06,196.75
2011-07-07,191.15625
2011-07-08,166.59375
2011-07-09,154.5625
2011-07-10,155.59375
2011-07-11,204.03125
2011-07-12,313.84375
2011-07-13,256.84375
2011-07-14,212.42188
2011-07-15,275.54688
2011-07-16,353.125
2011-07-17,231.48438
2011-07-18,174.14062
2011-07-19,161.79688
2011-07-20,165.96875
2011-07-21,180.5
2011-07-22,173.45312
2011-07-23,174.8125
2011-07-24,213.5
2011-07-25,250.35938
2011-07-26,272.67188
2011-07-27,283.35938
2011-07-28,261.14062
2011-07-29,206.0625
2011-07-30,198.84375
2011-07-31,197.73438
2011-08-01,222.0625
2011-08-02,242.75
2011-08-03,236.9375
2011-08-04,245.54688
2011-08-05,216.45312
2011-08-06,189.4375
2011-08-07,179.5
2011-08-08,186.53125
2011-08-09,209.76562
2011-08-10,184.90625
2011-08-11,160.48438
2011-08-12,163.79688
2011-08-13,182.09375
2011-08-14,214.85938
2011-08-15,231.92188
2011-08-16,248.3125
2011-08-17,317.46875
2011-08-18,262.90625
2011-08-19,239.78125
2011-08-20,271.875
2011-08-21,290.25
2011-08-22,377.64062
2011-08-23,287.9453
2011-08-24,239.63281
2011-08-25,205.16406
2011-08-26,203.27344
2011-08-27,185.72656
2011-08-28,165.41406
2011-08-29,159.94531
2011-08-30,181.11719
2011-08-31,257.28906
2011-09-01,260.42188
2011-09-02,268.5078
2011-09-03,224.26562
2011-09-04,229.53125
2011-09-05,374.10938
2011-09-06,426.91406
2011-09-07,488.60156
2011-09-08,598.3281
2011-09-09,656.6406
2011-09-10,1022.1094
2011-09-11,1456.4531
2011-09-12,1214.0469
2011-09-13,589.90625
2011-09-14,445.57812
2011-09-15,482.1328
2011-09-16,624.16406
2011-09-17,489.5703
2011-09-18,338.91406
2011-09-19,301.97656
2011-09-20,414.8203
2011-09-21,675.2344
2011-09-22,3128.6484
2011-09-23,9960.422
2011-09-24,11420.125
2011-09-25,7570.578
2011-09-26,4680.797
2011-09-27,4700.703
2011-09-28,2840.5312
2011-09-29,968.625
2011-09-30,534.09375
2011-10-01,462.5547
2011-10-02,1433.6016
2011-10-03,3377.2578
2011-10-04,3275.9219
2011-10-05,2017.3516
2011-10-06,991.1328
2011-10-07,668.3594
2011-10-08,839.46875
2011-10-09,806.65625
2011-10-10,991.8828
2011-10-11,1263.7734
2011-10-12,1577.4297
2011-10-13,1608.6875
2011-10-14,1247.0
2011-10-15,1814.25
2011-10-16,2166.6406
2011-10-17,2251.6172
2011-10-18,2619.9844
2011-10-19,3057.375
2011-10-20,2458.4531
2011-10-21,1340.2266
2011-10-22,602.3203
2011-10-23,383.1797
2011-10-24,288.6875
2011-10-25,268.35938
2011-10-26,449.89844
2011-10-27,862.4922
2011-10-28,1235.1406
2011-10-29,1290.1875
2011-10-30,953.4297
2011-10-31,872.66406
2011-11-01,912.5703
2011-11-02,882.6719
2011-11-03,769.0547
2011-11-04,543.0469
2011-11-05,984.6172
2011-11-06,2121.1484
2011-11-07,7167.6953
2011-11-08,12428.3125
2011-11-09,5957.336
2011-11-10,1307.6484
2011-11-11,627.9453
2011-11-12,443.03906
2011-11-13,347.02344
2011-11-14,290.26562
2011-11-15,287.58594
2011-11-16,512.375
2011-11-17,741.375
2011-11-18,518.0469
2011-11-19,300.6328
2011-11-20,226.60156
2011-11-21,294.67188
2011-11-22,786.4219
2011-11-23,1349.1172
2011-11-24,1512.4688
2011-11-25,1539.2891
2011-11-26,1572.9531
2011-11-27,1331.125
2011-11-28,813.53125
2011-11-29,398.5625
2011-11-30,273.09375
2011-12-01,286.98438
2011-12-02,789.9375
2011-12-03,1012.78125
2011-12-04,507.9375
2011-12-05,322.84375
2011-12-06,317.51562
2011-12-07,411.85938
2011-12-08,647.0
2011-12-09,1696.9688
2011-12-10,2167.25
2011-12-11,1743.1562
2011-12-12,1018.7344
2011-12-13,432.0625
2011-12-14,291.5625
2011-12-15,294.14062
2011-12-16,900.71875
2011-12-17,1851.0
2011-12-18,1743.8594
2011-12-19,1258.9531
2011-12-20,823.3125
2011-12-21,496.89062
2011-12-22,524.2656
2011-12-23,1276.2656
2011-12-24,1834.9062
2011-12-25,1450.875
2011-12-26,844.6875
2011-12-27,458.51562
2011-12-28,353.40625
2011-12-29,340.125
2011-12-30,306.54688
2011-12-31,914.46875
2012-01-01,1738.1875
2012-01-02,1518.3906
2012-01-03,929.21875
2012-01-04,439.03125
2012-01-05,339.59375
2012-01-06,339.35938
2012-01-07,276.125
2012-01-08,444.57812
2012-01-09,655.71875
2012-01-10,427.25
2012-01-11,297.07812
2012-01-12,645.6094
2012-01-13,1318.5
2012-01-14,987.9375
2012-01-15,470.84375
2012-01-16,547.96875
2012-01-17,904.875
2012-01-18,642.15625
2012-01-19,340.125
2012-01-20,240.09375
2012-01-21,225.34375
2012-01-22,330.28125
2012-01-23,787.03125
2012-01-24,870.8125
2012-01-25,402.46875
2012-01-26,351.5625
2012-01-27,416.9375
2012-01-28,278.9375
2012-01-29,211.3125
2012-01-30,211.9375
2012-01-31,397.78125
2012-02-01,633.59375
2012-02-02,468.75
2012-02-03,288.71875
2012-02-04,238.875
2012-02-05,225.59375
2012-02-06,211.96875
2012-02-07,232.1875
2012-02-08,197.0625
2012-02-09,177.5
2012-02-10,174.84375
2012-02-11,171.28125
2012-02-12,169.1875
2012-02-13,168.3125
2012-02-14,168.71875
2012-02-15,165.75
2012-02-16,204.90625
2012-02-17,891.125
2012-02-18,1689.9688
2012-02-19,1368.375
2012-02-20,904.5
2012-02-21,578.53125
2012-02-22,334.96875
2012-02-23,258.8125
2012-02-24,235.03125
2012-02-25,211.0625
2012-02-26,195.0625
2012-02-27,197.875
2012-02-28,230.3125
2012-02-29,201.375
2012-03-01,176.875
2012-03-02,170.21875
2012-03-03,167.40625
2012-03-04,165.5
2012-03-05,163.8125
2012-03-06,162.25
2012-03-07,164.40625
2012-03-08,237.53125
2012-03-09,641.53125
2012-03-10,938.1875
2012-03-11,630.0625
2012-03-12,373.59375
2012-03-13,281.34375
2012-03-14,233.40625
2012-03-15,211.90625
2012-03-16,197.8125
2012-03-17,190.4375
2012-03-18,200.59375
2012-03-19,390.9375
2012-03-20,812.71875
2012-03-21,993.3125
2012-03-22,754.0625
2012-03-23,411.96875
2012-03-24,297.21875
2012-03-25,288.65625
2012-03-26,232.71875
2012-03-27,197.90625
2012-03-28,204.96875
2012-03-29,203.8125
2012-03-30,182.59375
2012-03-31,175.5625
2012-04-01,352.0625
2012-04-02,786.09375
2012-04-03,677.9375
2012-04-04,533.21875
2012-04-05,634.75
2012-04-06,439.15625
2012-04-07,444.65625
2012-04-08,525.625
2012-04-09,537.34375
2012-04-10,346.40625
2012-04-11,280.875
2012-04-12,325.6875
2012-04-13,407.125
2012-04-14,472.96875
2012-04-15,349.96875
2012-04-16,248.65625
2012-04-17,267.3125
2012-04-18,313.78125
2012-04-19,263.4375
2012-04-20,282.9375
2012-04-21,315.9375
2012-04-22,411.78125
2012-04-23,551.40625
2012-04-24,383.09375
2012-04-25,281.65625
2012-04-26,215.125
2012-04-27,185.875
2012-04-28,203.84375
2012-04-29,254.09375
2012-04-30,298.09375
2012-05-01,234.84375
2012-05-02,194.1875
2012-05-03,192.84375
2012-05-04,188.28125
2012-05-05,200.3125
2012-05-06,262.5
2012-05-07,218.28125
2012-05-08,199.40625
2012-05-09,206.9375
2012-05-10,231.8125
2012-05-11,200.28125
2012-05-12,193.15625
2012-05-13,304.46875
2012-05-14,332.71875
2012-05-15,336.8125
2012-05-16,323.40625
2012-05-17,425.28125
2012-05-18,772.40625
2012-05-19,682.5
2012-05-20,367.21875
2012-05-21,248.0
2012-05-22,215.03125
2012-05-23,216.59375
2012-05-24,233.375
2012-05-25,266.53125
2012-05-26,408.59375
2012-05-27,578.8125
2012-05-28,619.78125
2012-05-29,667.6875
2012-05-30,653.03125
2012-05-31,1046.2812
2012-06-01,1274.6875
2012-06-02,1421.1875
2012-06-03,1200.8125
2012-06-04,764.15625
2012-06-05,535.59375
2012-06-06,416.84375
2012-06-07,370.1875
2012-06-08,663.0
2012-06-09,771.5
2012-06-10,425.8125
2012-06-11,283.5
2012-06-12,223.6875
2012-06-13,196.28125
2012-06-14,184.98438
2012-06-15,178.82812
2012-06-16,220.98438
2012-06-17,1062.1875
2012-06-18,2029.7188
2012-06-19,1348.7969
2012-06-20,485.65625
2012-06-21,340.54688
2012-06-22,274.32812
2012-06-23,229.48438
2012-06-24,204.76562
2012-06-25,192.95312
2012-06-26,184.28125
2012-06-27,176.32812
2012-06-28,171.32812
2012-06-29,173.60938
2012-06-30,209.09375
2012-07-01,237.71875
2012-07-02,295.98438
2012-07-03,402.96875
2012-07-04,352.64062
2012-07-05,403.15625
2012-07-06,649.0
2012-07-07,595.0781
2012-07-08,362.85938
2012-07-09,321.875
2012-07-10,406.0625
2012-07-11,464.51562
2012-07-12,490.5625
2012-07-13,430.34375
2012-07-14,305.78125
2012-07-15,258.6875
2012-07-16,241.54688
2012-07-17,207.73438
2012-07-18,188.78125
2012-07-19,211.28125
2012-07-20,255.875
2012-07-21,265.01562
2012-07-22,337.71875
2012-07-23,247.5
2012-07-24,191.14062
2012-07-25,204.51562
2012-07-26,238.6875
2012-07-27,198.89062
2012-07-28,168.67188
2012-07-29,165.82812
2012-07-30,219.67188
2012-07-31,351.92188
2012-08-01,310.51562
2012-08-02,241.70312
2012-08-03,204.54688
2012-08-04,200.14062
2012-08-05,195.40625
2012-08-06,184.29688
2012-08-07,171.40625
2012-08-08,161.35938
2012-08-09,161.04688
2012-08-10,161.04688
2012-08-11,158.375
2012-08-12,156.95312
2012-08-13,155.07812
2012-08-14,153.40625
2012-08-15,155.76562
2012-08-16,179.78125
2012-08-17,203.25
2012-08-18,214.625
2012-08-19,211.10938
2012-08-20,190.23438
2012-08-21,193.1875
2012-08-22,187.78125
2012-08-23,1029.9062
2012-08-24,2514.336
2012-08-25,1954.2891
2012-08-26,1017.5078
2012-08-27,639.4219
2012-08-28,431.6953
2012-08-29,372.29688
2012-08-30,366.6328
2012-08-31,270.3672
2012-09-01,225.6875
2012-09-02,246.70312
2012-09-03,371.4375
2012-09-04,536.28906
2012-09-05,536.0
2012-09-06,776.1172
2012-09-07,1070.2656
2012-09-08,871.8281
2012-09-09,500.85938
2012-09-10,329.91406
2012-09-11,245.33594
2012-09-12,247.71875
2012-09-13,363.98438
2012-09-14,617.2656
2012-09-15,1350.3984
2012-09-16,1494.6641
2012-09-17,813.71094
2012-09-18,444.375
2012-09-19,361.76562
2012-09-20,272.17188
2012-09-21,229.25
2012-09-22,211.33594
2012-09-23,238.98438
2012-09-24,276.9453
2012-09-25,215.35938
2012-09-26,216.27344
2012-09-27,535.46094
2012-09-28,874.3906
2012-09-29,631.02344
2012-09-30,396.6875
2012-10-01,270.5703
2012-10-02,236.99219
2012-10-03,260.0703
2012-10-04,372.91406
2012-10-05,440.71875
2012-10-06,615.125
2012-10-07,2483.586
2012-10-08,2300.3438
2012-10-09,979.1797
2012-10-10,546.3281
2012-10-11,359.85156
2012-10-12,275.0
2012-10-13,243.49219
2012-10-14,223.6875
2012-10-15,202.4375
2012-10-16,189.82031
2012-10-17,182.21875
2012-10-18,176.72656
2012-10-19,172.74219
2012-10-20,169.55469
2012-10-21,167.14062
2012-10-22,165.40625
2012-10-23,164.73438
2012-10-24,168.82812
2012-10-25,180.375
2012-10-26,174.20312
2012-10-27,208.25
2012-10-28,556.5625
2012-10-29,744.4297
2012-10-30,358.51562
2012-10-31,337.875
2012-11-01,523.7578
2012-11-02,548.8906
2012-11-03,409.3047
2012-11-04,269.2422
2012-11-05,221.17969
2012-11-06,199.57812
2012-11-07,201.34375
2012-11-08,220.14844
2012-11-09,196.07031
2012-11-10,176.96875
2012-11-11,168.98438
2012-11-12,203.1875
2012-11-13,356.28125
2012-11-14,421.3828
2012-11-15,381.17188
2012-11-16,501.57812
2012-11-17,706.47656
2012-11-18,1102.0078
2012-11-19,968.09375
2012-11-20,438.71875
2012-11-21,278.1953
2012-11-22,225.24219
2012-11-23,202.61719
2012-11-24,207.17188
2012-11-25,192.35156
2012-11-26,175.49219
2012-11-27,170.73438
2012-11-28,175.34375
2012-11-29,166.74219
2012-11-30,157.4375
2012-12-01,152.61719
2012-12-02,150.625
2012-12-03,147.63281
2012-12-04,145.04688
2012-12-05,165.67969
2012-12-06,310.10938
2012-12-07,442.08594
2012-12-08,269.28125
2012-12-09,192.38281
2012-12-10,168.90625
2012-12-11,157.76562
2012-12-12,157.45312
2012-12-13,180.23438
2012-12-14,201.57812
2012-12-15,181.82812
2012-12-16,167.04688
2012-12-17,160.25
2012-12-18,161.28125
2012-12-19,198.84375
2012-12-20,285.46875
2012-12-21,221.26562
2012-12-22,176.8125
2012-12-23,397.89062
2012-12-24,1325.875
2012-12-25,1214.8438
2012-12-26,492.65625
2012-12-27,314.5625
2012-12-28,271.5625
2012-12-29,244.98438
2012-12-30,341.51562
2012-12-31,563.4219
2013-01-01,495.71875
2013-01-02,297.90625
2013-01-03,215.34375
2013-01-04,200.21875
2013-01-05,251.73438
2013-01-06,372.53125
2013-01-07,504.09375
2013-01-08,584.4375
2013-01-09,393.42188
2013-01-10,670.3594
2013-01-11,872.96875
2013-01-12,597.7031
2013-01-13,379.53125
2013-01-14,250.98438
2013-01-15,203.71875
2013-01-16,188.23438
2013-01-17,179.65625
2013-01-18,174.79688
2013-01-19,189.09375
2013-01-20,228.21875
2013-01-21,199.125
2013-01-22,170.9375
2013-01-23,162.07812
2013-01-24,159.54688
2013-01-25,158.4375
2013-01-26,158.125
2013-01-27,158.26562
2013-01-28,157.3125
2013-01-29,161.3125
2013-01-30,169.96875
2013-01-31,160.03125
2013-02-01,154.625
2013-02-02,153.5
2013-02-03,153.1875
2013-02-04,152.71875
2013-02-05,151.90625
2013-02-06,151.21875
2013-02-07,150.53125
2013-02-08,150.0625
2013-02-09,150.5
2013-02-10,156.8125
2013-02-11,172.59375
2013-02-12,169.375
2013-02-13,159.28125
2013-02-14,154.46875
2013-02-15,153.75
2013-02-16,152.3125
2013-02-17,153.40625
2013-02-18,156.59375
2013-02-19,153.71875
2013-02-20,149.65625
2013-02-21,149.65625
2013-02-22,160.375
2013-02-23,246.21875
2013-02-24,512.75
2013-02-25,679.9375
2013-02-26,441.78125
2013-02-27,250.40625
2013-02-28,191.75
2013-03-01,175.96875
2013-03-02,168.34375
2013-03-03,221.53125
2013-03-04,718.71875
2013-03-05,961.4375
2013-03-06,537.25
2013-03-07,308.0
2013-03-08,228.25
2013-03-09,200.53125
2013-03-10,185.875
2013-03-11,176.5
2013-03-12,175.21875
2013-03-13,214.71875
2013-03-14,319.0
2013-03-15,447.6875
2013-03-16,367.21875
2013-03-17,236.0
2013-03-18,187.0
2013-03-19,177.125
2013-03-20,199.25
2013-03-21,288.25
2013-03-22,314.84375
2013-03-23,370.46875
2013-03-24,361.5
2013-03-25,257.34375
2013-03-26,205.75
2013-03-27,275.4375
2013-03-28,416.15625
2013-03-29,279.9375
2013-03-30,218.46875
2013-03-31,197.21875
2013-04-01,238.8125
2013-04-02,349.78125
2013-04-03,241.125
2013-04-04,175.90625
2013-04-05,159.0625
2013-04-06,155.1875
2013-04-07,154.3125
2013-04-08,155.53125
2013-04-09,181.5625
2013-04-10,362.21875
2013-04-11,519.625
2013-04-12,518.8125
2013-04-13,746.6875
2013-04-14,765.09375
2013-04-15,396.28125
2013-04-16,254.125
2013-04-17,310.96875
2013-04-18,701.28125
2013-04-19,754.75
2013-04-20,469.0625
2013-04-21,384.71875
2013-04-22,546.71875
2013-04-23,491.875
2013-04-24,447.09375
2013-04-25,520.40625
2013-04-26,602.84375
2013-04-27,963.375
2013-04-28,830.6875
2013-04-29,465.0625
2013-04-30,562.65625
2013-05-01,589.9375
2013-05-02,483.53125
2013-05-03,425.6875
2013-05-04,356.65625
2013-05-05,659.75
2013-05-06,1023.03125
2013-05-07,756.65625
2013-05-08,871.125
2013-05-09,964.21875
2013-05-10,775.46875
2013-05-11,1014.96875
2013-05-12,1306.375
2013-05-13,999.53125
2013-05-14,509.96875
2013-05-15,305.4375
2013-05-16,238.53125
2013-05-17,225.5625
2013-05-18,215.3125
2013-05-19,250.34375
2013-05-20,278.5
2013-05-21,237.5
2013-05-22,214.15625
2013-05-23,239.6875
2013-05-24,221.5
2013-05-25,227.375
2013-05-26,256.15625
2013-05-27,267.75
2013-05-28,210.6875
2013-05-29,185.96875
2013-05-30,217.28125
2013-05-31,241.5
2013-06-01,270.5625
2013-06-02,330.5
2013-06-03,362.34375
2013-06-04,794.53125
2013-06-05,1181.75
2013-06-06,1029.7812
2013-06-07,804.65625
2013-06-08,545.5
2013-06-09,309.59375
2013-06-10,287.9375
2013-06-11,627.28125
2013-06-12,949.625
2013-06-13,1196.0
2013-06-14,1391.9688
2013-06-15,905.53125
2013-06-16,497.21875
2013-06-17,385.90625
2013-06-18,294.03125
2013-06-19,287.40625
2013-06-20,249.75
2013-06-21,254.26562
2013-06-22,561.4531
2013-06-23,773.3125
2013-06-24,439.84375
2013-06-25,281.78125
2013-06-26,211.96875
2013-06-27,186.51562
2013-06-28,176.32812
2013-06-29,168.5625
2013-06-30,172.79688
2013-07-01,178.125
2013-07-02,203.28125
2013-07-03,213.6875
2013-07-04,221.53125
2013-07-05,322.6875
2013-07-06,357.21875
2013-07-07,484.6875
2013-07-08,616.2031
2013-07-09,572.5156
2013-07-10,507.29688
2013-07-11,381.28125
2013-07-12,386.35938
2013-07-13,393.23438
2013-07-14,328.48438
2013-07-15,303.9375
2013-07-16,397.54688
2013-07-17,715.03125
2013-07-18,730.8281
2013-07-19,437.71875
2013-07-20,777.7656
2013-07-21,1708.0
2013-07-22,1642.3281
2013-07-23,1186.5781
2013-07-24,1455.1562
2013-07-25,1602.1562
2013-07-26,988.8281
2013-07-27,429.0625
2013-07-28,312.5625
2013-07-29,281.0625
2013-07-30,250.42188
2013-07-31,353.375
2013-08-01,587.78125
2013-08-02,555.25
2013-08-03,354.46875
2013-08-04,332.70312
2013-08-05,341.60938
2013-08-06,495.89062
2013-08-07,502.39062
2013-08-08,477.32812
2013-08-09,332.53125
2013-08-10,412.90625
2013-08-11,505.89062
2013-08-12,399.42188
2013-08-13,388.98438
2013-08-14,366.82812
2013-08-15,242.75
2013-08-16,187.26562
2013-08-17,172.09375
2013-08-18,166.78125
2013-08-19,163.375
2013-08-20,161.90625
2013-08-21,161.25
2013-08-22,165.25
2013-08-23,178.17188
2013-08-24,183.60938
2013-08-25,171.20312
2013-08-26,171.42188
2013-08-27,238.21875
2013-08-28,318.46875
2013-08-29,291.35938
2013-08-30,245.79688
2013-08-31,193.29688
2013-09-01,179.82812
2013-09-02,227.17188
2013-09-03,322.0625
2013-09-04,250.5625
2013-09-05,234.95312
2013-09-06,340.57812
2013-09-07,467.46875
2013-09-08,455.07812
2013-09-09,328.1875
2013-09-10,554.9375
2013-09-11,1253.2812
2013-09-12,1381.4062
2013-09-13,1226.0312
2013-09-14,1125.4844
2013-09-15,1033.3594
2013-09-16,1179.8125
2013-09-17,2215.0
2013-09-18,5641.1875
2013-09-19,6281.125
2013-09-20,2965.8125
2013-09-21,1834.2891
2013-09-22,3711.0703
2013-09-23,3363.8906
2013-09-24,1746.0
2013-09-25,1318.0859
2013-09-26,3376.5469
2013-09-27,3698.1406
2013-09-28,1978.9688
2013-09-29,788.09375
2013-09-30,1325.3828
2013-10-01,2650.0703
2013-10-02,2406.1328
2013-10-03,2517.4219
2013-10-04,2461.4453
2013-10-05,1634.4375
2013-10-06,919.1328
2013-10-07,438.9453
2013-10-08,306.47656
2013-10-09,258.34375
2013-10-10,230.14062
2013-10-11,211.89844
2013-10-12,203.25
2013-10-13,207.14844
2013-10-14,1120.75
2013-10-15,5260.578
2013-10-16,5333.5547
2013-10-17,2682.1953
2013-10-18,1337.7734
2013-10-19,1093.1719
2013-10-20,1335.25
2013-10-21,1473.6719
2013-10-22,939.2422
2013-10-23,517.5469
2013-10-24,375.97656
2013-10-25,300.5078
2013-10-26,270.1328
2013-10-27,263.09375
2013-10-28,235.45312
2013-10-29,203.25
2013-10-30,194.34375
2013-10-31,195.1875
2013-11-01,181.75
2013-11-02,173.10156
2013-11-03,168.71094
2013-11-04,180.0625
2013-11-05,388.79688
2013-11-06,1384.4609
2013-11-07,2897.0156
2013-11-08,2729.211
2013-11-09,1685.2969
2013-11-10,1886.5
2013-11-11,2217.3984
2013-11-12,1271.9062
2013-11-13,591.5078
2013-11-14,722.75
2013-11-15,2426.2188
2013-11-16,6026.0312
2013-11-17,5821.7656
2013-11-18,3008.9219
2013-11-19,1362.0156
2013-11-20,1075.7344
2013-11-21,973.5625
2013-11-22,540.1719
2013-11-23,471.21875
2013-11-24,474.40625
2013-11-25,309.39062
2013-11-26,325.54688
2013-11-27,416.73438
2013-11-28,366.01562
2013-11-29,1217.0469
2013-11-30,1664.3281
2013-12-01,1077.0781
2013-12-02,653.6094
2013-12-03,442.23438
2013-12-04,295.92188
2013-12-05,330.01562
2013-12-06,421.89062
2013-12-07,265.51562
2013-12-08,200.03125
2013-12-09,179.95312
2013-12-10,169.125
2013-12-11,163.8125
2013-12-12,161.28125
2013-12-13,160.375
2013-12-14,223.46875
2013-12-15,919.7656
2013-12-16,1117.375
2013-12-17,451.79688
2013-12-18,360.65625
2013-12-19,331.39062
2013-12-20,261.82812
2013-12-21,212.59375
2013-12-22,201.84375
2013-12-23,289.25
2013-12-24,482.23438
2013-12-25,496.8125
2013-12-26,475.32812
2013-12-27,315.60938
2013-12-28,279.90625
2013-12-29,345.57812
2013-12-30,310.75
2013-12-31,254.875
2014-01-01,231.09375
2014-01-02,208.48438
2014-01-03,183.48438
2014-01-04,171.39062
2014-01-05,175.45312
2014-01-06,198.76562
2014-01-07,181.21875
2014-01-08,166.0625
2014-01-09,164.07812
2014-01-10,188.25
2014-01-11,270.4375
2014-01-12,263.5625
2014-01-13,400.82812
2014-01-14,961.4844
2014-01-15,1008.34375
2014-01-16,501.40625
2014-01-17,315.46875
2014-01-18,451.71875
2014-01-19,695.1406
2014-01-20,518.34375
2014-01-21,430.34375
2014-01-22,501.03125
2014-01-23,335.53125
2014-01-24,233.8125
2014-01-25,195.34375
2014-01-26,183.8125
2014-01-27,178.09375
2014-01-28,174.1875
2014-01-29,171.0625
2014-01-30,168.96875
2014-01-31,166.84375
2014-02-01,164.78125
2014-02-02,162.9375
2014-02-03,161.4375
2014-02-04,160.28125
2014-02-05,159.53125
2014-02-06,158.59375
2014-02-07,157.71875
2014-02-08,156.875
2014-02-09,156.09375
2014-02-10,158.53125
2014-02-11,185.40625
2014-02-12,263.46875
2014-02-13,236.8125
2014-02-14,190.9375
2014-02-15,177.84375
2014-02-16,167.65625
2014-02-17,159.40625
2014-02-18,156.5625
2014-02-19,156.5625
2014-02-20,161.71875
2014-02-21,161.4375
2014-02-22,156.875
2014-02-23,154.75
2014-02-24,153.90625
2014-02-25,153.25
2014-02-26,152.40625
2014-02-27,151.875
2014-02-28,151.4375
2014-03-01,150.84375
2014-03-02,150.28125
2014-03-03,149.875
2014-03-04,149.6875
2014-03-05,150.40625
2014-03-06,150.3125
2014-03-07,149.84375
2014-03-08,150.53125
2014-03-09,154.125
2014-03-10,156.40625
2014-03-11,161.46875
2014-03-12,155.40625
2014-03-13,149.5
2014-03-14,148.8125
2014-03-15,155.5
2014-03-16,167.0625
2014-03-17,165.875
2014-03-18,161.5
2014-03-19,159.96875
2014-03-20,159.46875
2014-03-21,163.4375
2014-03-22,191.96875
2014-03-23,232.25
2014-03-24,245.96875
2014-03-25,205.0
2014-03-26,167.75
2014-03-27,152.5
2014-03-28,148.625
2014-03-29,147.40625
2014-03-30,147.625
2014-03-31,156.6875
2014-04-01,157.78125
2014-04-02,149.53125
2014-04-03,157.5625
2014-04-04,220.0625
2014-04-05,338.3125
2014-04-06,461.28125
2014-04-07,349.46875
2014-04-08,392.9375
2014-04-09,511.90625
2014-04-10,457.40625
2014-04-11,343.9375
2014-04-12,340.75
2014-04-13,281.8125
2014-04-14,208.1875
2014-04-15,171.0625
2014-04-16,160.375
2014-04-17,156.25
2014-04-18,153.84375
2014-04-19,152.46875
2014-04-20,150.71875
2014-04-21,149.09375
2014-04-22,148.1875
2014-04-23,147.34375
2014-04-24,146.96875
2014-04-25,149.84375
2014-04-26,148.25
2014-04-27,145.25
2014-04-28,150.34375
2014-04-29,230.53125
2014-04-30,528.9375
2014-05-01,1054.7812
2014-05-02,1377.5
2014-05-03,1041.875
2014-05-04,672.1875
2014-05-05,607.09375
2014-05-06,587.75
2014-05-07,666.9375
2014-05-08,462.84375
2014-05-09,431.34375
2014-05-10,438.28125
2014-05-11,268.53125
2014-05-12,197.78125
2014-05-13,193.96875
2014-05-14,230.46875
2014-05-15,203.40625
2014-05-16,174.625
2014-05-17,166.34375
2014-05-18,178.40625
2014-05-19,186.90625
2014-05-20,173.46875
2014-05-21,164.84375
2014-05-22,171.1875
2014-05-23,162.75
2014-05-24,154.0625
2014-05-25,160.84375
2014-05-26,191.78125
2014-05-27,233.9375
2014-05-28,244.65625
2014-05-29,292.03125
2014-05-30,222.0
2014-05-31,191.59375
2014-06-01,233.125
2014-06-02,237.6875
2014-06-03,261.28125
2014-06-04,250.25
2014-06-05,254.625
2014-06-06,202.40625
2014-06-07,163.0
2014-06-08,163.65625
2014-06-09,186.5625
2014-06-10,194.34375
2014-06-11,174.09375
2014-06-12,177.59375
2014-06-13,291.25
2014-06-14,449.21875
2014-06-15,297.8125
2014-06-16,200.8125
2014-06-17,172.46875
2014-06-18,173.25
2014-06-19,197.28125
2014-06-20,183.09375
2014-06-21,161.78125
2014-06-22,156.5
2014-06-23,170.40625
2014-06-24,229.8125
2014-06-25,253.53125
2014-06-26,201.15625
2014-06-27,167.3125
2014-06-28,157.6875
2014-06-29,185.5625
2014-06-30,515.25
2014-07-01,744.375
2014-07-02,395.59375
2014-07-03,284.21875
2014-07-04,254.5
2014-07-05,373.125
2014-07-06,495.28125
2014-07-07,352.14062
2014-07-08,242.35938
2014-07-09,231.48438
2014-07-10,282.5
2014-07-11,285.26562
2014-07-12,229.15625
2014-07-13,297.0
2014-07-14,501.84375
2014-07-15,484.71875
2014-07-16,507.75
2014-07-17,383.60938
2014-07-18,288.59375
2014-07-19,249.45312
2014-07-20,251.57812
2014-07-21,260.84375
2014-07-22,300.20312
2014-07-23,772.6719
2014-07-24,1242.8438
2014-07-25,889.53125
2014-07-26,418.48438
2014-07-27,374.42188
2014-07-28,501.14062
2014-07-29,784.8281
2014-07-30,1154.2188
2014-07-31,1057.5156
2014-08-01,1078.0312
2014-08-02,1976.4531
2014-08-03,1630.3438
2014-08-04,606.625
2014-08-05,430.89062
2014-08-06,559.8281
2014-08-07,580.25
2014-08-08,325.45312
2014-08-09,222.21875
2014-08-10,189.85938
2014-08-11,175.07812
2014-08-12,166.5
2014-08-13,161.23438
2014-08-14,157.73438
2014-08-15,156.39062
2014-08-16,167.92188
2014-08-17,202.45312
2014-08-18,200.35938
2014-08-19,171.45312
2014-08-20,159.0
2014-08-21,277.23438
2014-08-22,611.90625
2014-08-23,574.3594
2014-08-24,474.98438
2014-08-25,527.3594
2014-08-26,464.70312
2014-08-27,539.5625
2014-08-28,763.4375
2014-08-29,722.8906
2014-08-30,588.4375
2014-08-31,818.5625
2014-09-01,1764.0312
2014-09-02,2081.1875
2014-09-03,1296.1406
2014-09-04,853.2656
2014-09-05,724.75
2014-09-06,545.625
2014-09-07,322.59375
2014-09-08,237.23438
2014-09-09,236.95312
2014-09-10,329.5625
2014-09-11,359.77344
2014-09-12,422.3047
2014-09-13,299.41406
2014-09-14,258.47656
2014-09-15,383.1953
2014-09-16,493.375
2014-09-17,319.03906
2014-09-18,216.98438
2014-09-19,183.17188
2014-09-20,167.82031
2014-09-21,162.55469
2014-09-22,166.39062
2014-09-23,493.6172
2014-09-24,1924.3047
2014-09-25,2073.586
2014-09-26,1198.7891
2014-09-27,693.52344
2014-09-28,486.4453
2014-09-29,310.85156
2014-09-30,243.0
2014-10-01,216.13281
2014-10-02,198.90625
2014-10-03,185.44531
2014-10-04,176.42188
2014-10-05,174.53125
2014-10-06,211.82812
2014-10-07,351.125
2014-10-08,587.2656
2014-10-09,682.6406
2014-10-10,328.7422
2014-10-11,221.64062
2014-10-12,219.90625
2014-10-13,383.14062
2014-10-14,569.5703
2014-10-15,443.58594
2014-10-16,292.35156
2014-10-17,217.78125
2014-10-18,238.375
2014-10-19,510.5625
2014-10-20,640.78125
2014-10-21,345.83594
2014-10-22,244.78125
2014-10-23,280.6797
2014-10-24,432.17188
2014-10-25,828.53125
2014-10-26,2075.4219
2014-10-27,2420.6797
2014-10-28,1324.0391
2014-10-29,665.1094
2014-10-30,431.79688
2014-10-31,303.8047
2014-11-01,289.9922
2014-11-02,308.4453
2014-11-03,237.73438
2014-11-04,230.54688
2014-11-05,284.64062
2014-11-06,217.46875
2014-11-07,179.8125
2014-11-08,169.23438
2014-11-09,164.125
2014-11-10,161.36719
2014-11-11,159.79688
2014-11-12,162.75
2014-11-13,286.2578
2014-11-14,1061.7344
2014-11-15,1470.25
2014-11-16,1066.4375
2014-11-17,779.0781
2014-11-18,634.5
2014-11-19,604.2031
2014-11-20,611.6094
2014-11-21,572.8906
2014-11-22,398.70312
2014-11-23,254.73438
2014-11-24,197.625
2014-11-25,179.04688
2014-11-26,179.48438
2014-11-27,201.10938
2014-11-28,176.45312
2014-11-29,159.82812
2014-11-30,194.23438
2014-12-01,524.90625
2014-12-02,1342.1406
2014-12-03,1599.0156
2014-12-04,984.0625
2014-12-05,532.6719
2014-12-06,576.0625
2014-12-07,645.6094
2014-12-08,935.4375
2014-12-09,1333.4531
2014-12-10,1096.6562
2014-12-11,619.71875
2014-12-12,571.25
2014-12-13,1091.5312
2014-12-14,1178.7031
2014-12-15,743.0469
2014-12-16,715.5
2014-12-17,1366.2969
2014-12-18,1359.0781
2014-12-19,625.4531
2014-12-20,372.40625
2014-12-21,372.28125
2014-12-22,937.375
2014-12-23,1260.5625
2014-12-24,652.46875
2014-12-25,394.01562
2014-12-26,574.6406
2014-12-27,860.9844
2014-12-28,1000.8906
2014-12-29,1593.1719
2014-12-30,1250.6406
2014-12-31,498.07812
2015-01-01,308.76562
2015-01-02,294.20312
2015-01-03,415.89062
2015-01-04,576.1875
2015-01-05,374.9375
2015-01-06,242.09375
2015-01-07,218.82812
2015-01-08,544.0625
2015-01-09,1364.875
2015-01-10,1656.4531
2015-01-11,1511.9062
2015-01-12,1004.71875
2015-01-13,481.5625
2015-01-14,314.875
2015-01-15,248.84375
2015-01-16,220.64062
2015-01-17,213.125
2015-01-18,376.46875
2015-01-19,792.90625
2015-01-20,685.8594
2015-01-21,352.46875
2015-01-22,233.53125
2015-01-23,199.375
2015-01-24,186.4375
2015-01-25,178.42188
2015-01-26,172.70312
2015-01-27,168.53125
2015-01-28,165.25
2015-01-29,162.53125
2015-01-30,160.40625
2015-01-31,159.3125
2015-02-01,169.4375
2015-02-02,272.34375
2015-02-03,457.40625
2015-02-04,386.34375
2015-02-05,240.125
2015-02-06,210.5625
2015-02-07,278.6875
2015-02-08,287.09375
2015-02-09,246.5625
2015-02-10,291.5625
2015-02-11,237.5625
2015-02-12,184.03125
2015-02-13,163.0
2015-02-14,157.4375
2015-02-15,155.375
2015-02-16,154.03125
2015-02-17,153.09375
2015-02-18,152.5
2015-02-19,152.25
2015-02-20,152.6875
2015-02-21,175.75
2015-02-22,391.5625
2015-02-23,686.875
2015-02-24,624.375
2015-02-25,318.46875
2015-02-26,214.40625
2015-02-27,189.09375
2015-02-28,189.46875
2015-03-01,178.5
2015-03-02,165.53125
2015-03-03,160.15625
2015-03-04,157.21875
2015-03-05,155.28125
2015-03-06,153.53125
2015-03-07,152.125
2015-03-08,151.0625
2015-03-09,150.15625
2015-03-10,149.25
2015-03-11,148.625
2015-03-12,148.125
2015-03-13,147.59375
2015-03-14,147.21875
2015-03-15,156.40625
2015-03-16,191.71875
2015-03-17,194.03125
2015-03-18,182.875
2015-03-19,172.375
2015-03-20,160.78125
2015-03-21,157.125
2015-03-22,156.46875
2015-03-23,156.1875
2015-03-24,158.90625
2015-03-25,210.3125
2015-03-26,450.5
2015-03-27,576.25
2015-03-28,440.40625
2015-03-29,314.53125
2015-03-30,222.40625
2015-03-31,263.84375
2015-04-01,398.21875
2015-04-02,261.125
2015-04-03,187.6875
2015-04-04,181.6875
2015-04-05,196.625
2015-04-06,268.875
2015-04-07,254.8125
2015-04-08,193.3125
2015-04-09,162.09375
2015-04-10,154.125
2015-04-11,153.03125
2015-04-12,243.25
2015-04-13,836.9375
2015-04-14,938.34375
2015-04-15,398.625
2015-04-16,258.125
2015-04-17,217.28125
2015-04-18,196.28125
2015-04-19,182.53125
2015-04-20,172.78125
2015-04-21,166.65625
2015-04-22,172.78125
2015-04-23,215.125
2015-04-24,228.34375
2015-04-25,198.0625
2015-04-26,173.90625
2015-04-27,175.96875
2015-04-28,165.21875
2015-04-29,157.0
2015-04-30,185.4375
2015-05-01,249.625
2015-05-02,292.34375
2015-05-03,288.46875
2015-05-04,226.625
2015-05-05,218.40625
2015-05-06,219.4375
2015-05-07,209.4375
2015-05-08,186.125
2015-05-09,189.1875
2015-05-10,192.84375
2015-05-11,286.625
2015-05-12,408.84375
2015-05-13,504.9375
2015-05-14,542.09375
2015-05-15,370.4375
2015-05-16,275.125
2015-05-17,253.625
2015-05-18,262.53125
2015-05-19,246.75
2015-05-20,315.75
2015-05-21,241.5
2015-05-22,180.0625
2015-05-23,161.46875
2015-05-24,156.25
2015-05-25,151.625
2015-05-26,156.96875
2015-05-27,203.84375
2015-05-28,204.4375
2015-05-29,171.65625
2015-05-30,151.03125
2015-05-31,145.34375
2015-06-01,144.125
2015-06-02,143.59375
2015-06-03,145.875
2015-06-04,165.0
2015-06-05,169.78125
2015-06-06,171.59375
2015-06-07,190.59375
2015-06-08,270.65625
2015-06-09,268.4375
2015-06-10,192.15625
2015-06-11,155.0
2015-06-12,158.65625
2015-06-13,233.46875
2015-06-14,282.34375
2015-06-15,309.6875
2015-06-16,383.75
2015-06-17,570.0625
2015-06-18,596.9375
2015-06-19,472.84375
2015-06-20,371.125
2015-06-21,418.15625
2015-06-22,685.625
2015-06-23,1061.8125
2015-06-24,906.03125
2015-06-25,521.75
2015-06-26,306.59375
2015-06-27,223.21875
2015-06-28,187.5625
2015-06-29,173.125
2015-06-30,165.09375
2015-07-01,159.1875
2015-07-02,154.625
2015-07-03,151.34375
2015-07-04,148.96875
2015-07-05,148.125
2015-07-06,154.625
2015-07-07,351.96875
2015-07-08,1047.5938
2015-07-09,1183.5625
2015-07-10,789.4531
2015-07-11,448.95312
2015-07-12,303.78125
2015-07-13,278.40625
2015-07-14,419.95312
2015-07-15,776.6719
2015-07-16,756.21875
2015-07-17,380.0
2015-07-18,258.59375
2015-07-19,287.09375
2015-07-20,337.29688
2015-07-21,336.92188
2015-07-22,239.64062
2015-07-23,179.125
2015-07-24,164.73438
2015-07-25,161.96875
2015-07-26,157.76562
2015-07-27,168.48438
2015-07-28,243.21875
2015-07-29,240.0
2015-07-30,257.65625
2015-07-31,232.9375
2015-08-01,202.6875
2015-08-02,231.39062
2015-08-03,423.21875
2015-08-04,690.6094
2015-08-05,841.875
2015-08-06,681.28125
2015-08-07,601.6719
2015-08-08,571.90625
2015-08-09,395.57812
2015-08-10,331.4375
2015-08-11,316.64062
2015-08-12,386.34375
2015-08-13,475.4375
2015-08-14,338.67188
2015-08-15,224.71875
2015-08-16,178.57812
2015-08-17,176.35938
2015-08-18,170.39062
2015-08-19,161.90625
2015-08-20,161.54688
2015-08-21,193.95312
2015-08-22,289.32812
2015-08-23,218.375
2015-08-24,171.54688
2015-08-25,172.0
2015-08-26,230.15625
2015-08-27,335.92188
2015-08-28,416.9375
2015-08-29,278.28125
2015-08-30,197.25
2015-08-31,176.95312
2015-09-01,189.98438
2015-09-02,179.40625
2015-09-03,202.32812
2015-09-04,264.54688
2015-09-05,223.6875
2015-09-06,216.57812
2015-09-07,207.5
2015-09-08,177.78125
2015-09-09,162.76562
2015-09-10,166.71875
2015-09-11,235.29688
2015-09-12,444.98438
2015-09-13,689.9375
2015-09-14,3518.5625
2015-09-15,5853.133
2015-09-16,3111.1953
2015-09-17,931.53125
2015-09-18,726.5469
2015-09-19,542.25
2015-09-20,437.3203
2015-09-21,301.8125
2015-09-22,236.34375
2015-09-23,220.3125
2015-09-24,258.9453
2015-09-25,256.6328
2015-09-26,206.5
2015-09-27,185.25
2015-09-28,213.0625
2015-09-29,187.21875
2015-09-30,171.95312
2015-10-01,228.03906
2015-10-02,344.73438
2015-10-03,565.7578
2015-10-04,1802.6797
2015-10-05,3923.5703
2015-10-06,2836.5938
2015-10-07,1145.9844
2015-10-08,804.8281
2015-10-09,721.66406
2015-10-10,883.3281
2015-10-11,3655.9219
2015-10-12,6725.125
2015-10-13,5687.375
2015-10-14,2736.125
2015-10-15,1738.4922
2015-10-16,1936.9062
2015-10-17,1293.4609
2015-10-18,514.3828
2015-10-19,336.35156
2015-10-20,274.47656
2015-10-21,237.91406
2015-10-22,213.78906
2015-10-23,197.19531
2015-10-24,185.61719
2015-10-25,177.08594
2015-10-26,170.91406
2015-10-27,175.64844
2015-10-28,222.1875
2015-10-29,198.90625
2015-10-30,164.71875
2015-10-31,157.07031
2015-11-01,211.36719
2015-11-02,676.85156
2015-11-03,1220.1094
2015-11-04,1087.8203
2015-11-05,1358.3438
2015-11-06,3124.9453
2015-11-07,2384.25
2015-11-08,761.71094
2015-11-09,439.0
2015-11-10,320.72656
2015-11-11,261.6797
2015-11-12,227.28125
2015-11-13,206.45312
2015-11-14,205.60938
2015-11-15,235.52344
2015-11-16,198.13281
2015-11-17,173.44531
2015-11-18,165.82031
2015-11-19,161.30469
2015-11-20,158.63281
2015-11-21,157.67188
2015-11-22,158.3125
2015-11-23,157.38281
2015-11-24,159.48438
2015-11-25,180.46875
2015-11-26,306.0078
2015-11-27,729.9375
2015-11-28,1017.9219
2015-11-29,778.875
2015-11-30,459.76562
2015-12-01,321.6875
2015-12-02,238.10156
2015-12-03,192.89062
2015-12-04,168.03906
2015-12-05,155.50781
2015-12-06,181.58594
2015-12-07,477.51562
2015-12-08,787.22656
2015-12-09,656.3281
2015-12-10,498.46094
2015-12-11,270.1953
2015-12-12,192.47656
2015-12-13,169.63281
2015-12-14,165.1875
2015-12-15,171.90625
2015-12-16,409.25
2015-12-17,1485.0547
2015-12-18,1433.3203
2015-12-19,710.9922
2015-12-20,835.52344
2015-12-21,1235.25
2015-12-22,955.9297
2015-12-23,490.28125
2015-12-24,291.26562
2015-12-25,226.29688
2015-12-26,201.48438
2015-12-27,187.82812
2015-12-28,188.40625
2015-12-29,228.07812
2015-12-30,267.3125
2015-12-31,374.71094
2016-01-01,719.2344
2016-01-02,795.4375
2016-01-03,489.33594
2016-01-04,315.40625
2016-01-05,222.48438
2016-01-06,187.33594
2016-01-07,180.63281
2016-01-08,178.40625
2016-01-09,182.375
2016-01-10,182.53125
2016-01-11,179.65625
2016-01-12,231.875
2016-01-13,396.21875
2016-01-14,374.23438
2016-01-15,247.45312
2016-01-16,182.07812
2016-01-17,213.64062
2016-01-18,540.1094
2016-01-19,686.9375
2016-01-20,433.26562
2016-01-21,260.10938
2016-01-22,196.59375
2016-01-23,261.46875
2016-01-24,908.3594
2016-01-25,1315.4062
2016-01-26,946.84375
2016-01-27,556.8125
2016-01-28,338.53125
2016-01-29,239.875
2016-01-30,203.39062
2016-01-31,192.34375
2016-02-01,182.85938
2016-02-02,179.29688
2016-02-03,207.875
2016-02-04,197.65625
2016-02-05,266.10938
2016-02-06,673.8281
2016-02-07,790.9375
2016-02-08,524.4844
2016-02-09,290.0
2016-02-10,208.21875
2016-02-11,187.20312
2016-02-12,175.32812
2016-02-13,167.51562
2016-02-14,162.34375
2016-02-15,159.28125
2016-02-16,162.8125
2016-02-17,198.125
2016-02-18,206.64062
2016-02-19,185.1875
2016-02-20,165.6875
2016-02-21,165.65625
2016-02-22,193.78125
2016-02-23,174.57812
2016-02-24,193.3125
2016-02-25,877.8125
2016-02-26,1558.375
2016-02-27,1061.8281
2016-02-28,516.625
2016-02-29,322.67188
2016-03-01,274.9375
2016-03-02,223.625
2016-03-03,195.48438
2016-03-04,191.01562
2016-03-05,178.85938
2016-03-06,166.42188
2016-03-07,160.5
2016-03-08,156.75
2016-03-09,153.82812
2016-03-10,152.01562
2016-03-11,154.4375
2016-03-12,170.03125
2016-03-13,172.73438
2016-03-14,162.9375
2016-03-15,160.3125
2016-03-16,159.125
2016-03-17,157.78125
2016-03-18,156.65625
2016-03-19,155.90625
2016-03-20,155.375
2016-03-21,154.78125
2016-03-22,154.15625
2016-03-23,153.65625
2016-03-24,149.3125
2016-03-25,155.28125
2016-03-26,217.71875
2016-03-27,241.375
2016-03-28,195.03125
2016-03-29,174.0
2016-03-30,159.15625
2016-03-31,145.59375
2016-04-01,141.6875
2016-04-02,140.5
2016-04-03,140.125
2016-04-04,142.25
2016-04-05,150.375
2016-04-06,158.15625
2016-04-07,181.3125
2016-04-08,166.96875
2016-04-09,145.90625
2016-04-10,142.875
2016-04-11,146.59375
2016-04-12,142.53125
2016-04-13,138.125
2016-04-14,136.84375
2016-04-15,136.40625
2016-04-16,136.0625
2016-04-17,135.84375
2016-04-18,136.28125
2016-04-19,139.75
2016-04-20,149.78125
2016-04-21,150.53125
2016-04-22,145.40625
2016-04-23,139.65625
2016-04-24,135.59375
2016-04-25,134.78125
2016-04-26,134.78125
2016-04-27,136.21875
2016-04-28,144.4375
2016-04-29,160.71875
2016-04-30,156.3125
2016-05-01,156.5
2016-05-02,208.78125
2016-05-03,210.53125
2016-05-04,229.6875
2016-05-05,255.6875
2016-05-06,288.59375
2016-05-07,268.03125
2016-05-08,227.1875
2016-05-09,177.90625
2016-05-10,171.59375
2016-05-11,160.96875
2016-05-12,165.9375
2016-05-13,189.59375
2016-05-14,211.5
2016-05-15,254.9375
2016-05-16,204.5
2016-05-17,181.40625
2016-05-18,172.65625
2016-05-19,196.3125
2016-05-20,251.0625
2016-05-21,288.21875
2016-05-22,253.65625
2016-05-23,455.0
2016-05-24,887.90625
2016-05-25,984.53125
2016-05-26,860.125
2016-05-27,648.5
2016-05-28,394.875
2016-05-29,328.75
2016-05-30,332.28125
2016-05-31,334.6875
2016-06-01,243.59375
2016-06-02,197.78125
2016-06-03,176.125
2016-06-04,169.34375
2016-06-05,269.4375
2016-06-06,501.46875
2016-06-07,470.625
2016-06-08,302.375
2016-06-09,252.65625
2016-06-10,206.0
2016-06-11,169.8125
2016-06-12,155.21875
2016-06-13,159.875
2016-06-14,158.28125
2016-06-15,146.8125
2016-06-16,152.26562
2016-06-17,295.8125
2016-06-18,516.0156
2016-06-19,422.42188
2016-06-20,337.45312
2016-06-21,234.85938
2016-06-22,282.32812
2016-06-23,581.84375
2016-06-24,781.46875
2016-06-25,635.8594
2016-06-26,548.1875
2016-06-27,963.8125
2016-06-28,1189.6094
2016-06-29,863.4844
2016-06-30,600.6406
2016-07-01,417.14062
2016-07-02,294.95312
2016-07-03,238.25
2016-07-04,215.07812
2016-07-05,240.01562
2016-07-06,629.7969
2016-07-07,791.9375
2016-07-08,535.9844
2016-07-09,538.71875
2016-07-10,330.15625
2016-07-11,229.42188
2016-07-12,189.15625
2016-07-13,181.34375
2016-07-14,210.92188
2016-07-15,205.5625
2016-07-16,175.4375
2016-07-17,159.5625
2016-07-18,159.92188
2016-07-19,174.67188
2016-07-20,195.51562
2016-07-21,204.82812
2016-07-22,242.07812
2016-07-23,348.1875
2016-07-24,303.65625
2016-07-25,349.3125
2016-07-26,308.84375
2016-07-27,255.73438
2016-07-28,202.09375
2016-07-29,248.48438
2016-07-30,399.09375
2016-07-31,433.09375
2016-08-01,312.875
2016-08-02,209.98438
2016-08-03,177.9375
2016-08-04,311.875
2016-08-05,531.1094
2016-08-06,416.57812
2016-08-07,321.57812
2016-08-08,273.8125
2016-08-09,201.78125
2016-08-10,163.71875
2016-08-11,156.28125
2016-08-12,157.375
2016-08-13,158.09375
2016-08-14,156.51562
2016-08-15,154.1875
2016-08-16,161.46875
2016-08-17,172.5
2016-08-18,170.39062
2016-08-19,175.85938
2016-08-20,189.48438
2016-08-21,174.15625
2016-08-22,178.79688
2016-08-23,275.16406
2016-08-24,507.42188
2016-08-25,682.8281
2016-08-26,868.9297
2016-08-27,911.8594
2016-08-28,746.65625
2016-08-29,591.2969
2016-08-30,620.41406
2016-08-31,671.7969
2016-09-01,446.5078
2016-09-02,268.65625
2016-09-03,204.86719
2016-09-04,205.26562
2016-09-05,197.39844
2016-09-06,248.75781
2016-09-07,427.8672
2016-09-08,589.41406
2016-09-09,663.46094
2016-09-10,566.125
2016-09-11,351.375
2016-09-12,1719.0156
2016-09-13,4290.117
2016-09-14,2781.086
2016-09-15,921.4453
2016-09-16,561.9375
2016-09-17,415.29688
2016-09-18,315.65625
2016-09-19,263.29688
2016-09-20,306.0703
2016-09-21,474.7422
2016-09-22,536.625
2016-09-23,468.2578
2016-09-24,529.0
2016-09-25,650.9297
2016-09-26,596.28125
2016-09-27,361.75
2016-09-28,285.3125
2016-09-29,245.88281
2016-09-30,341.625
2016-10-01,419.29688
2016-10-02,282.3203
2016-10-03,202.27344
2016-10-04,242.14844
2016-10-05,538.25
2016-10-06,759.6406
2016-10-07,845.47656
2016-10-08,653.77344
2016-10-09,401.40625
2016-10-10,256.65625
2016-10-11,270.91406
2016-10-12,818.2969
2016-10-13,1014.1875
2016-10-14,624.39844
2016-10-15,1015.9922
2016-10-16,1887.3594
2016-10-17,1670.8984
2016-10-18,855.1406
2016-10-19,403.98438
2016-10-20,276.10156
2016-10-21,234.32812
2016-10-22,209.35156
2016-10-23,192.60938
2016-10-24,187.03125
2016-10-25,225.89844
2016-10-26,345.33594
2016-10-27,334.3047
2016-10-28,223.4375
2016-10-29,174.67188
2016-10-30,209.1875
2016-10-31,647.22656
2016-11-01,1824.375
2016-11-02,3761.664
2016-11-03,4775.8047
2016-11-04,3391.2031
2016-11-05,1660.9766
2016-11-06,676.66406
2016-11-07,456.72656
2016-11-08,571.8281
2016-11-09,618.4375
2016-11-10,460.21094
2016-11-11,894.77344
2016-11-12,1219.8203
2016-11-13,715.66406
2016-11-14,343.35156
2016-11-15,242.84375
2016-11-16,212.20312
2016-11-17,212.54688
2016-11-18,339.78125
2016-11-19,471.07812
2016-11-20,297.48438
2016-11-21,346.9375
2016-11-22,457.5
2016-11-23,374.21875
2016-11-24,471.10938
2016-11-25,474.48438
2016-11-26,416.51562
2016-11-27,563.8125
2016-11-28,694.2969
2016-11-29,494.20312
2016-11-30,1810.0156
2016-12-01,3101.0469
2016-12-02,2356.6719
2016-12-03,2185.3281
2016-12-04,2248.2969
2016-12-05,2107.6562
2016-12-06,2339.5469
2016-12-07,2677.4688
2016-12-08,2434.5625
2016-12-09,1422.5312
2016-12-10,592.9531
2016-12-11,351.39062
2016-12-12,368.10938
2016-12-13,841.5469
2016-12-14,3644.8281
2016-12-15,10407.031
2016-12-16,12766.219
2016-12-17,6559.125
2016-12-18,2089.2188
2016-12-19,918.6719
2016-12-20,601.09375
2016-12-21,420.67188
2016-12-22,321.3125
2016-12-23,408.60938
2016-12-24,806.90625
2016-12-25,834.78125
2016-12-26,506.3125
2016-12-27,331.54688
2016-12-28,743.71875
2016-12-29,944.28125
2016-12-30,425.42188
2016-12-31,679.8281
2017-01-01,2323.5469
2017-01-02,2215.0
2017-01-03,1248.4062
2017-01-04,834.375
2017-01-05,463.57812
2017-01-06,344.8125
2017-01-07,264.42188
2017-01-08,219.0625
2017-01-09,201.01562
2017-01-10,196.54688
2017-01-11,197.9375
2017-01-12,193.5
2017-01-13,178.46875
2017-01-14,171.78125
2017-01-15,211.25
2017-01-16,461.46875
2017-01-17,537.125
2017-01-18,307.59375
2017-01-19,216.34375
2017-01-20,186.375
2017-01-21,249.875
2017-01-22,578.625
2017-01-23,729.15625
2017-01-24,619.0625
2017-01-25,765.8125
2017-01-26,1374.25
2017-01-27,1267.625
2017-01-28,585.84375
2017-01-29,318.28125
2017-01-30,239.4375
2017-01-31,214.4375
2017-02-01,265.5
2017-02-02,935.96875
2017-02-03,1575.4375
2017-02-04,1175.5
2017-02-05,630.78125
2017-02-06,358.96875
2017-02-07,255.59375
2017-02-08,217.09375
2017-02-09,229.4375
2017-02-10,610.46875
2017-02-11,1173.5
2017-02-12,1091.7812
2017-02-13,804.25
2017-02-14,485.875
2017-02-15,346.96875
2017-02-16,355.84375
2017-02-17,275.75
2017-02-18,212.1875
2017-02-19,186.65625
2017-02-20,177.40625
2017-02-21,171.46875
2017-02-22,167.25
2017-02-23,170.21875
2017-02-24,298.71875
2017-02-25,581.75
2017-02-26,463.28125
2017-02-27,341.875
2017-02-28,406.25
2017-03-01,418.3125
2017-03-02,277.96875
2017-03-03,207.8125
2017-03-04,188.75
2017-03-05,175.1875
2017-03-06,166.40625
2017-03-07,162.53125
2017-03-08,160.53125
2017-03-09,168.0625
2017-03-10,198.15625
2017-03-11,174.9375
2017-03-12,157.71875
2017-03-13,154.53125
2017-03-14,154.84375
2017-03-15,172.40625
2017-03-16,206.125
2017-03-17,184.65625
2017-03-18,214.21875
2017-03-19,367.0
2017-03-20,442.46875
2017-03-21,491.84375
2017-03-22,308.53125
2017-03-23,250.0625
2017-03-24,283.1875
2017-03-25,389.40625
2017-03-26,463.40625
2017-03-27,807.4375
2017-03-28,902.46875
2017-03-29,669.59375
2017-03-30,402.0
2017-03-31,987.40625
2017-04-01,2575.4688
2017-04-02,1963.0
2017-04-03,616.75
2017-04-04,466.71875
2017-04-05,479.78125
2017-04-06,1572.7812
2017-04-07,1666.6875
2017-04-08,805.03125
2017-04-09,538.78125
2017-04-10,327.6875
2017-04-11,282.59375
2017-04-12,343.59375
2017-04-13,1273.875
2017-04-14,1878.7188
2017-04-15,1199.5625
2017-04-16,495.6875
2017-04-17,310.5625
2017-04-18,249.375
2017-04-19,219.71875
2017-04-20,200.78125
2017-04-21,188.875
2017-04-22,185.03125
2017-04-23,197.90625
2017-04-24,337.6875
2017-04-25,562.53125
2017-04-26,710.78125
2017-04-27,556.125
2017-04-28,533.34375
2017-04-29,701.3125
2017-04-30,625.96875
2017-05-01,374.9375
2017-05-02,314.1875
2017-05-03,249.40625
2017-05-04,211.0625
2017-05-05,260.6875
2017-05-06,371.84375
2017-05-07,291.40625
2017-05-08,224.625
2017-05-09,268.0
2017-05-10,442.5
2017-05-11,360.8125
2017-05-12,242.90625
2017-05-13,297.34375
2017-05-14,800.53125
2017-05-15,1265.0938
2017-05-16,1525.0312
2017-05-17,1359.5312
2017-05-18,1043.7188
2017-05-19,918.5
2017-05-20,826.28125
2017-05-21,1010.21875
2017-05-22,692.6875
2017-05-23,424.34375
2017-05-24,564.625
2017-05-25,924.6875
2017-05-26,1322.5312
2017-05-27,1148.625
2017-05-28,657.21875
2017-05-29,924.28125
2017-05-30,1092.1875
2017-05-31,747.9375
2017-06-01,550.3125
2017-06-02,322.5625
2017-06-03,231.1875
2017-06-04,202.59375
2017-06-05,189.15625
2017-06-06,181.28125
2017-06-07,281.59375
2017-06-08,1124.3438
2017-06-09,1594.8438
2017-06-10,1140.9688
2017-06-11,670.375
2017-06-12,480.71875
2017-06-13,338.6875
2017-06-14,261.46875
2017-06-15,258.03125
2017-06-16,290.4375
2017-06-17,232.125
2017-06-18,196.3125
2017-06-19,266.59375
2017-06-20,428.46875
2017-06-21,373.96875
2017-06-22,285.10938
2017-06-23,276.32812
2017-06-24,327.59375
2017-06-25,501.15625
2017-06-26,549.2656
2017-06-27,352.82812
2017-06-28,261.67188
2017-06-29,352.9375
2017-06-30,527.09375
2017-07-01,455.14062
2017-07-02,383.10938
2017-07-03,258.71875
2017-07-04,234.625
2017-07-05,322.84375
2017-07-06,333.76562
2017-07-07,343.1875
2017-07-08,289.53125
2017-07-09,222.32812
2017-07-10,200.3125
2017-07-11,350.73438
2017-07-12,727.9219
2017-07-13,995.1406
2017-07-14,893.09375
2017-07-15,529.0469
2017-07-16,805.4844
2017-07-17,1115.8438
2017-07-18,834.375
2017-07-19,732.125
2017-07-20,881.5781
2017-07-21,647.8281
2017-07-22,665.84375
2017-07-23,721.6406
2017-07-24,560.3125
2017-07-25,816.1875
2017-07-26,2227.25
2017-07-27,2641.4844
2017-07-28,1624.7031
2017-07-29,873.8906
2017-07-30,490.90625
2017-07-31,329.17188
2017-08-01,263.32812
2017-08-02,229.82812
2017-08-03,209.15625
2017-08-04,196.20312
2017-08-05,190.01562
2017-08-06,186.875
2017-08-07,223.48438
2017-08-08,343.20312
2017-08-09,321.46875
2017-08-10,230.32812
2017-08-11,192.45312
2017-08-12,177.5
2017-08-13,167.0
2017-08-14,162.76562
2017-08-15,165.82812
2017-08-16,207.625
2017-08-17,361.14062
2017-08-18,697.9531
2017-08-19,755.1406
2017-08-20,531.1797
2017-08-21,321.1797
2017-08-22,247.88281
2017-08-23,220.84375
2017-08-24,188.46875
2017-08-25,177.16406
2017-08-26,285.71875
2017-08-27,894.53906
2017-08-28,1034.1797
2017-08-29,550.1953
2017-08-30,384.3125
2017-08-31,411.4375
2017-09-01,565.15625
2017-09-02,462.08594
2017-09-03,294.83594
2017-09-04,225.84375
2017-09-05,206.69531
2017-09-06,300.45312
2017-09-07,465.0703
2017-09-08,438.6875
2017-09-09,334.1953
2017-09-10,247.17969
2017-09-11,233.42188
2017-09-12,218.125
2017-09-13,188.04688
2017-09-14,332.92188
2017-09-15,1198.3516
2017-09-16,1192.4609
2017-09-17,469.1328
2017-09-18,369.22656
2017-09-19,341.92188
2017-09-20,269.89844
2017-09-21,221.58594
2017-09-22,198.20312
2017-09-23,205.34375
2017-09-24,327.47656
2017-09-25,415.85938
2017-09-26,332.90625
2017-09-27,308.02344
2017-09-28,233.07812
2017-09-29,202.1875
2017-09-30,254.29688
2017-10-01,445.97656
2017-10-02,505.7578
2017-10-03,549.91406
2017-10-04,731.89844
2017-10-05,741.1797
2017-10-06,656.7578
2017-10-07,668.8672
2017-10-08,849.47656
2017-10-09,1794.2812
2017-10-10,2448.4531
2017-10-11,1569.6875
2017-10-12,740.0078
2017-10-13,553.64844
2017-10-14,473.28125
2017-10-15,356.04688
2017-10-16,259.7422
2017-10-17,217.16406
2017-10-18,202.84375
2017-10-19,249.03906
2017-10-20,459.35156
2017-10-21,478.64844
2017-10-22,281.7578
2017-10-23,210.66406
2017-10-24,323.39844
2017-10-25,697.3672
2017-10-26,711.6172
2017-10-27,440.10156
2017-10-28,321.48438
2017-10-29,246.95312
2017-10-30,356.96875
2017-10-31,1950.9609
2017-11-01,3699.5469
2017-11-02,2585.5469
2017-11-03,1693.5625
2017-11-04,6185.6484
2017-11-05,11856.9375
2017-11-06,9421.398
2017-11-07,6333.2734
2017-11-08,3193.9453
2017-11-09,1635.1562
2017-11-10,1499.4609
2017-11-11,1121.7969
2017-11-12,748.16406
2017-11-13,494.5625
2017-11-14,320.07812
2017-11-15,258.4453
2017-11-16,262.1328
2017-11-17,306.95312
2017-11-18,239.5
2017-11-19,333.6172
2017-11-20,1468.1719
2017-11-21,1786.5
2017-11-22,2473.5078
2017-11-23,5564.047
2017-11-24,5166.703
2017-11-25,2500.5938
2017-11-26,1131.7656
2017-11-27,1216.1094
2017-11-28,1340.4531
2017-11-29,1045.3906
2017-11-30,738.0
2017-12-01,717.8281
2017-12-02,2086.875
2017-12-03,4477.1875
2017-12-04,3952.8594
2017-12-05,2339.9688
2017-12-06,1534.4219
2017-12-07,905.5469
2017-12-08,485.34375
2017-12-09,537.59375
2017-12-10,571.53125
2017-12-11,334.04688
2017-12-12,230.0625
2017-12-13,199.01562
2017-12-14,192.23438
2017-12-15,190.92188
2017-12-16,260.64062
2017-12-17,1007.21875
2017-12-18,1273.9375
2017-12-19,651.9844
2017-12-20,381.17188
2017-12-21,267.21875
2017-12-22,226.53125
2017-12-23,210.3125
2017-12-24,226.60938
2017-12-25,437.65625
2017-12-26,662.4531
2017-12-27,888.3906
2017-12-28,1505.5312
2017-12-29,1264.6406
2017-12-30,950.2031
2017-12-31,897.21875
2018-01-01,661.21875
2018-01-02,537.5469
2018-01-03,356.57812
2018-01-04,332.75
2018-01-05,388.17188
2018-01-06,331.57812
2018-01-07,241.84375
2018-01-08,203.125
2018-01-09,250.6875
2018-01-10,341.78125
2018-01-11,271.0625
2018-01-12,424.76562
2018-01-13,917.7031
2018-01-14,1079.0156
2018-01-15,806.9844
2018-01-16,583.125
2018-01-17,350.40625
2018-01-18,244.17188
2018-01-19,209.65625
2018-01-20,199.0625
2018-01-21,201.09375
2018-01-22,206.3125
2018-01-23,192.375
2018-01-24,186.60938
2018-01-25,209.78125
2018-01-26,204.45312
2018-01-27,189.875
2018-01-28,193.1875
2018-01-29,209.03125
2018-01-30,227.5625
2018-01-31,280.8125
2018-02-01,222.75
2018-02-02,199.1875
2018-02-03,199.375
2018-02-04,251.3125
2018-02-05,222.8125
2018-02-06,208.09375
2018-02-07,259.125
2018-02-08,213.9375
2018-02-09,175.09375
2018-02-10,166.5
2018-02-11,167.78125
2018-02-12,248.03125
2018-02-13,512.15625
2018-02-14,488.96875
2018-02-15,276.125
2018-02-16,195.84375
2018-02-17,178.6875
2018-02-18,173.375
2018-02-19,170.25
2018-02-20,167.71875
2018-02-21,165.53125
2018-02-22,168.84375
2018-02-23,197.25
2018-02-24,244.65625
2018-02-25,293.75
2018-02-26,219.125
2018-02-27,177.75
2018-02-28,177.75
2018-03-01,169.65625
2018-03-02,162.75
2018-03-03,186.8125
2018-03-04,301.40625
2018-03-05,316.96875
2018-03-06,227.6875
2018-03-07,177.25
2018-03-08,169.75
2018-03-09,221.5625
2018-03-10,364.25
2018-03-11,321.1875
2018-03-12,232.0
2018-03-13,185.8125
2018-03-14,193.96875
2018-03-15,552.90625
2018-03-16,960.375
2018-03-17,664.96875
2018-03-18,381.3125
2018-03-19,267.0
2018-03-20,238.5625
2018-03-21,321.125
2018-03-22,500.8125
2018-03-23,361.15625
2018-03-24,254.40625
2018-03-25,202.125
2018-03-26,179.65625
2018-03-27,172.4375
2018-03-28,168.78125
2018-03-29,167.5
2018-03-30,198.75
2018-03-31,285.59375
2018-04-01,225.34375
2018-04-02,177.75
2018-04-03,164.25
2018-04-04,160.96875
2018-04-05,159.5
2018-04-06,159.3125
2018-04-07,246.8125
2018-04-08,870.71875
2018-04-09,983.78125
2018-04-10,446.84375
2018-04-11,275.9375
2018-04-12,223.40625
2018-04-13,202.1875
2018-04-14,191.1875
2018-04-15,191.375
2018-04-16,183.3125
2018-04-17,184.71875
2018-04-18,199.53125
2018-04-19,225.75
2018-04-20,229.75
2018-04-21,287.125
2018-04-22,369.40625
2018-04-23,396.75
2018-04-24,353.5625
2018-04-25,266.4375
2018-04-26,335.5
2018-04-27,579.0625
2018-04-28,671.03125
2018-04-29,435.75
2018-04-30,562.6875
2018-05-01,1236.75
2018-05-02,1181.75
2018-05-03,577.21875
2018-05-04,349.375
2018-05-05,268.125
2018-05-06,434.40625
2018-05-07,784.75
2018-05-08,663.84375
2018-05-09,344.09375
2018-05-10,245.15625
2018-05-11,306.03125
2018-05-12,397.09375
2018-05-13,284.03125
2018-05-14,211.8125
2018-05-15,191.59375
2018-05-16,184.21875
2018-05-17,246.5625
2018-05-18,391.4375
2018-05-19,356.25
2018-05-20,331.8125
2018-05-21,318.1875
2018-05-22,244.65625
2018-05-23,198.03125
2018-05-24,249.21875
2018-05-25,519.25
2018-05-26,719.84375
2018-05-27,360.09375
2018-05-28,240.71875
2018-05-29,233.78125
2018-05-30,249.9375
2018-05-31,301.1875
2018-06-01,292.96875
2018-06-02,219.4375
2018-06-03,210.96875
2018-06-04,477.15625
2018-06-05,691.3125
2018-06-06,456.59375
2018-06-07,284.71875
2018-06-08,250.625
2018-06-09,242.6875
2018-06-10,240.09375
2018-06-11,218.03125
2018-06-12,211.4375
2018-06-13,208.28125
2018-06-14,187.53125
2018-06-15,177.25
2018-06-16,201.90625
2018-06-17,292.65625
2018-06-18,313.5625
2018-06-19,273.53125
2018-06-20,231.46875
2018-06-21,192.28125
2018-06-22,170.0625
2018-06-23,162.84375
2018-06-24,166.78125
2018-06-25,199.6875
2018-06-26,251.6875
2018-06-27,371.5
2018-06-28,431.15625
2018-06-29,378.6875
2018-06-30,263.375
2018-07-01,195.25
2018-07-02,172.01562
2018-07-03,172.95312
2018-07-04,169.3125
2018-07-05,162.1875
2018-07-06,159.0
2018-07-07,156.51562
2018-07-08,176.29688
2018-07-09,337.21875
2018-07-10,690.09375
2018-07-11,1235.875
2018-07-12,1415.1562
2018-07-13,874.7969
2018-07-14,527.9844
2018-07-15,626.5469
2018-07-16,820.0156
2018-07-17,693.7031
2018-07-18,585.1406
2018-07-19,722.96875
2018-07-20,627.7031
2018-07-21,373.42188
2018-07-22,301.0
2018-07-23,349.09375
2018-07-24,436.95312
2018-07-25,299.53125
2018-07-26,229.71875
2018-07-27,290.82812
2018-07-28,507.23438
2018-07-29,488.20312
2018-07-30,372.42188
2018-07-31,377.70312
2018-08-01,323.14062
2018-08-02,245.45312
2018-08-03,197.98438
2018-08-04,189.70312
2018-08-05,196.42188
2018-08-06,309.90625
2018-08-07,583.1406
2018-08-08,518.5781
2018-08-09,347.03125
2018-08-10,410.29688
2018-08-11,295.5
2018-08-12,219.76562
2018-08-13,203.5625
2018-08-14,415.54688
2018-08-15,919.96875
2018-08-16,809.96875
2018-08-17,394.32812
2018-08-18,266.67188
2018-08-19,245.54688
2018-08-20,303.0625
2018-08-21,271.45312
2018-08-22,233.51562
2018-08-23,207.84375
2018-08-24,204.01562
2018-08-25,208.09375
2018-08-26,186.71875
2018-08-27,185.59375
2018-08-28,301.42188
2018-08-29,429.09375
2018-08-30,275.64062
2018-08-31,197.42188
2018-09-01,177.78125
2018-09-02,168.46875
2018-09-03,175.42188
2018-09-04,221.32812
2018-09-05,207.125
2018-09-06,170.51562
2018-09-07,160.40625
2018-09-08,186.82812
2018-09-09,281.6875
2018-09-10,398.25
2018-09-11,664.4844
2018-09-12,633.2969
2018-09-13,553.9844
2018-09-14,578.5
2018-09-15,399.79688
2018-09-16,261.57812
2018-09-17,208.4375
2018-09-18,243.67188
2018-09-19,365.45312
2018-09-20,404.0
2018-09-21,257.39062
2018-09-22,209.01562
2018-09-23,306.17188
2018-09-24,392.67188
2018-09-25,362.28906
2018-09-26,257.71094
2018-09-27,194.49219
2018-09-28,179.85156
2018-09-29,208.05469
2018-09-30,208.08594
2018-10-01,238.17188
2018-10-02,514.97656
2018-10-03,1140.8672
2018-10-04,1939.1406
2018-10-05,1592.2969
2018-10-06,693.6953
2018-10-07,372.07812
2018-10-08,272.21875
2018-10-09,234.46875
2018-10-10,212.66406
2018-10-11,214.20312
2018-10-12,349.875
2018-10-13,608.7422
2018-10-14,650.0469
2018-10-15,442.1797
2018-10-16,260.6328
2018-10-17,198.13281
2018-10-18,188.21875
2018-10-19,201.86719
2018-10-20,200.4375
2018-10-21,219.99219
2018-10-22,196.35938
2018-10-23,173.55469
2018-10-24,167.16406
2018-10-25,164.15625
2018-10-26,159.96094
2018-10-27,159.86719
2018-10-28,196.875
2018-10-29,318.16406
2018-10-30,307.8672
2018-10-31,213.35156
2018-11-01,168.69531
2018-11-02,158.32812
2018-11-03,156.05469
2018-11-04,155.22656
2018-11-05,154.625
2018-11-06,154.39844
2018-11-07,165.35938
2018-11-08,246.32812
2018-11-09,368.35156
2018-11-10,331.0703
2018-11-11,228.35156
2018-11-12,175.375
2018-11-13,160.13281
2018-11-14,156.67188
2018-11-15,154.99219
2018-11-16,153.70312
2018-11-17,152.89062
2018-11-18,152.60938
2018-11-19,152.35938
2018-11-20,151.70312
2018-11-21,150.89844
2018-11-22,159.42188
2018-11-23,321.96875
2018-11-24,812.0156
2018-11-25,1534.5781
2018-11-26,1682.1094
2018-11-27,997.96875
2018-11-28,544.6094
2018-11-29,527.46875
2018-11-30,487.01562
2018-12-01,291.65625
2018-12-02,219.07812
2018-12-03,191.375
2018-12-04,175.96875
2018-12-05,164.45312
2018-12-06,156.98438
2018-12-07,156.125
2018-12-08,185.34375
2018-12-09,384.25
2018-12-10,790.6875
2018-12-11,975.1719
2018-12-12,1270.5156
2018-12-13,1933.0625
2018-12-14,2558.8594
2018-12-15,3061.9844
2018-12-16,3181.2031
2018-12-17,2340.5781
2018-12-18,1427.6406
2018-12-19,818.40625
2018-12-20,409.8125
2018-12-21,291.89062
2018-12-22,247.39062
2018-12-23,222.64062
2018-12-24,237.67188
2018-12-25,394.60938
2018-12-26,473.17188
2018-12-27,281.53125
2018-12-28,284.46875
2018-12-29,1317.3125
2018-12-30,2791.0625
2018-12-31,2457.9531
2019-01-01,1499.5938
2019-01-02,922.96875
2019-01-03,636.5
2019-01-04,469.0
2019-01-05,330.125
2019-01-06,288.25
2019-01-07,353.1875
2019-01-08,299.75
2019-01-09,223.5
2019-01-10,190.4375
2019-01-11,179.28125
2019-01-12,172.6875
2019-01-13,168.625
2019-01-14,165.53125
2019-01-15,163.25
2019-01-16,225.09375
2019-01-17,1070.5625
2019-01-18,2207.2188
2019-01-19,1539.8125
2019-01-20,567.8125
2019-01-21,404.5625
2019-01-22,859.9375
2019-01-23,1054.5625
2019-01-24,543.0
2019-01-25,311.03125
2019-01-26,236.90625
2019-01-27,258.8125
2019-01-28,353.34375
2019-01-29,254.375
2019-01-30,194.53125
2019-01-31,179.9375
2019-02-01,173.78125
2019-02-02,169.09375
2019-02-03,165.0
2019-02-04,161.78125
2019-02-05,159.6875
2019-02-06,157.96875
2019-02-07,156.28125
2019-02-08,154.78125
2019-02-09,153.625
2019-02-10,152.6875
2019-02-11,152.15625
2019-02-12,151.96875
2019-02-13,151.5625
2019-02-14,150.71875
2019-02-15,149.75
2019-02-16,148.9375
2019-02-17,148.3125
2019-02-18,147.84375
2019-02-19,147.3125
2019-02-20,146.78125
2019-02-21,146.59375
2019-02-22,148.28125
2019-02-23,149.40625
2019-02-24,147.21875
2019-02-25,145.84375
2019-02-26,145.34375
2019-02-27,144.875
2019-02-28,144.28125
2019-03-01,143.78125
2019-03-02,143.375
2019-03-03,143.03125
2019-03-04,142.6875
2019-03-05,142.375
2019-03-06,142.125
2019-03-07,141.96875
2019-03-08,141.8125
2019-03-09,141.78125
2019-03-10,142.78125
2019-03-11,142.28125
2019-03-12,141.875
2019-03-13,143.75
2019-03-14,142.40625
2019-03-15,146.0625
2019-03-16,157.59375
2019-03-17,157.4375
2019-03-18,153.71875
2019-03-19,152.375
2019-03-20,151.78125
2019-03-21,151.375
2019-03-22,151.03125
2019-03-23,151.09375
2019-03-24,153.65625
2019-03-25,170.5
2019-03-26,228.0625
2019-03-27,188.03125
2019-03-28,149.59375
2019-03-29,140.6875
2019-03-30,145.15625
2019-03-31,181.71875
2019-04-01,221.46875
2019-04-02,208.875
2019-04-03,174.65625
2019-04-04,150.65625
2019-04-05,143.0625
2019-04-06,141.15625
2019-04-07,139.9375
2019-04-08,140.03125
2019-04-09,142.96875
2019-04-10,150.40625
2019-04-11,152.15625
2019-04-12,156.1875
2019-04-13,169.78125
2019-04-14,193.15625
2019-04-15,197.625
2019-04-16,222.15625
2019-04-17,249.75
2019-04-18,209.5625
2019-04-19,189.96875
2019-04-20,163.71875
2019-04-21,153.53125
2019-04-22,175.90625
2019-04-23,171.71875
2019-04-24,149.34375
2019-04-25,139.78125
2019-04-26,137.25
2019-04-27,136.46875
2019-04-28,139.0625
2019-04-29,164.59375
2019-04-30,199.65625
2019-05-01,190.21875
2019-05-02,165.90625
2019-05-03,176.40625
2019-05-04,201.625
2019-05-05,253.5625
2019-05-06,265.8125
2019-05-07,193.65625
2019-05-08,234.34375
2019-05-09,555.625
2019-05-10,769.0
2019-05-11,766.28125
2019-05-12,689.21875
2019-05-13,673.375
2019-05-14,512.53125
2019-05-15,362.6875
2019-05-16,241.3125
2019-05-17,190.9375
2019-05-18,169.96875
2019-05-19,158.46875
2019-05-20,152.40625
2019-05-21,149.125
2019-05-22,152.71875
2019-05-23,286.875
2019-05-24,673.84375
2019-05-25,678.375
2019-05-26,625.84375
2019-05-27,684.53125
2019-05-28,395.90625
2019-05-29,408.71875
2019-05-30,539.65625
2019-05-31,614.40625
2019-06-01,643.71875
2019-06-02,829.9375
2019-06-03,663.15625
2019-06-04,450.28125
2019-06-05,440.75
2019-06-06,437.21875
2019-06-07,320.59375
2019-06-08,435.0625
2019-06-09,454.625
2019-06-10,283.3125
2019-06-11,207.8125
2019-06-12,179.09375
2019-06-13,162.15625
2019-06-14,168.15625
2019-06-15,172.34375
2019-06-16,161.90625
2019-06-17,151.25
2019-06-18,160.25
2019-06-19,221.625
2019-06-20,254.21875
2019-06-21,192.3125
2019-06-22,156.9375
2019-06-23,161.5
2019-06-24,160.90625
2019-06-25,151.0625
2019-06-26,171.65625
2019-06-27,183.5625
2019-06-28,161.3125
2019-06-29,143.28125
2019-06-30,138.4375
2019-07-01,138.03125
2019-07-02,202.75
2019-07-03,606.34375
2019-07-04,715.1875
2019-07-05,338.59375
2019-07-06,220.28125
2019-07-07,185.5
2019-07-08,170.21875
2019-07-09,160.71875
2019-07-10,154.07812
2019-07-11,149.6875
2019-07-12,147.39062
2019-07-13,152.1875
2019-07-14,150.45312
2019-07-15,142.60938
2019-07-16,140.6875
2019-07-17,142.07812
2019-07-18,153.84375
2019-07-19,154.70312
2019-07-20,142.03125
2019-07-21,138.01562
2019-07-22,140.10938
2019-07-23,147.875
2019-07-24,147.28125
2019-07-25,146.6875
2019-07-26,147.57812
2019-07-27,156.3125
2019-07-28,189.8125
2019-07-29,223.46875
2019-07-30,212.5625
2019-07-31,202.6875
2019-08-01,242.46875
2019-08-02,336.125
2019-08-03,249.26562
2019-08-04,176.09375
2019-08-05,152.59375
2019-08-06,147.35938
2019-08-07,156.26562
2019-08-08,178.03125
2019-08-09,172.01562
2019-08-10,169.95312
2019-08-11,204.5625
2019-08-12,221.79688
2019-08-13,182.70312
2019-08-14,148.90625
2019-08-15,138.9375
2019-08-16,136.70312
2019-08-17,136.04688
2019-08-18,136.67188
2019-08-19,135.73438
2019-08-20,133.375
2019-08-21,134.51562
2019-08-22,139.71875
2019-08-23,147.64062
2019-08-24,170.07812
2019-08-25,194.71875
2019-08-26,225.89062
2019-08-27,217.03125
2019-08-28,188.6875
2019-08-29,671.5625
2019-08-30,1562.4844
2019-08-31,1178.4688
2019-09-01,540.7656
2019-09-02,1173.7969
2019-09-03,3259.1719
2019-09-04,3495.3125
2019-09-05,1946.7656
2019-09-06,801.9922
2019-09-07,461.4453
2019-09-08,350.84375
2019-09-09,297.16406
2019-09-10,257.9297
2019-09-11,220.29688
2019-09-12,197.03125
2019-09-13,190.67188
2019-09-14,195.5
2019-09-15,189.00781
2019-09-16,165.4375
2019-09-17,152.89062
2019-09-18,162.99219
2019-09-19,178.03125
2019-09-20,432.07812
2019-09-21,878.8047
2019-09-22,777.21875
2019-09-23,515.5625
2019-09-24,288.0547
2019-09-25,224.07812
2019-09-26,213.95312
2019-09-27,233.8125
2019-09-28,203.10938
2019-09-29,165.11719
2019-09-30,149.04688
2019-10-01,143.03125
2019-10-02,140.20312
2019-10-03,140.17969
2019-10-04,147.85156
2019-10-05,157.25781
2019-10-06,149.11719
2019-10-07,138.36719
2019-10-08,135.07812
2019-10-09,135.60156
2019-10-10,146.39062
2019-10-11,178.34375
2019-10-12,175.6875
2019-10-13,151.375
2019-10-14,140.6875
2019-10-15,186.14062
2019-10-16,433.10156
2019-10-17,767.8203
2019-10-18,923.10156
2019-10-19,731.46875
2019-10-20,601.22656
2019-10-21,434.6797
2019-10-22,264.5547
2019-10-23,192.625
2019-10-24,169.13281
2019-10-25,159.73438
2019-10-26,164.70312
2019-10-27,197.46875
2019-10-28,179.23438
2019-10-29,166.60938
2019-10-30,1542.6719
2019-10-31,5532.7734
2019-11-01,4684.9844
2019-11-02,2172.0156
2019-11-03,1042.4062
2019-11-04,631.6953
2019-11-05,392.8828
2019-11-06,296.17188
2019-11-07,244.60938
2019-11-08,216.9375
2019-11-09,207.03906
2019-11-10,541.53125
2019-11-11,2633.9844
2019-11-12,2687.8828
2019-11-13,1248.8906
2019-11-14,593.53125
2019-11-15,454.0078
2019-11-16,333.54688
2019-11-17,246.29688
2019-11-18,206.53125
2019-11-19,190.09375
2019-11-20,197.34375
2019-11-21,261.70312
2019-11-22,307.85938
2019-11-23,215.0
2019-11-24,161.67188
2019-11-25,150.14062
2019-11-26,201.51562
2019-11-27,560.4375
2019-11-28,1631.3906
2019-11-29,2711.6875
2019-11-30,2226.7188
2019-12-01,1145.25
2019-12-02,614.09375
2019-12-03,543.15625
2019-12-04,679.2969
2019-12-05,471.85938
2019-12-06,327.90625
2019-12-07,247.79688
2019-12-08,193.40625
2019-12-09,167.8125
2019-12-10,169.45312
2019-12-11,161.39062
2019-12-12,149.04688
2019-12-13,159.0625
2019-12-14,223.78125
2019-12-15,201.09375
2019-12-16,187.09375
2019-12-17,167.90625
2019-12-18,149.51562
2019-12-19,144.29688
2019-12-20,142.9375
2019-12-21,142.53125
2019-12-22,141.3125
2019-12-23,139.84375
2019-12-24,138.875
2019-12-25,138.39062
2019-12-26,137.90625
2019-12-27,137.48438
2019-12-28,140.32812
2019-12-29,152.65625
2019-12-30,151.92188
2019-12-31,152.76562
2020-01-01,209.54688
2020-01-02,360.6875
2020-01-03,350.95312
2020-01-04,320.15625
2020-01-05,212.71875
2020-01-06,159.46875
2020-01-07,146.6875
2020-01-08,143.09375
2020-01-09,141.40625
2020-01-10,140.0
2020-01-11,138.875
2020-01-12,138.40625
2020-01-13,138.8125
2020-01-14,139.1875
2020-01-15,136.90625
2020-01-16,135.53125
2020-01-17,135.0
2020-01-18,134.6875
2020-01-19,134.5625
2020-01-20,134.4375
2020-01-21,134.0
2020-01-22,133.1875
2020-01-23,132.34375
2020-01-24,131.79688
2020-01-25,131.48438
2020-01-26,131.34375
2020-01-27,131.67188
2020-01-28,135.04688
2020-01-29,169.5
2020-01-30,301.26562
2020-01-31,353.42188
2020-02-01,226.57812
2020-02-02,162.96875
2020-02-03,143.59375
2020-02-04,138.46875
2020-02-05,136.65625
2020-02-06,135.20312
2020-02-07,133.78125
2020-02-08,133.28125
2020-02-09,135.3125
2020-02-10,147.95312
2020-02-11,165.82812
2020-02-12,154.76562
2020-02-13,137.71875
2020-02-14,131.82812
2020-02-15,130.32812
2020-02-16,129.89062
2020-02-17,139.40625
2020-02-18,250.85938
2020-02-19,501.125
2020-02-20,442.84375
2020-02-21,248.8125
2020-02-22,178.34375
2020-02-23,165.35938
2020-02-24,156.42188
2020-02-25,146.39062
2020-02-26,140.53125
2020-02-27,137.54688
2020-02-28,135.64062
2020-02-29,133.9375
2020-03-01,132.48438
2020-03-02,131.28125
2020-03-03,130.46875
2020-03-04,130.40625
2020-03-05,135.78125
2020-03-06,155.5
2020-03-07,144.1875
2020-03-08,133.96875
2020-03-09,130.15625
2020-03-10,127.71875
2020-03-11,127.40625
2020-03-12,127.3125
2020-03-13,126.65625
2020-03-14,130.28125
2020-03-15,136.4375
2020-03-16,138.125
2020-03-17,137.90625
2020-03-18,137.5625
2020-03-19,137.875
2020-03-20,142.03125
2020-03-21,144.53125
2020-03-22,140.40625
2020-03-23,137.03125
2020-03-24,132.0
2020-03-25,126.28125
2020-03-26,128.46875
2020-03-27,127.09375
2020-03-28,124.875
2020-03-29,123.65625
2020-03-30,122.53125
2020-03-31,122.125
2020-04-01,121.78125
2020-04-02,121.46875
2020-04-03,121.28125
2020-04-04,121.5625
2020-04-05,121.53125
2020-04-06,121.28125
2020-04-07,121.8125
2020-04-08,122.625
2020-04-09,123.875
2020-04-10,124.1875
2020-04-11,122.28125
2020-04-12,143.125
2020-04-13,196.59375
2020-04-14,242.0625
2020-04-15,181.9375
2020-04-16,143.15625
2020-04-17,131.28125
2020-04-18,129.96875
2020-04-19,147.0
2020-04-20,156.40625
2020-04-21,139.34375
2020-04-22,126.4375
2020-04-23,124.125
2020-04-24,126.75
2020-04-25,131.40625
2020-04-26,146.75
2020-04-27,145.6875
2020-04-28,140.84375
2020-04-29,135.625
2020-04-30,126.3125
2020-05-01,121.96875
2020-05-02,120.5625
2020-05-03,119.9375
2020-05-04,119.5
2020-05-05,119.0625
2020-05-06,118.53125
2020-05-07,118.1875
2020-05-08,118.21875
2020-05-09,117.96875
2020-05-10,117.5
2020-05-11,117.21875
2020-05-12,117.0625
2020-05-13,116.78125
2020-05-14,116.53125
2020-05-15,116.4375
2020-05-16,116.71875
2020-05-17,116.84375
2020-05-18,116.8125
2020-05-19,117.0
2020-05-20,118.0625
2020-05-21,123.4375
2020-05-22,133.875
2020-05-23,486.875
2020-05-24,800.625
2020-05-25,589.3125
2020-05-26,376.75
2020-05-27,502.90625
2020-05-28,545.09375
2020-05-29,325.34375
2020-05-30,262.40625
2020-05-31,287.03125
2020-06-01,376.15625
2020-06-02,482.40625
2020-06-03,342.875
2020-06-04,312.15625
2020-06-05,302.96875
2020-06-06,217.125
2020-06-07,172.4375
2020-06-08,155.71875
2020-06-09,141.15625
2020-06-10,131.625
2020-06-11,129.6875
2020-06-12,153.65625
2020-06-13,197.9375
2020-06-14,171.96875
2020-06-15,195.625
2020-06-16,325.9375
2020-06-17,247.34375
2020-06-18,197.1875
2020-06-19,164.9375
2020-06-20,140.6875
2020-06-21,132.1875
2020-06-22,126.609375
2020-06-23,124.140625
2020-06-24,124.09375
2020-06-25,123.53125
2020-06-26,120.875
2020-06-27,125.75
2020-06-28,164.01562
2020-06-29,219.82812
2020-06-30,202.57812
2020-07-01,186.375
2020-07-02,160.07812
2020-07-03,152.82812
2020-07-04,231.29688
2020-07-05,300.01562
2020-07-06,244.14062
2020-07-07,183.79688
2020-07-08,171.65625
2020-07-09,160.875
2020-07-10,138.78125
2020-07-11,125.6875
2020-07-12,122.796875
2020-07-13,133.82812
2020-07-14,159.3125
2020-07-15,205.26562
2020-07-16,236.98438
2020-07-17,282.92188
2020-07-18,254.78125
2020-07-19,244.45312
2020-07-20,216.09375
2020-07-21,178.51562
2020-07-22,170.14062
2020-07-23,195.34375
2020-07-24,307.3125
2020-07-25,352.57812
2020-07-26,230.14062
2020-07-27,186.03125
2020-07-28,303.1875
2020-07-29,629.03125
2020-07-30,696.8906
2020-07-31,521.4531
2020-08-01,846.59375
2020-08-02,952.6406
2020-08-03,606.34375
2020-08-04,348.625
2020-08-05,258.01562
2020-08-06,352.5
2020-08-07,573.0156
2020-08-08,494.79688
2020-08-09,492.42188
2020-08-10,638.90625
2020-08-11,435.89062
2020-08-12,272.4375
2020-08-13,343.34375
2020-08-14,479.32812
2020-08-15,298.53125
2020-08-16,262.29688
2020-08-17,367.98438
2020-08-18,602.4844
2020-08-19,1031.9219
2020-08-20,1223.3594
2020-08-21,962.8125
2020-08-22,682.0078
2020-08-23,769.625
2020-08-24,659.7969
2020-08-25,393.8125
2020-08-26,246.25
2020-08-27,187.73438
2020-08-28,165.72656
2020-08-29,158.61719
2020-08-30,168.66406
2020-08-31,188.8125
2020-09-01,199.01562
2020-09-02,203.59375
2020-09-03,183.86719
2020-09-04,167.32031
2020-09-05,153.78125
2020-09-06,149.04688
2020-09-07,151.14844
2020-09-08,142.41406
2020-09-09,149.9375
2020-09-10,242.0625
2020-09-11,475.17188
2020-09-12,497.57812
2020-09-13,340.7422
2020-09-14,255.42969
2020-09-15,199.64844
2020-09-16,166.19531
2020-09-17,1082.9688
2020-09-18,3734.8594
2020-09-19,2902.3906
2020-09-20,1085.9453
2020-09-21,624.4219
2020-09-22,576.375
2020-09-23,520.9453
2020-09-24,371.0547
2020-09-25,248.90625
2020-09-26,211.38281
2020-09-27,212.32812
2020-09-28,204.14062
2020-09-29,239.75781
2020-09-30,331.9375
2020-10-01,433.73438
2020-10-02,442.41406
2020-10-03,316.01562
2020-10-04,358.9922
2020-10-05,437.95312
2020-10-06,582.03125
2020-10-07,2166.0938
2020-10-08,4756.1484
2020-10-09,4543.3125
2020-10-10,5081.117
2020-10-11,8034.758
2020-10-12,8501.875
2020-10-13,4192.0547
2020-10-14,1538.7031
2020-10-15,1448.9141
2020-10-16,2023.6797
2020-10-17,3871.0312
2020-10-18,5617.5156
2020-10-19,4001.789
2020-10-20,2534.5312
2020-10-21,2353.4688
2020-10-22,1639.9141
2020-10-23,751.9375
2020-10-24,430.8047
2020-10-25,546.15625
2020-10-26,795.6797
2020-10-27,1026.9375
2020-10-28,5069.5938
2020-10-29,9276.219
2020-10-30,4653.75
2020-10-31,1227.4219
2020-11-01,1409.0781
2020-11-02,1156.7969
2020-11-03,614.3281
2020-11-04,352.08594
2020-11-05,518.6328
2020-11-06,2506.0312
2020-11-07,3533.6016
2020-11-08,1892.3516
2020-11-09,935.5703
2020-11-10,3876.0
2020-11-11,9313.8125
2020-11-12,6969.6406
2020-11-13,2780.8984
2020-11-14,1254.1094
2020-11-15,1743.5547
2020-11-16,1519.9062
2020-11-17,657.9375
2020-11-18,418.85938
2020-11-19,288.53906
2020-11-20,231.28906
2020-11-21,204.47656
2020-11-22,187.52344
2020-11-23,172.08594
2020-11-24,176.63281
2020-11-25,266.10938
2020-11-26,371.2422
2020-11-27,447.2578
2020-11-28,1532.2422
2020-11-29,4582.1484
2020-11-30,6132.25
2020-12-01,6108.836
2020-12-02,4241.0156
2020-12-03,2000.8828
2020-12-04,972.0078
2020-12-05,732.8125
2020-12-06,482.64062
2020-12-07,372.23438
2020-12-08,295.15625
2020-12-09,325.85938
2020-12-10,245.95312
2020-12-11,187.77344
2020-12-12,184.48438
2020-12-13,199.65625
2020-12-14,223.11719
2020-12-15,676.10156
2020-12-16,1208.2188
2020-12-17,1589.4531
2020-12-18,1671.0469
2020-12-19,1678.0938
2020-12-20,1637.7031
2020-12-21,1114.9844
2020-12-22,657.8281
2020-12-23,366.46875
2020-12-24,271.89062
2020-12-25,375.65625
2020-12-26,597.125
2020-12-27,486.25
2020-12-28,275.0
2020-12-29,197.54688
2020-12-30,195.95312
2020-12-31,558.9844
2021-01-01,947.0469
2021-01-02,550.2031
2021-01-03,304.59375
2021-01-04,253.98438
2021-01-05,312.21875
2021-01-06,363.65625
2021-01-07,506.875
2021-01-08,646.9531
2021-01-09,1152.4844
2021-01-10,1249.25
2021-01-11,763.21875
2021-01-12,587.4844
2021-01-13,446.57812
2021-01-14,274.73438
2021-01-15,204.95312
2021-01-16,183.78125
2021-01-17,187.45312
2021-01-18,453.14062
2021-01-19,736.78125
2021-01-20,356.82812
2021-01-21,219.98438
2021-01-22,184.03125
2021-01-23,171.79688
2021-01-24,165.3125
2021-01-25,159.20312
2021-01-26,154.04688
2021-01-27,150.875
2021-01-28,149.375
2021-01-29,156.29688
2021-01-30,183.20312
2021-01-31,171.5
2021-02-01,151.375
2021-02-02,146.09375
2021-02-03,143.4375
2021-02-04,141.90625
2021-02-05,142.09375
2021-02-06,145.40625
2021-02-07,146.6875
2021-02-08,142.25
2021-02-09,140.21875
2021-02-10,145.125
2021-02-11,167.53125
2021-02-12,159.3125
2021-02-13,142.3125
2021-02-14,137.71875
2021-02-15,136.53125
2021-02-16,135.71875
2021-02-17,135.34375
2021-02-18,136.125
2021-02-19,146.8125
2021-02-20,186.9375
2021-02-21,168.21875
2021-02-22,142.34375
2021-02-23,135.5
2021-02-24,134.1875
2021-02-25,133.5625
2021-02-26,133.09375
2021-02-27,132.875
2021-02-28,132.78125
2021-03-01,133.40625
2021-03-02,136.40625
2021-03-03,177.09375
2021-03-04,257.40625
2021-03-05,185.90625
2021-03-06,142.65625
2021-03-07,134.125
2021-03-08,132.9375
2021-03-09,132.625
2021-03-10,132.25
2021-03-11,131.8125
2021-03-12,131.46875
2021-03-13,131.21875
2021-03-14,130.90625
2021-03-15,134.625
2021-03-16,140.15625
2021-03-17,141.46875
2021-03-18,141.3125
2021-03-19,141.0
2021-03-20,140.75
2021-03-21,141.21875
2021-03-22,185.1875
2021-03-23,523.84375
2021-03-24,660.5
2021-03-25,359.78125
2021-03-26,227.71875
2021-03-27,182.25
2021-03-28,164.625
2021-03-29,154.71875
2021-03-30,148.0625
2021-03-31,143.25
2021-04-01,139.65625
2021-04-02,138.15625
2021-04-03,143.125
2021-04-04,143.6875
2021-04-05,139.21875
2021-04-06,133.53125
2021-04-07,131.125
2021-04-08,130.0625
2021-04-09,131.0625
2021-04-10,139.78125
2021-04-11,136.125
2021-04-12,129.6875
2021-04-13,127.96875
2021-04-14,127.28125
2021-04-15,128.65625
2021-04-16,146.125
2021-04-17,171.8125
2021-04-18,157.90625
2021-04-19,143.4375
2021-04-20,298.5
2021-04-21,712.1875
2021-04-22,672.78125
2021-04-23,419.5
2021-04-24,336.625
2021-04-25,215.21875
2021-04-26,171.40625
2021-04-27,160.625
2021-04-28,151.40625
2021-04-29,143.46875
2021-04-30,138.9375
2021-05-01,136.53125
2021-05-02,144.34375
2021-05-03,182.96875
2021-05-04,180.9375
2021-05-05,155.96875
2021-05-06,139.09375
2021-05-07,130.6875
2021-05-08,127.5625
2021-05-09,126.28125
2021-05-10,125.53125
2021-05-11,131.25
2021-05-12,170.5
2021-05-13,163.0
2021-05-14,160.5625
2021-05-15,158.84375
2021-05-16,207.4375
2021-05-17,182.65625
2021-05-18,143.1875
2021-05-19,130.8125
2021-05-20,138.28125
2021-05-21,169.875
2021-05-22,153.28125
2021-05-23,135.0
2021-05-24,148.8125
2021-05-25,194.90625
2021-05-26,317.625
2021-05-27,287.28125
2021-05-28,269.65625
2021-05-29,316.15625
2021-05-30,217.28125
2021-05-31,154.3125
2021-06-01,136.84375
2021-06-02,131.90625
2021-06-03,131.09375
2021-06-04,139.1875
2021-06-05,139.5625
2021-06-06,130.34375
2021-06-07,130.625
2021-06-08,143.03125
2021-06-09,175.65625
2021-06-10,175.03125
2021-06-11,161.8125
2021-06-12,313.875
2021-06-13,567.65625
2021-06-14,473.90625
2021-06-15,267.5
2021-06-16,174.0625
2021-06-17,149.28125
2021-06-18,148.40625
2021-06-19,181.21875
2021-06-20,167.8125
2021-06-21,138.59375
2021-06-22,129.1875
2021-06-23,126.6875
2021-06-24,125.4375
2021-06-25,126.0625
2021-06-26,129.125
2021-06-27,138.59375
2021-06-28,136.0625
2021-06-29,126.40625
2021-06-30,122.28125
2021-07-01,121.1875
2021-07-02,120.640625
2021-07-03,120.15625
2021-07-04,119.765625
2021-07-05,119.9375
2021-07-06,121.421875
2021-07-07,123.375
2021-07-08,131.9375
2021-07-09,168.5
2021-07-10,259.32812
2021-07-11,225.71875
2021-07-12,172.5625
2021-07-13,173.28125
2021-07-14,259.67188
2021-07-15,328.67188
2021-07-16,276.26562
2021-07-17,226.85938
2021-07-18,296.07812
2021-07-19,257.51562
2021-07-20,240.23438
2021-07-21,261.20312
2021-07-22,202.04688
2021-07-23,153.90625
2021-07-24,154.29688
2021-07-25,211.90625
2021-07-26,271.73438
2021-07-27,203.92188
2021-07-28,150.98438
2021-07-29,131.21875
2021-07-30,125.890625
2021-07-31,123.75
2021-08-01,121.515625
2021-08-02,120.375
2021-08-03,119.671875
2021-08-04,119.40625
2021-08-05,119.734375
2021-08-06,119.234375
2021-08-07,118.140625
2021-08-08,117.4375
2021-08-09,116.953125
2021-08-10,116.9375
2021-08-11,117.796875
2021-08-12,120.390625
2021-08-13,130.67188
2021-08-14,130.64062
2021-08-15,121.9375
2021-08-16,121.46875
2021-08-17,123.140625
2021-08-18,126.359375
2021-08-19,129.46875
2021-08-20,132.5
2021-08-21,142.39062
2021-08-22,155.875
2021-08-23,160.48438
2021-08-24,150.20312
2021-08-25,160.5
2021-08-26,189.82812
2021-08-27,301.07812
2021-08-28,478.1797
2021-08-29,506.32812
2021-08-30,363.9375
2021-08-31,371.35156
2021-09-01,321.40625
2021-09-02,542.4219
2021-09-03,800.90625
2021-09-04,673.0156
2021-09-05,507.89844
2021-09-06,567.8672
2021-09-07,491.5
2021-09-08,361.2578
2021-09-09,496.14062
2021-09-10,1029.3594
2021-09-11,3423.3047
2021-09-12,8655.758
2021-09-13,7978.211
2021-09-14,3296.1719
2021-09-15,1095.9375
2021-09-16,872.03906
2021-09-17,551.78906
2021-09-18,469.1953
2021-09-19,414.6797
2021-09-20,295.6875
2021-09-21,496.4297
2021-09-22,953.9297
2021-09-23,1710.9375
2021-09-24,3771.3828
2021-09-25,2822.2656
2021-09-26,1171.6094
2021-09-27,841.60156
2021-09-28,456.53125
2021-09-29,307.1328
2021-09-30,249.3125
2021-10-01,206.25
2021-10-02,182.72656
2021-10-03,168.30469
2021-10-04,159.52344
2021-10-05,173.32812
2021-10-06,1761.9453
2021-10-07,7551.3438
2021-10-08,8364.469
2021-10-09,3827.3594
2021-10-10,1175.8984
2021-10-11,599.60156
2021-10-12,426.42188
2021-10-13,401.2422
2021-10-14,572.6406
2021-10-15,1435.8906
2021-10-16,6043.4453
2021-10-17,9444.055
2021-10-18,6296.375
2021-10-19,2427.3828
2021-10-20,787.90625
2021-10-21,529.91406
2021-10-22,647.2656
2021-10-23,2488.1719
2021-10-24,4773.5547
2021-10-25,3561.2578
2021-10-26,1681.9141
2021-10-27,1294.1875
2021-10-28,1566.4141
2021-10-29,1187.9922
2021-10-30,789.6094
2021-10-31,614.28906
2021-11-01,511.6953
2021-11-02,357.75
2021-11-03,246.97656
2021-11-04,199.95312
2021-11-05,178.59375
2021-11-06,164.98438
2021-11-07,156.50781
2021-11-08,395.53906
2021-11-09,2232.8281
2021-11-10,2061.9844
2021-11-11,840.1875
2021-11-12,657.6172
2021-11-13,1291.6016
2021-11-14,2768.039
2021-11-15,3300.1328
2021-11-16,2557.789
2021-11-17,1816.8906
2021-11-18,1866.75
2021-11-19,1595.8594
2021-11-20,863.625
2021-11-21,397.97656
2021-11-22,273.9375
2021-11-23,424.85938
2021-11-24,1509.4141
2021-11-25,1810.9453
2021-11-26,1039.6562
2021-11-27,597.96875
2021-11-28,2392.25
2021-11-29,6565.922
2021-11-30,7177.75
2021-12-01,3701.0781
2021-12-02,1322.0938
2021-12-03,708.3125
2021-12-04,567.8125
2021-12-05,364.625
2021-12-06,300.90625
2021-12-07,354.32812
2021-12-08,294.84375
2021-12-09,252.32812
2021-12-10,303.78125
2021-12-11,263.01562
2021-12-12,202.35938
2021-12-13,297.53125
2021-12-14,523.65625
2021-12-15,441.21875
2021-12-16,339.375
2021-12-17,234.65625
2021-12-18,434.5
2021-12-19,1186.1562
2021-12-20,1526.9688
2021-12-21,1051.4375
2021-12-22,403.92188
2021-12-23,258.1875
2021-12-24,269.26562
2021-12-25,414.96875
2021-12-26,1095.2969
2021-12-27,2261.8594
2021-12-28,2645.7969
2021-12-29,1910.1562
2021-12-30,986.5781
2021-12-31,789.7031
2022-01-01,689.71875
2022-01-02,574.6719
2022-01-03,748.2656
2022-01-04,623.90625
2022-01-05,352.625
2022-01-06,234.1875
2022-01-07,193.75
2022-01-08,188.71875
2022-01-09,202.78125
2022-01-10,211.96875
2022-01-11,183.78125
2022-01-12,206.59375
2022-01-13,283.53125
2022-01-14,205.17188
2022-01-15,162.29688
2022-01-16,151.70312
2022-01-17,147.96875
2022-01-18,162.51562
2022-01-19,363.64062
2022-01-20,642.96875
2022-01-21,436.875
2022-01-22,246.76562
2022-01-23,180.59375
2022-01-24,164.78125
2022-01-25,159.73438
2022-01-26,156.14062
2022-01-27,151.4375
2022-01-28,147.6875
2022-01-29,145.29688
2022-01-30,145.92188
2022-01-31,165.10938
2022-02-01,234.78125
2022-02-02,249.375
2022-02-03,192.125
2022-02-04,160.32812
2022-02-05,271.10938
2022-02-06,554.8594
2022-02-07,481.21875
2022-02-08,263.54688
2022-02-09,181.84375
2022-02-10,163.3125
2022-02-11,156.71875
2022-02-12,152.48438
2022-02-13,150.0
2022-02-14,157.40625
2022-02-15,206.42188
2022-02-16,257.28125
2022-02-17,225.90625
2022-02-18,219.76562
2022-02-19,376.6875
2022-02-20,766.125
2022-02-21,798.4375
2022-02-22,340.9375
2022-02-23,223.46875
2022-02-24,193.90625
2022-02-25,179.75
2022-02-26,180.5
2022-02-27,208.875
2022-02-28,281.6875
2022-03-01,219.78125
2022-03-02,167.28125
2022-03-03,153.09375
2022-03-04,148.6875
2022-03-05,145.84375
2022-03-06,143.8125
2022-03-07,142.65625
2022-03-08,154.90625
2022-03-09,215.09375
2022-03-10,183.3125
2022-03-11,147.5
2022-03-12,139.21875
2022-03-13,137.59375
2022-03-14,136.5
2022-03-15,140.09375
2022-03-16,146.03125
2022-03-17,147.625
2022-03-18,153.5625
2022-03-19,185.71875
2022-03-20,252.3125
2022-03-21,257.84375
2022-03-22,246.875
2022-03-23,289.9375
2022-03-24,598.65625
2022-03-25,710.59375
2022-03-26,362.65625
2022-03-27,240.09375
2022-03-28,241.09375
2022-03-29,300.8125
2022-03-30,251.125
2022-03-31,1763.375
2022-04-01,8685.844
2022-04-02,11350.781
2022-04-03,5451.3438
2022-04-04,1607.5938
2022-04-05,903.8125
2022-04-06,766.625
2022-04-07,644.6875
2022-04-08,437.125
2022-04-09,288.8125
2022-04-10,230.9375
2022-04-11,204.78125
2022-04-12,187.84375
2022-04-13,373.0625
2022-04-14,1162.5
2022-04-15,955.625
2022-04-16,392.0625
2022-04-17,340.34375
2022-04-18,244.46875
2022-04-19,197.21875
2022-04-20,188.3125
2022-04-21,206.875
2022-04-22,245.46875
2022-04-23,326.03125
2022-04-24,454.5
2022-04-25,505.28125
2022-04-26,497.125
2022-04-27,334.78125
2022-04-28,282.3125
2022-04-29,224.0
2022-04-30,207.5
2022-05-01,859.3125
2022-05-02,2131.4375
2022-05-03,1582.1875
2022-05-04,570.875
2022-05-05,342.34375
2022-05-06,266.53125
2022-05-07,248.125
2022-05-08,296.4375
2022-05-09,419.3125
2022-05-10,728.125
2022-05-11,654.59375
2022-05-12,480.875
2022-05-13,378.375
2022-05-14,285.0625
2022-05-15,386.625
2022-05-16,1029.5938
2022-05-17,1269.9062
2022-05-18,744.4375
2022-05-19,402.875
2022-05-20,772.3125
2022-05-21,1840.6562
2022-05-22,1581.625
2022-05-23,829.5625
2022-05-24,530.0625
2022-05-25,460.21875
2022-05-26,417.375
2022-05-27,438.90625
2022-05-28,346.46875
2022-05-29,391.03125
2022-05-30,317.875
2022-05-31,286.65625
2022-06-01,418.5625
2022-06-02,606.84375
2022-06-03,520.4375
2022-06-04,437.03125
2022-06-05,289.3125
2022-06-06,204.375
2022-06-07,174.96875
2022-06-08,174.96875
2022-06-09,187.90625
2022-06-10,183.78125
2022-06-11,168.625
2022-06-12,157.3125
2022-06-13,164.125
2022-06-14,167.96875
2022-06-15,166.0625
2022-06-16,196.09375
2022-06-17,281.8125
2022-06-18,235.6875
2022-06-19,180.21875
2022-06-20,153.53125
2022-06-21,144.59375
2022-06-22,142.125
2022-06-23,145.0
2022-06-24,195.0625
2022-06-25,328.8125
2022-06-26,459.59375
2022-06-27,506.76562
2022-06-28,403.5625
2022-06-29,273.1875
2022-06-30,212.96875
2022-07-01,197.39062
2022-07-02,218.3125
2022-07-03,236.04688
2022-07-04,200.125
2022-07-05,162.96875
2022-07-06,148.45312
2022-07-07,153.45312
2022-07-08,180.9375
2022-07-09,322.6875
2022-07-10,717.4375
2022-07-11,929.75
2022-07-12,664.2344
2022-07-13,704.96875
2022-07-14,1209.9531
2022-07-15,1198.9375
2022-07-16,813.8594
2022-07-17,409.125
2022-07-18,285.5625
2022-07-19,230.85938
2022-07-20,254.79688
2022-07-21,716.53125
2022-07-22,899.34375
2022-07-23,477.84375
2022-07-24,444.0
2022-07-25,370.96875
2022-07-26,248.96875
2022-07-27,187.82812
2022-07-28,183.51562
2022-07-29,236.25
2022-07-30,242.14062
2022-07-31,247.15625
2022-08-01,643.25
2022-08-02,943.5625
2022-08-03,785.21875
2022-08-04,681.6719
2022-08-05,462.29688
2022-08-06,427.625
2022-08-07,512.9219
2022-08-08,888.21875
2022-08-09,1866.0938
2022-08-10,1690.1875
2022-08-11,746.0156
2022-08-12,398.82812
2022-08-13,323.48438
2022-08-14,327.96875
2022-08-15,289.10938
2022-08-16,368.5625
2022-08-17,600.4531
2022-08-18,617.2344
2022-08-19,452.73438
2022-08-20,418.125
2022-08-21,451.23438
2022-08-22,456.26562
2022-08-23,356.39062
2022-08-24,414.48438
2022-08-25,611.6719
2022-08-26,577.0469
2022-08-27,431.65625
2022-08-28,283.39062
2022-08-29,277.1172
2022-08-30,237.91406
2022-08-31,257.875
2022-09-01,257.0547
2022-09-02,199.0625
2022-09-03,194.66406
2022-09-04,324.7578
2022-09-05,567.02344
2022-09-06,754.03125
2022-09-07,818.5625
2022-09-08,1149.3516
2022-09-09,1041.9844
2022-09-10,704.3906
2022-09-11,639.3672
2022-09-12,347.8672
2022-09-13,259.6172
2022-09-14,296.46094
2022-09-15,436.4453
2022-09-16,654.7656
2022-09-17,681.1875
2022-09-18,730.65625
2022-09-19,696.4219
2022-09-20,718.5781
2022-09-21,527.60156
2022-09-22,558.77344
2022-09-23,1140.1484
2022-09-24,1378.5
2022-09-25,1313.3516
2022-09-26,1228.5078
2022-09-27,3580.4922
2022-09-28,10809.852
2022-09-29,6424.586
2022-09-30,1728.5391
2022-10-01,1035.8203
2022-10-02,987.34375
2022-10-03,882.2031
2022-10-04,771.2969
2022-10-05,702.1328
2022-10-06,571.0547
2022-10-07,604.14844
2022-10-08,521.0781
2022-10-09,410.79688
2022-10-10,1281.7969
2022-10-11,3309.539
2022-10-12,3051.836
2022-10-13,1524.9141
2022-10-14,3065.3672
2022-10-15,9892.242
2022-10-16,5468.8516
2022-10-17,1275.5859
2022-10-18,905.71875
2022-10-19,480.16406
2022-10-20,343.92188
2022-10-21,287.3125
2022-10-22,296.48438
2022-10-23,709.91406
2022-10-24,862.7656
2022-10-25,1340.1172
2022-10-26,3457.0078
2022-10-27,2581.1797
2022-10-28,1061.9375
2022-10-29,575.7656
2022-10-30,594.9922
2022-10-31,572.75
2022-11-01,334.17188
2022-11-02,242.25781
2022-11-03,212.89844
2022-11-04,197.13281
2022-11-05,186.50781
2022-11-06,179.05469
2022-11-07,173.5
2022-11-08,168.85156
2022-11-09,165.55469
2022-11-10,163.25781
2022-11-11,161.16406
2022-11-12,160.71875
2022-11-13,163.32812
2022-11-14,185.79688
2022-11-15,220.85156
2022-11-16,208.96875
2022-11-17,174.89844
2022-11-18,157.70312
2022-11-19,179.33594
2022-11-20,693.8828
2022-11-21,2141.5625
2022-11-22,2776.1875
2022-11-23,1695.9297
2022-11-24,731.15625
2022-11-25,576.0
2022-11-26,494.41406
2022-11-27,417.7422
2022-11-28,493.78906
2022-11-29,395.6328
2022-11-30,323.28125
2022-12-01,257.28906
2022-12-02,747.25
2022-12-03,2275.6484
2022-12-04,2192.8047
2022-12-05,1698.4141
2022-12-06,2404.4219
2022-12-07,2139.8125
2022-12-08,1493.2031
2022-12-09,1367.3281
2022-12-10,999.3281
2022-12-11,734.47656
2022-12-12,700.10156
2022-12-13,608.97656
2022-12-14,392.91406
2022-12-15,272.84375
2022-12-16,222.46875
2022-12-17,350.75
2022-12-18,1407.8516
2022-12-19,1446.8672
2022-12-20,564.9453
2022-12-21,343.4922
2022-12-22,397.0625
2022-12-23,515.2344
2022-12-24,301.09375
2022-12-25,218.74219
2022-12-26,204.02344
2022-12-27,193.9375
2022-12-28,193.47656
2022-12-29,305.5547
2022-12-30,1194.5156
2022-12-31,1342.6875
2023-01-01,611.21094
2023-01-02,338.46094
2023-01-03,281.375
2023-01-04,532.9531
2023-01-05,1034.1719
2023-01-06,1169.3906
2023-01-07,935.6875
2023-01-08,649.5
2023-01-09,661.2969
2023-01-10,795.375
2023-01-11,432.14062
2023-01-12,286.78125
2023-01-13,227.6875
2023-01-14,210.3125
2023-01-15,191.26562
2023-01-16,212.0625
2023-01-17,607.0625
2023-01-18,1124.3281
2023-01-19,956.28125
2023-01-20,603.9375
2023-01-21,364.67188
2023-01-22,251.53125
2023-01-23,209.29688
2023-01-24,313.32812
2023-01-25,1427.2344
2023-01-26,1446.1875
2023-01-27,565.78125
2023-01-28,1114.75
2023-01-29,1445.9062
2023-01-30,813.875
2023-01-31,424.34375
2023-02-01,280.6875
2023-02-02,230.79688
2023-02-03,210.25
2023-02-04,200.76562
2023-02-05,188.48438
2023-02-06,178.60938
2023-02-07,172.70312
2023-02-08,168.4375
2023-02-09,165.3125
2023-02-10,162.67188
2023-02-11,160.5
2023-02-12,158.57812
2023-02-13,156.85938
2023-02-14,182.0625
2023-02-15,560.09375
2023-02-16,1423.4531
2023-02-17,1290.4531
2023-02-18,652.8594
2023-02-19,366.35938
2023-02-20,270.64062
2023-02-21,255.64062
2023-02-22,241.625
2023-02-23,255.21875
2023-02-24,244.0
2023-02-25,213.59375
2023-02-26,407.21875
2023-02-27,763.875
2023-02-28,634.0625
2023-03-01,504.90625
2023-03-02,359.4375
2023-03-03,264.625
2023-03-04,207.6875
2023-03-05,189.03125
2023-03-06,197.8125
2023-03-07,184.46875
2023-03-08,168.9375
2023-03-09,163.21875
2023-03-10,160.6875
2023-03-11,158.6875
2023-03-12,157.21875
2023-03-13,156.71875
2023-03-14,161.9375
2023-03-15,187.375
2023-03-16,181.28125
2023-03-17,167.96875
2023-03-18,164.71875
2023-03-19,163.875
2023-03-20,163.0625
2023-03-21,162.15625
2023-03-22,161.34375
2023-03-23,160.65625
2023-03-24,160.125
2023-03-25,155.5625
2023-03-26,151.875
2023-03-27,156.625
2023-03-28,224.875
2023-03-29,331.15625
2023-03-30,288.3125
2023-03-31,259.25
2023-04-01,237.71875
2023-04-02,279.84375
2023-04-03,299.75
2023-04-04,351.34375
2023-04-05,244.4375
2023-04-06,180.34375
2023-04-07,180.96875
2023-04-08,180.5625
2023-04-09,163.03125
2023-04-10,153.90625
2023-04-11,150.875
2023-04-12,149.46875
2023-04-13,148.71875
2023-04-14,148.09375
2023-04-15,147.71875
2023-04-16,149.34375
2023-04-17,156.15625
2023-04-18,154.1875
2023-04-19,150.375
2023-04-20,147.34375
2023-04-21,145.1875
2023-04-22,144.71875
2023-04-23,147.1875
2023-04-24,169.90625
2023-04-25,251.40625
2023-04-26,229.90625
2023-04-27,178.375
2023-04-28,156.5
2023-04-29,149.65625
2023-04-30,153.6875
2023-05-01,153.71875
2023-05-02,148.0625
2023-05-03,145.28125
2023-05-04,144.1875
2023-05-05,143.46875
2023-05-06,142.875
2023-05-07,142.34375
2023-05-08,142.09375
2023-05-09,144.34375
2023-05-10,154.65625
2023-05-11,179.0
2023-05-12,433.03125
2023-05-13,976.4375
2023-05-14,1042.4688
2023-05-15,737.5625
2023-05-16,586.25
2023-05-17,353.71875
2023-05-18,241.25
2023-05-19,200.5625
2023-05-20,183.375
2023-05-21,173.4375
2023-05-22,168.625
2023-05-23,162.34375
2023-05-24,173.5625
2023-05-25,365.4375
2023-05-26,582.59375
2023-05-27,476.46875
2023-05-28,467.40625
2023-05-29,401.65625
2023-05-30,255.59375
2023-05-31,188.90625
2023-06-01,177.21875
2023-06-02,168.375
2023-06-03,159.21875
2023-06-04,167.75
2023-06-05,294.78125
2023-06-06,457.34375
2023-06-07,510.96875
2023-06-08,693.28125
2023-06-09,564.03125
2023-06-10,341.0625
2023-06-11,235.625
2023-06-12,207.4375
2023-06-13,198.17188
2023-06-14,179.9375
2023-06-15,162.64062
2023-06-16,157.42188
2023-06-17,188.125
2023-06-18,309.23438
2023-06-19,307.60938
2023-06-20,249.375
2023-06-21,199.28125
2023-06-22,169.42188
2023-06-23,174.07812
2023-06-24,170.1875
2023-06-25,203.28125
2023-06-26,528.8906
2023-06-27,744.6406
2023-06-28,540.71875
2023-06-29,482.26562
2023-06-30,512.78125
2023-07-01,357.96875
2023-07-02,274.95312
2023-07-03,291.6875
2023-07-04,250.32812
2023-07-05,238.70312
2023-07-06,321.4375
2023-07-07,329.125
2023-07-08,302.5625
2023-07-09,249.5
2023-07-10,256.48438
2023-07-11,293.9375
2023-07-12,307.20312
2023-07-13,340.375
2023-07-14,314.26562
2023-07-15,245.53125
2023-07-16,197.01562
2023-07-17,201.64062
2023-07-18,469.4375
2023-07-19,676.2031
2023-07-20,590.2969
2023-07-21,649.125
2023-07-22,426.0625
2023-07-23,284.53125
2023-07-24,289.23438
2023-07-25,958.2656
2023-07-26,1718.7656
2023-07-27,1241.1094
2023-07-28,452.15625
2023-07-29,300.21875
2023-07-30,298.89062
2023-07-31,326.67188
2023-08-01,281.76562
2023-08-02,364.8125
2023-08-03,521.3281
2023-08-04,442.75
2023-08-05,366.95312
2023-08-06,255.07812
2023-08-07,194.75
2023-08-08,173.22656
2023-08-09,163.86719
2023-08-10,157.14844
2023-08-11,153.55469
2023-08-12,151.35156
2023-08-13,149.96875
2023-08-14,156.07031
2023-08-15,222.89844
2023-08-16,286.60156
2023-08-17,214.375
2023-08-18,176.03125
2023-08-19,167.74219
2023-08-20,168.375
2023-08-21,177.35938
2023-08-22,222.10156
2023-08-23,272.2422
2023-08-24,255.63281
2023-08-25,261.08594
2023-08-26,230.48438
2023-08-27,186.21094
2023-08-28,161.32031
2023-08-29,161.08594
2023-08-30,244.66406
2023-08-31,468.3203
2023-09-01,580.0703
2023-09-02,419.1875
2023-09-03,244.44531
2023-09-04,197.92188
2023-09-05,283.28125
2023-09-06,832.8125
2023-09-07,976.6406
2023-09-08,624.1328
2023-09-09,483.4297
2023-09-10,373.1328
2023-09-11,408.23438
2023-09-12,306.8047
2023-09-13,220.32812
2023-09-14,218.00781
2023-09-15,564.85156
2023-09-16,1266.7812
2023-09-17,1276.0234
2023-09-18,1130.7422
2023-09-19,1083.5586
2023-09-20,702.5742
2023-09-21,389.34375
2023-09-22,262.07812
2023-09-23,238.71875
2023-09-24,255.79688
2023-09-25,1222.5156
2023-09-26,3030.4688
2023-09-27,2117.75
2023-09-28,900.7969
2023-09-29,1031.7773
2023-09-30,1064.4258
2023-10-01,739.8867
2023-10-02,418.2461
2023-10-03,283.41016
2023-10-04,291.39062
2023-10-05,449.46094
2023-10-06,671.1992
2023-10-07,854.53125
2023-10-08,1362.6719
2023-10-09,1555.7812
2023-10-10,2306.4688
2023-10-11,2369.707
2023-10-12,1685.9883
2023-10-13,2221.8945
2023-10-14,3508.6719
2023-10-15,3185.9805
2023-10-16,3181.1094
2023-10-17,3805.4219
2023-10-18,3582.5547
2023-10-19,2215.7422
2023-10-20,948.5703
2023-10-21,514.33984
2023-10-22,371.8828
2023-10-23,323.1289
2023-10-24,532.3086
2023-10-25,711.65625
2023-10-26,513.54297
2023-10-27,378.02734
2023-10-28,328.04297
2023-10-29,356.58594
2023-10-30,414.80078
2023-10-31,902.41406
2023-11-01,1581.8203
2023-11-02,1597.5078
2023-11-03,1029.0938
2023-11-04,501.58594
2023-11-05,301.77734
2023-11-06,243.34766
2023-11-07,242.45312
2023-11-08,255.03516
2023-11-09,317.61328
2023-11-10,361.3672
2023-11-11,280.77734
2023-11-12,213.51953
2023-11-13,311.85156
2023-11-14,1194.5273
2023-11-15,1856.5508
2023-11-16,2014.7773
2023-11-17,2727.2734
2023-11-18,1964.6562
2023-11-19,699.1406
2023-11-20,409.97656
2023-11-21,383.41406
2023-11-22,405.0039
2023-11-23,280.58203
2023-11-24,215.13672
2023-11-25,235.84375
2023-11-26,537.2344
2023-11-27,929.8047
2023-11-28,734.5742
2023-11-29,346.1836
2023-11-30,265.21094
2023-12-01,578.02344
2023-12-02,1857.1602
2023-12-03,2122.5742
2023-12-04,1340.9805
2023-12-05,852.0469
2023-12-06,589.9883
2023-12-07,357.72656
2023-12-08,442.84375
2023-12-09,544.45703
2023-12-10,291.39062
2023-12-11,203.70312
2023-12-12,181.50781
2023-12-13,171.02344
2023-12-14,171.14062
2023-12-15,172.28125
2023-12-16,177.46875
2023-12-17,331.46875
2023-12-18,831.22656
2023-12-19,832.0469
2023-12-20,543.2656
2023-12-21,966.6328
2023-12-22,1456.5938
2023-12-23,1183.5859
2023-12-24,716.7031
2023-12-25,585.8125
2023-12-26,529.7969
2023-12-27,346.34375
2023-12-28,366.98438
2023-12-29,431.40625
2023-12-30,354.67188
2023-12-31,326.96875
