date,discharge_m3s
2010-01-01,198.71875
2010-01-02,191.04688
2010-01-03,186.03125
2010-01-04,182.20312
2010-01-05,178.82812
2010-01-06,175.51562
2010-01-07,173.28125
2010-01-08,172.90625
2010-01-09,172.6875
2010-01-10,170.26562
2010-01-11,168.64062
2010-01-12,243.73438
2010-01-13,800.96875
2010-01-14,1096.0781
2010-01-15,677.5781
2010-01-16,448.85938
2010-01-17,362.35938
2010-01-18,358.54688
2010-01-19,490.59375
2010-01-20,869.4844
2010-01-21,1212.6875
2010-01-22,991.8125
2010-01-23,618.0156
2010-01-24,578.5781
2010-01-25,404.85938
2010-01-26,337.07812
2010-01-27,422.95312
2010-01-28,383.51562
2010-01-29,267.14062
2010-01-30,213.21875
2010-01-31,197.9375
2010-02-01,190.42188
2010-02-02,184.75
2010-02-03,180.20312
2010-02-04,177.5
2010-02-05,182.15625
2010-02-06,182.125
2010-02-07,173.0625
2010-02-08,166.9375
2010-02-09,164.5625
2010-02-10,162.875
2010-02-11,161.3125
2010-02-12,160.1875
2010-02-13,161.25
2010-02-14,163.28125
2010-02-15,159.5625
2010-02-16,159.9375
2010-02-17,171.78125
2010-02-18,186.15625
2010-02-19,232.125
2010-02-20,269.6875
2010-02-21,218.5625
2010-02-22,179.71875
2010-02-23,191.53125
2010-02-24,270.9375
2010-02-25,218.09375
2010-02-26,182.84375
2010-02-27,172.5625
2010-02-28,161.625
2010-03-01,159.46875
2010-03-02,172.625
2010-03-03,172.9375
2010-03-04,159.40625
2010-03-05,153.78125
2010-03-06,152.1875
2010-03-07,151.3125
2010-03-08,151.0625
2010-03-09,172.125
2010-03-10,284.625
2010-03-11,447.78125
2010-03-12,319.75
2010-03-13,218.25
2010-03-14,176.53125
2010-03-15,169.8125
2010-03-16,173.375
2010-03-17,175.625
2010-03-18,183.75
2010-03-19,194.53125
2010-03-20,186.5625
2010-03-21,175.0
2010-03-22,171.125
2010-03-23,169.625
2010-03-24,168.5625
2010-03-25,169.5625
2010-03-26,186.1875
2010-03-27,237.1875
2010-03-28,224.1875
2010-03-29,242.15625
2010-03-30,260.28125
2010-03-31,210.9375
2010-04-01,180.40625
2010-04-02,210.03125
2010-04-03,279.8125
2010-04-04,267.40625
2010-04-05,203.46875
2010-04-06,170.75
2010-04-07,159.90625
2010-04-08,156.84375
2010-04-09,167.46875
2010-04-10,174.5625
2010-04-11,167.96875
2010-04-12,156.65625
2010-04-13,150.46875
2010-04-14,150.875
2010-04-15,173.5
2010-04-16,175.75
2010-04-17,161.0625
2010-04-18,155.5625
2010-04-19,172.15625
2010-04-20,196.25
2010-04-21,229.34375
2010-04-22,199.8125
2010-04-23,169.28125
2010-04-24,172.40625
2010-04-25,206.5
2010-04-26,181.625
2010-04-27,160.34375
2010-04-28,198.8125
2010-04-29,435.96875
2010-04-30,756.28125
2010-05-01,695.375
2010-05-02,435.96875
2010-05-03,452.59375
2010-05-04,436.6875
2010-05-05,362.375
2010-05-06,297.03125
2010-05-07,225.96875
2010-05-08,187.40625
2010-05-09,191.84375
2010-05-10,182.46875
2010-05-11,191.8125
2010-05-12,242.15625
2010-05-13,203.15625
2010-05-14,168.21875
2010-05-15,160.84375
2010-05-16,188.75
2010-05-17,238.46875
2010-05-18,193.53125
2010-05-19,176.03125
2010-05-20,171.5
2010-05-21,160.5
2010-05-22,186.40625
2010-05-23,237.375
2010-05-24,200.71875
2010-05-25,188.21875
2010-05-26,294.46875
2010-05-27,349.6875
2010-05-28,252.15625
2010-05-29,196.125
2010-05-30,178.5
2010-05-31,167.3125
2010-06-01,161.6875
2010-06-02,161.8125
2010-06-03,185.46875
2010-06-04,320.84375
2010-06-05,499.6875
2010-06-06,703.78125
2010-06-07,763.375
2010-06-08,611.90625
2010-06-09,509.96875
2010-06-10,442.6875
2010-06-11,513.59375
2010-06-12,450.78125
2010-06-13,484.15625
2010-06-14,503.96875
2010-06-15,295.53125
2010-06-16,207.78125
2010-06-17,187.34375
2010-06-18,185.59375
2010-06-19,182.32812
2010-06-20,181.54688
2010-06-21,232.20312
2010-06-22,241.60938
2010-06-23,280.875
2010-06-24,226.01562
2010-06-25,171.01562
2010-06-26,157.53125
2010-06-27,154.78125
2010-06-28,153.125
2010-06-29,153.96875
2010-06-30,157.07812
2010-07-01,190.5
2010-07-02,443.84375
2010-07-03,718.5
2010-07-04,484.23438
2010-07-05,341.625
2010-07-06,316.54688
2010-07-07,239.15625
2010-07-08,185.0625
2010-07-09,174.85938
2010-07-10,178.9375
2010-07-11,176.75
2010-07-12,171.34375
2010-07-13,173.92188
2010-07-14,198.28125
2010-07-15,261.76562
2010-07-16,389.14062
2010-07-17,399.57812
2010-07-18,360.75
2010-07-19,246.54688
2010-07-20,220.89062
2010-07-21,214.96875
2010-07-22,219.76562
2010-07-23,230.04688
2010-07-24,323.76562
2010-07-25,915.0781
2010-07-26,1153.0
2010-07-27,929.5156
2010-07-28,772.6094
2010-07-29,397.10938
2010-07-30,289.76562
2010-07-31,253.70312
2010-08-01,353.29688
2010-08-02,681.8281
2010-08-03,716.59375
2010-08-04,414.125
2010-08-05,278.84375
2010-08-06,310.54688
2010-08-07,418.0625
2010-08-08,411.98438
2010-08-09,478.60938
2010-08-10,551.40625
2010-08-11,651.3125
2010-08-12,737.46875
2010-08-13,670.125
2010-08-14,602.3281
2010-08-15,618.0625
2010-08-16,633.3594
2010-08-17,698.3281
2010-08-18,800.9375
2010-08-19,681.9844
2010-08-20,638.71875
2010-08-21,1681.5781
2010-08-22,1456.25
2010-08-23,883.09375
2010-08-24,1827.7422
2010-08-25,1599.9844
2010-08-26,542.40625
2010-08-27,374.91406
2010-08-28,510.27344
2010-08-29,889.0
2010-08-30,848.9219
2010-08-31,557.1953
2010-09-01,569.5078
2010-09-02,1118.75
2010-09-03,1885.8906
2010-09-04,1623.0234
2010-09-05,1016.59375
2010-09-06,787.03125
2010-09-07,652.84375
2010-09-08,412.40625
2010-09-09,322.7578
2010-09-10,293.20312
2010-09-11,374.90625
2010-09-12,514.9844
2010-09-13,574.77344
2010-09-14,504.0
2010-09-15,450.95312
2010-09-16,495.27344
2010-09-17,373.27344
2010-09-18,566.8906
2010-09-19,797.83594
2010-09-20,672.0547
2010-09-21,451.66406
2010-09-22,297.7422
2010-09-23,307.9297
2010-09-24,558.3047
2010-09-25,562.71875
2010-09-26,318.54688
2010-09-27,250.42188
2010-09-28,343.28125
2010-09-29,398.82812
2010-09-30,345.22656
2010-10-01,585.9453
2010-10-02,883.21875
2010-10-03,1134.6094
2010-10-04,1517.0391
2010-10-05,1762.6406
2010-10-06,1394.8828
2010-10-07,994.0625
2010-10-08,1071.1953
2010-10-09,829.96094
2010-10-10,480.28125
2010-10-11,326.46875
2010-10-12,289.875
2010-10-13,280.66406
2010-10-14,411.16406
2010-10-15,1248.4688
2010-10-16,2206.3594
2010-10-17,1568.5469
2010-10-18,662.25
2010-10-19,753.9922
2010-10-20,986.83594
2010-10-21,831.0781
2010-10-22,415.3125
2010-10-23,284.52344
2010-10-24,246.82031
2010-10-25,226.4375
2010-10-26,258.125
2010-10-27,1153.1875
2010-10-28,3202.1797
2010-10-29,2711.414
2010-10-30,1522.1328
2010-10-31,1288.4375
2010-11-01,1547.0156
2010-11-02,2355.2031
2010-11-03,2334.8047
2010-11-04,2037.8516
2010-11-05,2878.164
2010-11-06,4029.6406
2010-11-07,3617.8438
2010-11-08,2270.6953
2010-11-09,1662.6328
2010-11-10,1792.4531
2010-11-11,1595.9922
2010-11-12,1274.2891
2010-11-13,1417.7969
2010-11-14,4196.3594
2010-11-15,8192.25
2010-11-16,7193.2734
2010-11-17,5769.211
2010-11-18,3663.0312
2010-11-19,1912.3125
2010-11-20,1224.9219
2010-11-21,724.1172
2010-11-22,500.57812
2010-11-23,410.46875
2010-11-24,361.8672
2010-11-25,321.03906
2010-11-26,308.22656
2010-11-27,325.07812
2010-11-28,319.2578
2010-11-29,599.0078
2010-11-30,1099.8359
2010-12-01,885.85156
2010-12-02,527.6406
2010-12-03,353.6328
2010-12-04,308.22656
2010-12-05,392.16406
2010-12-06,536.58594
2010-12-07,625.7578
2010-12-08,692.875
2010-12-09,707.2578
2010-12-10,534.3203
2010-12-11,305.8125
2010-12-12,219.75
2010-12-13,194.96875
2010-12-14,219.21875
2010-12-15,473.01562
2010-12-16,692.6094
2010-12-17,420.625
2010-12-18,405.21875
2010-12-19,295.5
2010-12-20,228.4375
2010-12-21,208.65625
2010-12-22,199.46875
2010-12-23,193.35938
2010-12-24,188.34375
2010-12-25,184.95312
2010-12-26,238.60938
2010-12-27,770.8125
2010-12-28,991.71875
2010-12-29,418.625
2010-12-30,266.20312
2010-12-31,231.25
2011-01-01,218.6875
2011-01-02,222.17188
2011-01-03,208.79688
2011-01-04,194.0625
2011-01-05,198.6875
2011-01-06,246.92188
2011-01-07,523.3281
2011-01-08,1187.2188
2011-01-09,1086.1562
2011-01-10,688.3594
2011-01-11,600.0781
2011-01-12,448.60938
2011-01-13,370.39062
2011-01-14,272.40625
2011-01-15,252.0
2011-01-16,555.9375
2011-01-17,906.0156
2011-01-18,601.4844
2011-01-19,432.3125
2011-01-20,313.09375
2011-01-21,256.84375
2011-01-22,279.92188
2011-01-23,354.96875
2011-01-24,539.3594
2011-01-25,1053.9531
2011-01-26,1051.0312
2011-01-27,820.5469
2011-01-28,934.2656
2011-01-29,1191.5781
2011-01-30,1356.8281
2011-01-31,1354.3438
2011-02-01,1404.9844
2011-02-02,1112.1094
2011-02-03,766.9844
2011-02-04,533.7656
2011-02-05,354.03125
2011-02-06,276.8125
2011-02-07,245.6875
2011-02-08,228.15625
2011-02-09,215.78125
2011-02-10,206.3125
2011-02-11,199.1875
2011-02-12,195.1875
2011-02-13,198.40625
2011-02-14,270.375
2011-02-15,422.15625
2011-02-16,282.46875
2011-02-17,205.09375
2011-02-18,188.0
2011-02-19,184.71875
2011-02-20,189.46875
2011-02-21,224.84375
2011-02-22,208.34375
2011-02-23,183.28125
2011-02-24,172.5625
2011-02-25,169.0
2011-02-26,166.9375
2011-02-27,165.40625
2011-02-28,164.4375
2011-03-01,163.03125
2011-03-02,161.90625
2011-03-03,162.1875
2011-03-04,165.59375
2011-03-05,180.5625
2011-03-06,207.6875
2011-03-07,191.59375
2011-03-08,189.125
2011-03-09,232.75
2011-03-10,205.78125
2011-03-11,198.9375
2011-03-12,191.53125
2011-03-13,172.90625
2011-03-14,163.625
2011-03-15,165.84375
2011-03-16,200.03125
2011-03-17,461.5625
2011-03-18,659.03125
2011-03-19,351.09375
2011-03-20,246.1875
2011-03-21,247.90625
2011-03-22,272.59375
2011-03-23,549.28125
2011-03-24,1273.2188
2011-03-25,1511.9062
2011-03-26,1462.25
2011-03-27,1322.5625
2011-03-28,1139.5
2011-03-29,989.15625
2011-03-30,797.4375
2011-03-31,598.53125
2011-04-01,433.8125
2011-04-02,293.09375
2011-04-03,237.0
2011-04-04,216.78125
2011-04-05,204.71875
2011-04-06,196.0
2011-04-07,189.15625
2011-04-08,184.0
2011-04-09,180.375
2011-04-10,178.34375
2011-04-11,175.5625
2011-04-12,171.78125
2011-04-13,168.8125
2011-04-14,166.15625
2011-04-15,163.90625
2011-04-16,163.0625
2011-04-17,177.71875
2011-04-18,265.625
2011-04-19,388.78125
2011-04-20,426.0625
2011-04-21,268.625
2011-04-22,240.9375
2011-04-23,313.0625
2011-04-24,390.15625
2011-04-25,413.6875
2011-04-26,280.0
2011-04-27,309.9375
2011-04-28,516.5
2011-04-29,516.3125
2011-04-30,427.25
2011-05-01,301.40625
2011-05-02,239.75
2011-05-03,264.65625
2011-05-04,228.4375
2011-05-05,190.84375
2011-05-06,176.8125
2011-05-07,266.625
2011-05-08,532.46875
2011-05-09,475.15625
2011-05-10,307.0
2011-05-11,264.40625
2011-05-12,224.3125
2011-05-13,261.65625
2011-05-14,838.71875
2011-05-15,1169.7188
2011-05-16,954.71875
2011-05-17,1064.4375
2011-05-18,918.84375
2011-05-19,676.34375
2011-05-20,636.59375
2011-05-21,527.4375
2011-05-22,326.34375
2011-05-23,335.0
2011-05-24,933.5625
2011-05-25,1176.0938
2011-05-26,763.9375
2011-05-27,698.125
2011-05-28,452.53125
2011-05-29,318.625
2011-05-30,286.75
2011-05-31,265.5625
2011-06-01,378.875
2011-06-02,679.5
2011-06-03,734.5
2011-06-04,765.59375
2011-06-05,569.5
2011-06-06,683.4375
2011-06-07,859.53125
2011-06-08,709.6875
2011-06-09,643.59375
2011-06-10,711.28125
2011-06-11,429.40625
2011-06-12,373.71875
2011-06-13,516.46875
2011-06-14,567.0
2011-06-15,518.53125
2011-06-16,467.4375
2011-06-17,302.0
2011-06-18,248.875
2011-06-19,518.40625
2011-06-20,932.09375
2011-06-21,706.65625
2011-06-22,449.0
2011-06-23,295.67188
2011-06-24,239.01562
2011-06-25,216.1875
2011-06-26,209.01562
2011-06-27,192.95312
2011-06-28,177.73438
2011-06-29,175.21875
2011-06-30,180.625
2011-07-01,194.84375
2011-07-02,203.90625
2011-07-03,194.39062
2011-07-04,181.5
2011-07-05,183.98438
2011-07-06,201.75
2011-07-07,197.51562
2011-07-08,172.98438
2011-07-09,160.0
2011-07-10,160.76562
2011-07-11,205.84375
2011-07-12,317.6875
2011-07-13,266.73438
2011-07-14,220.26562
2011-07-15,277.76562
2011-07-16,361.32812
2011-07-17,242.75
2011-07-18,181.625
2011-07-19,167.78125
2011-07-20,171.03125
2011-07-21,185.32812
2011-07-22,179.4375
2011-07-23,179.39062
2011-07-24,216.40625
2011-07-25,254.28125
2011-07-26,276.89062
2011-07-27,288.17188
2011-07-28,267.57812
2011-07-29,213.29688
2011-07-30,203.35938
2011-07-31,202.51562
2011-08-01,225.29688
2011-08-02,247.59375
2011-08-03,242.01562
2011-08-04,250.51562
2011-08-05,222.95312
2011-08-06,195.01562
2011-08-07,184.89062
2011-08-08,190.73438
2011-08-09,214.3125
2011-08-10,191.70312
2011-08-11,166.09375
2011-08-12,167.73438
2011-08-13,185.125
2011-08-14,217.20312
2011-08-15,236.46875
2011-08-16,252.375
2011-08-17,323.73438
2011-08-18,274.09375
2011-08-19,248.39062
2011-08-20,279.28125
2011-08-21,295.59375
2011-08-22,384.03125
2011-08-23,298.0625
2011-08-24,247.07031
2011-08-25,212.15625
2011-08-26,208.94531
2011-08-27,192.69531
2011-08-28,171.69531
2011-08-29,165.47656
2011-08-30,184.54688
2011-08-31,260.125
2011-09-01,266.4375
2011-09-02,273.53125
2011-09-03,231.69531
2011-09-04,231.67969
2011-09-05,375.01562
2011-09-06,434.625
2011-09-07,496.45312
2011-09-08,609.47656
2011-09-09,664.25
2011-09-10,1024.5391
2011-09-11,1462.0547
2011-09-12,1242.9297
2011-09-13,612.1875
2011-09-14,459.21094
2011-09-15,489.85156
2011-09-16,635.0625
2011-09-17,507.3125
2011-09-18,354.14062
2011-09-19,313.14062
2011-09-20,424.29688
2011-09-21,686.90625
2011-09-22,3283.0156
2011-09-23,10190.305
2011-09-24,11701.852
2011-09-25,7834.4375
2011-09-26,4886.6562
2011-09-27,4836.508
2011-09-28,3032.414
2011-09-29,1096.6562
2011-09-30,636.14844
2011-10-01,544.35156
2011-10-02,1478.3828
2011-10-03,3436.6328
2011-10-04,3390.2656
2011-10-05,2130.3438
2011-10-06,1086.9844
2011-10-07,734.83594
2011-10-08,899.59375
2011-10-09,871.58594
2011-10-10,1043.1875
2011-10-11,1329.0625
2011-10-12,1625.9766
2011-10-13,1684.3594
2011-10-14,1301.5938
2011-10-15,1856.4922
2011-10-16,2234.6484
2011-10-17,2318.3125
2011-10-18,2694.875
2011-10-19,3139.2734
2011-10-20,2567.5312
2011-10-21,1443.7188
2011-10-22,684.83594
2011-10-23,451.6328
2011-10-24,348.25
2011-10-25,322.5703
2011-10-26,493.8125
2011-10-27,912.46094
2011-10-28,1287.2656
2011-10-29,1359.2812
2011-10-30,1021.9844
2011-10-31,932.72656
2011-11-01,976.3672
2011-11-02,941.22656
2011-11-03,838.0703
2011-11-04,604.25
2011-11-05,1033.9141
2011-11-06,2195.7031
2011-11-07,7250.2266
2011-11-08,12581.375
2011-11-09,6258.6016
2011-11-10,1474.2422
2011-11-11,750.7031
2011-11-12,547.60156
2011-11-13,438.96094
2011-11-14,373.03906
2011-11-15,364.66406
2011-11-16,576.2578
2011-11-17,815.35156
2011-11-18,591.1953
2011-11-19,364.84375
2011-11-20,281.6172
2011-11-21,340.97656
2011-11-22,821.9531
2011-11-23,1398.2188
2011-11-24,1568.1094
2011-11-25,1604.8906
2011-11-26,1639.0156
2011-11-27,1406.4688
2011-11-28,885.125
2011-11-29,459.85938
2011-11-30,324.07812
2011-12-01,333.625
2011-12-02,819.6406
2011-12-03,1076.5
2011-12-04,561.75
2011-12-05,372.09375
2011-12-06,359.48438
2011-12-07,454.3125
2011-12-08,674.7656
2011-12-09,1717.3906
2011-12-10,2214.6406
2011-12-11,1801.3125
2011-12-12,1079.4062
2011-12-13,479.1875
2011-12-14,334.8125
2011-12-15,337.25
2011-12-16,926.03125
2011-12-17,1901.0938
2011-12-18,1812.6875
2011-12-19,1325.1875
2011-12-20,888.34375
2011-12-21,558.71875
2011-12-22,575.0156
2011-12-23,1315.3281
2011-12-24,1896.0625
2011-12-25,1524.5
2011-12-26,913.0469
2011-12-27,522.2656
2011-12-28,408.85938
2011-12-29,392.1875
2011-12-30,356.14062
2011-12-31,942.875
2012-01-01,1798.2031
2012-01-02,1591.4219
2012-01-03,1002.2656
2012-01-04,501.875
2012-01-05,392.14062
2012-01-06,389.70312
2012-01-07,324.14062
2012-01-08,479.04688
2012-01-09,701.0781
2012-01-10,476.29688
2012-01-11,340.54688
2012-01-12,675.0781
2012-01-13,1368.625
2012-01-14,1060.1875
2012-01-15,528.71875
2012-01-16,581.59375
2012-01-17,945.5
2012-01-18,692.21875
2012-01-19,383.25
2012-01-20,275.125
2012-01-21,254.75
2012-01-22,352.25
2012-01-23,798.78125
2012-01-24,915.375
2012-01-25,442.03125
2012-01-26,380.34375
2012-01-27,447.0625
2012-01-28,310.59375
2012-01-29,237.25
2012-01-30,234.34375
2012-01-31,410.09375
2012-02-01,657.09375
2012-02-02,499.09375
2012-02-03,316.46875
2012-02-04,261.5
2012-02-05,246.6875
2012-02-06,230.5625
2012-02-07,249.1875
2012-02-08,215.40625
2012-02-09,193.75
2012-02-10,189.75
2012-02-11,185.78125
2012-02-12,183.6875
2012-02-13,182.59375
2012-02-14,182.25
2012-02-15,178.65625
2012-02-16,220.1875
2012-02-17,897.71875
2012-02-18,1732.5
2012-02-19,1426.0625
2012-02-20,955.5625
2012-02-21,624.59375
2012-02-22,374.15625
2012-02-23,289.84375
2012-02-24,262.5625
2012-02-25,236.4375
2012-02-26,218.5625
2012-02-27,218.78125
2012-02-28,250.03125
2012-02-29,222.03125
2012-03-01,194.90625
2012-03-02,186.4375
2012-03-03,182.34375
2012-03-04,179.40625
2012-03-05,176.75
2012-03-06,174.28125
2012-03-07,175.4375
2012-03-08,243.15625
2012-03-09,638.03125
2012-03-10,954.59375
2012-03-11,656.5
2012-03-12,394.875
2012-03-13,298.90625
2012-03-14,249.03125
2012-03-15,226.28125
2012-03-16,211.65625
2012-03-17,203.75
2012-03-18,211.9375
2012-03-19,391.1875
2012-03-20,815.5625
2012-03-21,1005.5625
2012-03-22,779.34375
2012-03-23,433.3125
2012-03-24,313.65625
2012-03-25,302.84375
2012-03-26,249.5
2012-03-27,213.03125
2012-03-28,218.78125
2012-03-29,217.875
2012-03-30,196.21875
2012-03-31,187.46875
2012-04-01,352.34375
2012-04-02,794.5
2012-04-03,701.0
2012-04-04,544.59375
2012-04-05,650.625
2012-04-06,455.90625
2012-04-07,455.5
2012-04-08,534.6875
2012-04-09,553.46875
2012-04-10,363.375
2012-04-11,292.0
2012-04-12,333.15625
2012-04-13,412.78125
2012-04-14,482.1875
2012-04-15,363.5
2012-04-16,259.15625
2012-04-17,272.34375
2012-04-18,320.96875
2012-04-19,272.03125
2012-04-20,287.84375
2012-04-21,321.90625
2012-04-22,412.46875
2012-04-23,560.34375
2012-04-24,396.34375
2012-04-25,292.125
2012-04-26,224.9375
2012-04-27,193.46875
2012-04-28,209.1875
2012-04-29,257.84375
2012-04-30,304.25
2012-05-01,244.0625
2012-05-02,200.96875
2012-05-03,198.46875
2012-05-04,194.28125
2012-05-05,204.0625
2012-05-06,266.6875
2012-05-07,226.1875
2012-05-08,204.875
2012-05-09,211.59375
2012-05-10,236.375
2012-05-11,207.59375
2012-05-12,196.3125
2012-05-13,305.03125
2012-05-14,337.4375
2012-05-15,342.0
2012-05-16,329.40625
2012-05-17,422.34375
2012-05-18,770.6875
2012-05-19,697.75
2012-05-20,381.1875
2012-05-21,257.21875
2012-05-22,221.53125
2012-05-23,222.59375
2012-05-24,239.53125
2012-05-25,272.21875
2012-05-26,409.3125
2012-05-27,585.71875
2012-05-28,626.78125
2012-05-29,681.03125
2012-05-30,659.0
2012-05-31,1046.5625
2012-06-01,1286.125
2012-06-02,1430.7188
2012-06-03,1227.0312
2012-06-04,786.625
2012-06-05,554.0625
2012-06-06,433.25
2012-06-07,380.125
2012-06-08,661.53125
2012-06-09,789.125
2012-06-10,444.65625
2012-06-11,296.46875
2012-06-12,234.375
2012-06-13,205.28125
2012-06-14,193.10938
2012-06-15,186.65625
2012-06-16,225.40625
2012-06-17,1035.4375
2012-06-18,2037.75
2012-06-19,1390.5469
2012-06-20,508.76562
2012-06-21,353.67188
2012-06-22,285.71875
2012-06-23,239.42188
2012-06-24,213.375
2012-06-25,200.67188
2012-06-26,191.48438
2012-06-27,182.9375
2012-06-28,177.65625
2012-06-29,179.48438
2012-06-30,214.29688
2012-07-01,246.29688
2012-07-02,301.76562
2012-07-03,411.60938
2012-07-04,365.125
2012-07-05,408.39062
2012-07-06,656.2344
2012-07-07,614.7344
2012-07-08,381.21875
2012-07-09,333.125
2012-07-10,414.32812
2012-07-11,474.21875
2012-07-12,500.98438
2012-07-13,444.0
2012-07-14,319.10938
2012-07-15,268.76562
2012-07-16,250.96875
2012-07-17,217.60938
2012-07-18,197.03125
2012-07-19,217.23438
2012-07-20,262.5
2012-07-21,270.64062
2012-07-22,344.25
2012-07-23,259.09375
2012-07-24,199.34375
2012-07-25,209.32812
2012-07-26,244.32812
2012-07-27,207.07812
2012-07-28,175.15625
2012-07-29,171.46875
2012-07-30,221.42188
2012-07-31,355.0625
2012-08-01,319.8125
2012-08-02,250.35938
2012-08-03,211.82812
2012-08-04,205.9375
2012-08-05,201.6875
2012-08-06,190.29688
2012-08-07,177.34375
2012-08-08,166.75
2012-08-09,165.82812
2012-08-10,165.84375
2012-08-11,163.01562
2012-08-12,161.40625
2012-08-13,159.5
2012-08-14,157.92188
2012-08-15,160.15625
2012-08-16,183.28125
2012-08-17,208.21875
2012-08-18,219.5625
2012-08-19,216.89062
2012-08-20,196.25
2012-08-21,197.625
2012-08-22,193.125
2012-08-23,989.96875
2012-08-24,2506.289
2012-08-25,1997.1797
2012-08-26,1043.7812
2012-08-27,661.5703
2012-08-28,449.66406
2012-08-29,384.71094
2012-08-30,379.53906
2012-08-31,283.48438
2012-09-01,236.41406
2012-09-02,255.95312
2012-09-03,377.15625
2012-09-04,548.5625
2012-09-05,551.5
2012-09-06,781.3906
2012-09-07,1082.9531
2012-09-08,896.9844
2012-09-09,522.0
2012-09-10,347.1797
2012-09-11,259.67188
2012-09-12,257.96875
2012-09-13,373.72656
2012-09-14,625.89844
2012-09-15,1357.2969
2012-09-16,1533.5469
2012-09-17,855.2578
2012-09-18,472.82812
2012-09-19,385.04688
2012-09-20,293.35156
2012-09-21,247.21875
2012-09-22,227.22656
2012-09-23,251.16406
2012-09-24,291.21094
2012-09-25,231.79688
2012-09-26,234.63281
2012-09-27,543.71875
2012-09-28,903.1875
2012-09-29,665.53125
2012-09-30,429.0703
2012-10-01,297.92188
2012-10-02,259.4297
2012-10-03,278.83594
2012-10-04,385.73438
2012-10-05,462.10156
2012-10-06,665.75
2012-10-07,2517.2422
2012-10-08,2406.7578
2012-10-09,1052.5
2012-10-10,603.40625
2012-10-11,407.48438
2012-10-12,316.01562
2012-10-13,279.90625
2012-10-14,256.84375
2012-10-15,232.22656
2012-10-16,216.5625
2012-10-17,206.42188
2012-10-18,198.88281
2012-10-19,193.6875
2012-10-20,189.36719
2012-10-21,185.875
2012-10-22,183.44531
2012-10-23,182.47656
2012-10-24,186.00781
2012-10-25,197.19531
2012-10-26,192.83594
2012-10-27,227.89062
2012-10-28,564.0625
2012-10-29,777.52344
2012-10-30,390.67188
2012-10-31,360.32812
2012-11-01,548.8281
2012-11-02,583.1953
2012-11-03,445.25
2012-11-04,301.67188
2012-11-05,248.75781
2012-11-06,226.0
2012-11-07,225.14844
2012-11-08,243.48438
2012-11-09,218.59375
2012-11-10,197.30469
2012-11-11,188.67969
2012-11-12,221.57031
2012-11-13,374.73438
2012-11-14,448.96875
2012-11-15,409.375
2012-11-16,527.3125
2012-11-17,734.66406
2012-11-18,1131.625
2012-11-19,1023.9844
2012-11-20,485.84375
2012-11-21,314.97656
2012-11-22,256.3125
2012-11-23,226.64062
2012-11-24,226.5
2012-11-25,211.07812
2012-11-26,191.64844
2012-11-27,185.50781
2012-11-28,189.38281
2012-11-29,180.21094
2012-11-30,169.125
2012-12-01,162.57812
2012-12-02,159.34375
2012-12-03,154.32031
2012-12-04,151.01562
2012-12-05,176.25781
2012-12-06,319.5078
2012-12-07,463.73438
2012-12-08,291.76562
2012-12-09,209.15625
2012-12-10,182.16406
2012-12-11,169.4375
2012-12-12,169.98438
2012-12-13,198.5625
2012-12-14,224.79688
2012-12-15,204.625
2012-12-16,187.46875
2012-12-17,178.51562
2012-12-18,179.10938
2012-12-19,215.59375
2012-12-20,304.875
2012-12-21,244.70312
2012-12-22,197.23438
2012-12-23,405.98438
2012-12-24,1335.1719
2012-12-25,1268.1094
2012-12-26,536.1094
2012-12-27,347.89062
2012-12-28,301.6875
2012-12-29,274.14062
2012-12-30,367.78125
2012-12-31,598.125
2013-01-01,539.03125
2013-01-02,337.85938
2013-01-03,248.3125
2013-01-04,230.0
2013-01-05,277.82812
2013-01-06,399.8125
2013-01-07,529.125
2013-01-08,619.2344
2013-01-09,434.35938
2013-01-10,704.9844
2013-01-11,930.1094
2013-01-12,653.7344
2013-01-13,429.10938
2013-01-14,293.42188
2013-01-15,239.84375
2013-01-16,220.57812
2013-01-17,209.23438
2013-01-18,202.14062
2013-01-19,213.78125
2013-01-20,252.35938
2013-01-21,224.23438
2013-01-22,193.20312
2013-01-23,181.95312
2013-01-24,177.78125
2013-01-25,175.90625
2013-01-26,174.96875
2013-01-27,174.39062
2013-01-28,172.82812
2013-01-29,176.03125
2013-01-30,184.32812
2013-01-31,174.25
2013-02-01,167.78125
2013-02-02,165.78125
2013-02-03,164.90625
2013-02-04,163.78125
2013-02-05,162.34375
2013-02-06,161.0625
2013-02-07,159.78125
2013-02-08,158.8125
2013-02-09,159.25
2013-02-10,165.71875
2013-02-11,182.03125
2013-02-12,179.71875
2013-02-13,169.875
2013-02-14,165.0625
2013-02-15,164.25
2013-02-16,163.03125
2013-02-17,163.90625
2013-02-18,166.59375
2013-02-19,163.46875
2013-02-20,158.9375
2013-02-21,159.1875
2013-02-22,169.34375
2013-02-23,254.125
2013-02-24,521.15625
2013-02-25,703.90625
2013-02-26,471.71875
2013-02-27,274.28125
2013-02-28,209.9375
2013-03-01,191.5625
2013-03-02,182.53125
2013-03-03,232.40625
2013-03-04,716.71875
2013-03-05,992.40625
2013-03-06,569.125
2013-03-07,333.875
2013-03-08,248.5625
2013-03-09,218.03125
2013-03-10,201.5625
2013-03-11,190.8125
2013-03-12,187.8125
2013-03-13,223.875
2013-03-14,324.96875
2013-03-15,457.96875
2013-03-16,385.1875
2013-03-17,253.125
2013-03-18,200.84375
2013-03-19,189.6875
2013-03-20,209.3125
2013-03-21,297.625
2013-03-22,326.6875
2013-03-23,381.15625
2013-03-24,376.1875
2013-03-25,273.40625
2013-03-26,218.0625
2013-03-27,279.6875
2013-03-28,425.5
2013-03-29,295.09375
2013-03-30,229.15625
2013-03-31,207.09375
2013-04-01,243.1875
2013-04-02,357.9375
2013-04-03,254.40625
2013-04-04,185.625
2013-04-05,166.75
2013-04-06,162.375
2013-04-07,162.4375
2013-04-08,164.1875
2013-04-09,187.96875
2013-04-10,363.25
2013-04-11,530.1875
2013-04-12,532.53125
2013-04-13,754.0625
2013-04-14,790.40625
2013-04-15,419.84375
2013-04-16,270.6875
2013-04-17,315.65625
2013-04-18,701.59375
2013-04-19,772.5625
2013-04-20,488.0625
2013-04-21,392.96875
2013-04-22,553.5625
2013-04-23,505.46875
2013-04-24,454.9375
2013-04-25,529.53125
2013-04-26,604.0625
2013-04-27,965.6875
2013-04-28,852.0625
2013-04-29,478.3125
2013-04-30,567.125
2013-05-01,600.46875
2013-05-02,494.875
2013-05-03,435.625
2013-05-04,365.9375
2013-05-05,649.6875
2013-05-06,1034.6875
2013-05-07,770.75
2013-05-08,871.34375
2013-05-09,979.0625
2013-05-10,784.46875
2013-05-11,1019.21875
2013-05-12,1315.8125
2013-05-13,1029.7188
2013-05-14,532.6875
2013-05-15,322.21875
2013-05-16,250.3125
2013-05-17,235.5625
2013-05-18,224.15625
2013-05-19,256.46875
2013-05-20,286.46875
2013-05-21,247.28125
2013-05-22,221.5
2013-05-23,246.0
2013-05-24,229.96875
2013-05-25,233.84375
2013-05-26,262.21875
2013-05-27,275.4375
2013-05-28,220.125
2013-05-29,192.28125
2013-05-30,221.46875
2013-05-31,246.59375
2013-06-01,274.0625
2013-06-02,334.78125
2013-06-03,364.3125
2013-06-04,781.71875
2013-06-05,1187.8438
2013-06-06,1041.3438
2013-06-07,817.90625
2013-06-08,560.21875
2013-06-09,322.0625
2013-06-10,292.65625
2013-06-11,619.96875
2013-06-12,960.09375
2013-06-13,1192.7812
2013-06-14,1408.5312
2013-06-15,927.9375
2013-06-16,513.59375
2013-06-17,396.9375
2013-06-18,304.0
2013-06-19,293.96875
2013-06-20,258.07812
2013-06-21,258.3125
2013-06-22,553.1875
2013-06-23,785.7031
2013-06-24,454.82812
2013-06-25,292.5625
2013-06-26,220.17188
2013-06-27,192.76562
2013-06-28,182.125
2013-06-29,173.9375
2013-06-30,177.375
2013-07-01,182.78125
2013-07-02,206.54688
2013-07-03,218.84375
2013-07-04,224.40625
2013-07-05,323.90625
2013-07-06,361.59375
2013-07-07,483.8125
2013-07-08,621.7031
2013-07-09,579.8594
2013-07-10,517.25
2013-07-11,390.21875
2013-07-12,391.29688
2013-07-13,399.8125
2013-07-14,336.71875
2013-07-15,309.04688
2013-07-16,397.125
2013-07-17,710.6719
2013-07-18,745.6094
2013-07-19,450.04688
2013-07-20,767.09375
2013-07-21,1697.6562
2013-07-22,1669.5312
2013-07-23,1200.0312
2013-07-24,1461.4375
2013-07-25,1622.6406
2013-07-26,1023.875
2013-07-27,451.6875
2013-07-28,325.85938
2013-07-29,292.29688
2013-07-30,262.5625
2013-07-31,359.14062
2013-08-01,595.8281
2013-08-02,575.6719
2013-08-03,372.375
2013-08-04,344.625
2013-08-05,349.53125
2013-08-06,505.82812
2013-08-07,514.65625
2013-08-08,495.60938
2013-08-09,347.21875
2013-08-10,419.95312
2013-08-11,518.75
2013-08-12,417.90625
2013-08-13,402.78125
2013-08-14,383.76562
2013-08-15,259.07812
2013-08-16,199.42188
2013-08-17,182.17188
2013-08-18,175.89062
2013-08-19,171.70312
2013-08-20,169.79688
2013-08-21,168.75
2013-08-22,171.96875
2013-08-23,184.1875
2013-08-24,189.89062
2013-08-25,177.82812
2013-08-26,176.79688
2013-08-27,240.67188
2013-08-28,323.79688
2013-08-29,299.76562
2013-08-30,253.96875
2013-08-31,201.28125
2013-09-01,185.21875
2013-09-02,229.01562
2013-09-03,325.875
2013-09-04,259.6875
2013-09-05,239.03125
2013-09-06,343.0625
2013-09-07,472.39062
2013-09-08,467.67188
2013-09-09,340.76562
2013-09-10,559.0469
2013-09-11,1250.625
2013-09-12,1410.0625
2013-09-13,1241.9062
2013-09-14,1155.0625
2013-09-15,1059.7969
2013-09-16,1211.5625
2013-09-17,2276.2812
2013-09-18,5695.328
2013-09-19,6411.2188
2013-09-20,3117.2734
2013-09-21,1897.7188
2013-09-22,3761.2656
2013-09-23,3481.2734
2013-09-24,1852.2891
2013-09-25,1413.8594
2013-09-26,3438.6016
2013-09-27,3838.2812
2013-09-28,2121.086
2013-09-29,905.6406
2013-09-30,1420.3672
2013-10-01,2750.6406
2013-10-02,2550.586
2013-10-03,2624.3516
2013-10-04,2589.3438
2013-10-05,1756.7734
2013-10-06,1030.4844
2013-10-07,533.0781
2013-10-08,384.92188
2013-10-09,327.58594
2013-10-10,291.28906
2013-10-11,267.59375
2013-10-12,254.28906
2013-10-13,255.0625
2013-10-14,1238.8828
2013-10-15,5350.1797
2013-10-16,5513.4844
2013-10-17,2849.3047
2013-10-18,1456.1719
2013-10-19,1203.6562
2013-10-20,1425.8047
2013-10-21,1582.3906
2013-10-22,1046.4766
2013-10-23,609.9844
2013-10-24,456.46094
2013-10-25,373.07812
2013-10-26,335.40625
2013-10-27,320.875
2013-10-28,289.8125
2013-10-29,254.04688
2013-10-30,241.78906
2013-10-31,239.44531
2013-11-01,222.46094
2013-11-02,209.89844
2013-11-03,201.95312
2013-11-04,212.46875
2013-11-05,411.625
2013-11-06,1407.5625
2013-11-07,2935.0703
2013-11-08,2820.875
2013-11-09,1785.8672
2013-11-10,1963.9062
2013-11-11,2317.5938
2013-11-12,1380.4609
2013-11-13,670.71875
2013-11-14,787.21094
2013-11-15,2460.4219
2013-11-16,6089.9688
2013-11-17,5978.2344
2013-11-18,3168.375
2013-11-19,1480.7031
2013-11-20,1165.9844
2013-11-21,1073.1562
2013-11-22,630.15625
2013-11-23,546.2031
2013-11-24,544.5781
2013-11-25,375.5625
2013-11-26,379.03125
2013-11-27,471.92188
2013-11-28,420.73438
2013-11-29,1246.3594
2013-11-30,1736.8438
2013-12-01,1146.1406
2013-12-02,712.5
2013-12-03,494.09375
2013-12-04,339.75
2013-12-05,361.29688
2013-12-06,455.82812
2013-12-07,299.54688
2013-12-08,226.54688
2013-12-09,202.73438
2013-12-10,188.54688
2013-12-11,180.71875
2013-12-12,177.75
2013-12-13,175.28125
2013-12-14,240.92188
2013-12-15,919.3906
2013-12-16,1166.5312
2013-12-17,493.4375
2013-12-18,390.35938
2013-12-19,360.03125
2013-12-20,289.28125
2013-12-21,237.53125
2013-12-22,226.29688
2013-12-23,310.03125
2013-12-24,507.75
2013-12-25,525.0156
2013-12-26,507.1875
2013-12-27,347.42188
2013-12-28,304.3125
2013-12-29,368.09375
2013-12-30,335.4375
2013-12-31,277.48438
2014-01-01,251.26562
2014-01-02,227.34375
2014-01-03,200.79688
2014-01-04,187.03125
2014-01-05,189.25
2014-01-06,211.73438
2014-01-07,195.15625
2014-01-08,178.40625
2014-01-09,175.95312
2014-01-10,198.65625
2014-01-11,282.17188
2014-01-12,279.5
2014-01-13,411.03125
2014-01-14,968.2031
2014-01-15,1046.1094
2014-01-16,536.1875
2014-01-17,342.89062
2014-01-18,465.5625
2014-01-19,718.125
2014-01-20,548.34375
2014-01-21,452.3125
2014-01-22,525.125
2014-01-23,362.34375
2014-01-24,256.25
2014-01-25,214.125
2014-01-26,200.71875
2014-01-27,193.71875
2014-01-28,189.0
2014-01-29,185.09375
2014-01-30,182.40625
2014-01-31,179.59375
2014-02-01,176.625
2014-02-02,173.96875
2014-02-03,171.75
2014-02-04,169.9375
2014-02-05,168.5625
2014-02-06,167.125
2014-02-07,165.75
2014-02-08,164.46875
2014-02-09,163.28125
2014-02-10,167.375
2014-02-11,194.53125
2014-02-12,273.875
2014-02-13,251.53125
2014-02-14,204.375
2014-02-15,189.375
2014-02-16,178.5625
2014-02-17,169.15625
2014-02-18,165.40625
2014-02-19,165.15625
2014-02-20,170.375
2014-02-21,170.78125
2014-02-22,165.90625
2014-02-23,163.21875
2014-02-24,162.125
2014-02-25,161.0
2014-02-26,159.78125
2014-02-27,158.9375
2014-02-28,158.125
2014-03-01,157.15625
2014-03-02,156.3125
2014-03-03,155.65625
2014-03-04,155.21875
2014-03-05,155.90625
2014-03-06,155.59375
2014-03-07,155.1875
2014-03-08,155.75
2014-03-09,159.125
2014-03-10,161.53125
2014-03-11,166.75
2014-03-12,161.125
2014-03-13,154.75
2014-03-14,153.96875
2014-03-15,160.8125
2014-03-16,173.46875
2014-03-17,173.59375
2014-03-18,169.46875
2014-03-19,168.09375
2014-03-20,167.84375
2014-03-21,172.4375
2014-03-22,202.1875
2014-03-23,245.09375
2014-03-24,261.3125
2014-03-25,221.5
2014-03-26,182.125
2014-03-27,164.78125
2014-03-28,159.59375
2014-03-29,157.46875
2014-03-30,156.78125
2014-03-31,164.75
2014-04-01,166.3125
2014-04-02,157.71875
2014-04-03,163.875
2014-04-04,224.84375
2014-04-05,340.1875
2014-04-06,470.25
2014-04-07,360.4375
2014-04-08,396.46875
2014-04-09,517.09375
2014-04-10,468.125
2014-04-11,353.0625
2014-04-12,347.15625
2014-04-13,290.84375
2014-04-14,216.78125
2014-04-15,177.71875
2014-04-16,166.0
2014-04-17,161.5
2014-04-18,158.875
2014-04-19,157.28125
2014-04-20,155.4375
2014-04-21,153.625
2014-04-22,152.625
2014-04-23,151.65625
2014-04-24,151.0625
2014-04-25,153.78125
2014-04-26,152.46875
2014-04-27,149.3125
2014-04-28,153.875
2014-04-29,228.1875
2014-04-30,522.0625
2014-05-01,1044.25
2014-05-02,1383.4062
2014-05-03,1062.7188
2014-05-04,683.3125
2014-05-05,617.59375
2014-05-06,590.78125
2014-05-07,677.71875
2014-05-08,474.875
2014-05-09,436.125
2014-05-10,447.46875
2014-05-11,279.96875
2014-05-12,204.84375
2014-05-13,198.03125
2014-05-14,234.5
2014-05-15,209.875
2014-05-16,180.34375
2014-05-17,170.78125
2014-05-18,182.03125
2014-05-19,191.0
2014-05-20,178.5
2014-05-21,168.8125
2014-05-22,174.71875
2014-05-23,167.15625
2014-05-24,158.03125
2014-05-25,163.9375
2014-05-26,193.46875
2014-05-27,236.375
2014-05-28,247.21875
2014-05-29,295.21875
2014-05-30,229.09375
2014-05-31,195.0
2014-06-01,234.65625
2014-06-02,240.875
2014-06-03,263.90625
2014-06-04,253.75
2014-06-05,258.25
2014-06-06,208.59375
2014-06-07,167.59375
2014-06-08,166.75
2014-06-09,189.25
2014-06-10,198.6875
2014-06-11,179.5625
2014-06-12,181.125
2014-06-13,289.0625
2014-06-14,453.875
2014-06-15,309.09375
2014-06-16,208.25
2014-06-17,177.53125
2014-06-18,177.34375
2014-06-19,200.71875
2014-06-20,188.875
2014-06-21,166.65625
2014-06-22,161.03125
2014-06-23,173.96875
2014-06-24,231.65625
2014-06-25,258.75
2014-06-26,208.34375
2014-06-27,172.59375
2014-06-28,162.90625
2014-06-29,189.125
2014-06-30,504.90625
2014-07-01,757.65625
2014-07-02,411.0
2014-07-03,292.875
2014-07-04,259.8125
2014-07-05,370.96875
2014-07-06,500.46875
2014-07-07,362.45312
2014-07-08,250.70312
2014-07-09,235.15625
2014-07-10,285.375
2014-07-11,291.20312
2014-07-12,235.82812
2014-07-13,294.6875
2014-07-14,502.5625
2014-07-15,491.07812
2014-07-16,516.7031
2014-07-17,396.76562
2014-07-18,299.39062
2014-07-19,257.17188
2014-07-20,257.34375
2014-07-21,266.8125
2014-07-22,306.15625
2014-07-23,763.6406
2014-07-24,1252.9688
2014-07-25,915.1094
2014-07-26,441.07812
2014-07-27,389.21875
2014-07-28,516.5156
2014-07-29,824.40625
2014-07-30,1193.6094
2014-07-31,1110.0156
2014-08-01,1143.6562
2014-08-02,2028.4844
2014-08-03,1720.9375
2014-08-04,666.1094
2014-08-05,472.03125
2014-08-06,589.9375
2014-08-07,618.375
2014-08-08,361.92188
2014-08-09,250.67188
2014-08-10,214.03125
2014-08-11,196.4375
2014-08-12,185.73438
2014-08-13,178.78125
2014-08-14,173.875
2014-08-15,171.60938
2014-08-16,181.4375
2014-08-17,214.8125
2014-08-18,214.09375
2014-08-19,184.70312
2014-08-20,170.67188
2014-08-21,279.32812
2014-08-22,617.5781
2014-08-23,591.78125
2014-08-24,485.76562
2014-08-25,539.3594
2014-08-26,476.59375
2014-08-27,546.5469
2014-08-28,771.0625
2014-08-29,741.1719
2014-08-30,602.5469
2014-08-31,822.875
2014-09-01,1756.5469
2014-09-02,2113.5938
2014-09-03,1335.25
2014-09-04,878.0469
2014-09-05,746.2656
2014-09-06,569.71875
2014-09-07,344.09375
2014-09-08,253.51562
2014-09-09,248.42188
2014-09-10,339.07812
2014-09-11,370.09375
2014-09-12,434.9297
2014-09-13,316.92188
2014-09-14,271.21875
2014-09-15,390.60156
2014-09-16,508.76562
2014-09-17,338.75
2014-09-18,231.44531
2014-09-19,195.16406
2014-09-20,178.4375
2014-09-21,172.78906
2014-09-22,177.92188
2014-09-23,493.60938
2014-09-24,1927.9375
2014-09-25,2134.4531
2014-09-26,1256.8828
2014-09-27,733.0156
2014-09-28,521.47656
2014-09-29,340.70312
2014-09-30,267.53906
2014-10-01,237.78125
2014-10-02,218.61719
2014-10-03,203.30469
2014-10-04,192.78906
2014-10-05,192.125
2014-10-06,227.55469
2014-10-07,372.85156
2014-10-08,607.39844
2014-10-09,721.78125
2014-10-10,364.66406
2014-10-11,248.80469
2014-10-12,248.65625
2014-10-13,407.89062
2014-10-14,603.85156
2014-10-15,481.21094
2014-10-16,327.85156
2014-10-17,250.46875
2014-10-18,268.3125
2014-10-19,533.52344
2014-10-20,680.9219
2014-10-21,386.34375
2014-10-22,278.77344
2014-10-23,313.97656
2014-10-24,462.0
2014-10-25,855.5156
2014-10-26,2086.8438
2014-10-27,2485.2656
2014-10-28,1396.8906
2014-10-29,719.9453
2014-10-30,478.0703
2014-10-31,345.1328
2014-11-01,325.1953
2014-11-02,343.09375
2014-11-03,273.21094
2014-11-04,260.59375
2014-11-05,314.85156
2014-11-06,248.97656
2014-11-07,207.58594
2014-11-08,194.53906
2014-11-09,187.70312
2014-11-10,183.57812
2014-11-11,180.67969
2014-11-12,184.15625
2014-11-13,304.96875
2014-11-14,1076.0625
2014-11-15,1524.9688
2014-11-16,1125.2188
2014-11-17,833.53125
2014-11-18,683.28125
2014-11-19,651.2656
2014-11-20,657.4375
2014-11-21,621.1406
2014-11-22,445.84375
2014-11-23,297.5625
2014-11-24,232.15625
2014-11-25,208.76562
2014-11-26,205.09375
2014-11-27,224.23438
2014-11-28,199.0
2014-11-29,179.78125
2014-11-30,213.6875
2014-12-01,541.7969
2014-12-02,1365.5625
2014-12-03,1653.5156
2014-12-04,1045.8906
2014-12-05,585.0156
2014-12-06,625.2969
2014-12-07,718.4375
2014-12-08,1015.0781
2014-12-09,1422.6406
2014-12-10,1194.5938
2014-12-11,704.8594
2014-12-12,634.8125
2014-12-13,1142.6719
2014-12-14,1260.3594
2014-12-15,819.7656
2014-12-16,777.46875
2014-12-17,1409.5781
2014-12-18,1439.8594
2014-12-19,697.3281
2014-12-20,434.98438
2014-12-21,430.28125
2014-12-22,973.96875
2014-12-23,1333.6562
2014-12-24,724.875
2014-12-25,459.39062
2014-12-26,626.7344
2014-12-27,925.3125
2014-12-28,1060.2031
2014-12-29,1651.9531
2014-12-30,1339.4531
2014-12-31,569.1875
2015-01-01,365.42188
2015-01-02,344.73438
2015-01-03,459.28125
2015-01-04,626.5469
2015-01-05,426.39062
2015-01-06,286.375
2015-01-07,256.375
2015-01-08,564.1875
2015-01-09,1392.1875
2015-01-10,1711.7656
2015-01-11,1576.9375
2015-01-12,1079.0
2015-01-13,541.84375
2015-01-14,364.32812
2015-01-15,291.875
2015-01-16,259.15625
2015-01-17,249.76562
2015-01-18,402.10938
2015-01-19,823.2031
2015-01-20,730.7031
2015-01-21,392.79688
2015-01-22,265.5625
2015-01-23,226.78125
2015-01-24,211.04688
2015-01-25,200.84375
2015-01-26,193.23438
2015-01-27,187.40625
2015-01-28,182.53125
2015-01-29,178.4375
2015-01-30,175.21875
2015-01-31,173.65625
2015-02-01,183.59375
2015-02-02,282.09375
2015-02-03,472.65625
2015-02-04,409.875
2015-02-05,263.0
2015-02-06,228.25
2015-02-07,295.375
2015-02-08,307.96875
2015-02-09,266.25
2015-02-10,309.90625
2015-02-11,258.34375
2015-02-12,202.28125
2015-02-13,178.6875
2015-02-14,171.5
2015-02-15,168.25
2015-02-16,165.9375
2015-02-17,164.125
2015-02-18,162.9375
2015-02-19,162.40625
2015-02-20,162.21875
2015-02-21,182.03125
2015-02-22,387.5
2015-02-23,689.15625
2015-02-24,639.90625
2015-02-25,334.21875
2015-02-26,223.875
2015-02-27,196.3125
2015-02-28,195.71875
2015-03-01,185.625
2015-03-02,172.28125
2015-03-03,166.40625
2015-03-04,163.375
2015-03-05,161.09375
2015-03-06,159.0625
2015-03-07,157.5
2015-03-08,156.25
2015-03-09,155.21875
2015-03-10,154.21875
2015-03-11,153.46875
2015-03-12,152.90625
2015-03-13,152.34375
2015-03-14,151.8125
2015-03-15,160.125
2015-03-16,195.3125
2015-03-17,200.375
2015-03-18,189.53125
2015-03-19,179.84375
2015-03-20,168.5
2015-03-21,164.9375
2015-03-22,164.71875
2015-03-23,164.6875
2015-03-24,169.0625
2015-03-25,221.09375
2015-03-26,459.875
2015-03-27,598.875
2015-03-28,465.03125
2015-03-29,337.0
2015-03-30,241.0
2015-03-31,272.625
2015-04-01,410.15625
2015-04-02,278.75
2015-04-03,200.1875
2015-04-04,191.5
2015-04-05,204.375
2015-04-06,274.84375
2015-04-07,265.28125
2015-04-08,203.75
2015-04-09,170.8125
2015-04-10,162.0625
2015-04-11,161.21875
2015-04-12,244.84375
2015-04-13,827.40625
2015-04-14,965.21875
2015-04-15,421.53125
2015-04-16,271.8125
2015-04-17,228.15625
2015-04-18,205.875
2015-04-19,191.1875
2015-04-20,180.6875
2015-04-21,174.28125
2015-04-22,179.875
2015-04-23,221.9375
2015-04-24,237.75
2015-04-25,209.75
2015-04-26,184.65625
2015-04-27,185.4375
2015-04-28,175.0
2015-04-29,165.15625
2015-04-30,190.90625
2015-05-01,254.03125
2015-05-02,298.0
2015-05-03,296.5
2015-05-04,235.09375
2015-05-05,223.9375
2015-05-06,225.4375
2015-05-07,215.5
2015-05-08,192.34375
2015-05-09,193.84375
2015-05-10,196.96875
2015-05-11,286.34375
2015-05-12,409.96875
2015-05-13,506.15625
2015-05-14,549.71875
2015-05-15,380.75
2015-05-16,282.625
2015-05-17,258.0
2015-05-18,267.5625
2015-05-19,250.28125
2015-05-20,318.9375
2015-05-21,250.03125
2015-05-22,186.4375
2015-05-23,166.25
2015-05-24,160.84375
2015-05-25,156.21875
2015-05-26,160.65625
2015-05-27,206.125
2015-05-28,210.125
2015-05-29,177.6875
2015-05-30,156.0625
2015-05-31,149.71875
2015-06-01,148.21875
2015-06-02,147.59375
2015-06-03,149.40625
2015-06-04,167.875
2015-06-05,173.65625
2015-06-06,175.25
2015-06-07,192.46875
2015-06-08,270.96875
2015-06-09,274.28125
2015-06-10,199.0
2015-06-11,159.6875
2015-06-12,161.0625
2015-06-13,233.09375
2015-06-14,284.65625
2015-06-15,312.15625
2015-06-16,382.125
2015-06-17,568.65625
2015-06-18,602.25
2015-06-19,481.375
2015-06-20,377.75
2015-06-21,424.125
2015-06-22,685.28125
2015-06-23,1069.4062
2015-06-24,927.28125
2015-06-25,541.15625
2015-06-26,319.9375
2015-06-27,232.90625
2015-06-28,195.0625
2015-06-29,179.5
2015-06-30,170.96875
2015-07-01,164.6875
2015-07-02,159.75
2015-07-03,156.15625
2015-07-04,153.5625
2015-07-05,152.84375
2015-07-06,161.5625
2015-07-07,349.90625
2015-07-08,1042.8438
2015-07-09,1205.1562
2015-07-10,811.8906
2015-07-11,468.875
2015-07-12,319.73438
2015-07-13,289.59375
2015-07-14,423.46875
2015-07-15,780.5781
2015-07-16,777.46875
2015-07-17,400.73438
2015-07-18,271.25
2015-07-19,295.15625
2015-07-20,346.15625
2015-07-21,347.5625
2015-07-22,252.26562
2015-07-23,188.40625
2015-07-24,172.125
2015-07-25,168.96875
2015-07-26,164.67188
2015-07-27,173.75
2015-07-28,247.71875
2015-07-29,248.4375
2015-07-30,264.89062
2015-07-31,242.10938
2015-08-01,211.59375
2015-08-02,236.26562
2015-08-03,423.15625
2015-08-04,690.3594
2015-08-05,851.7031
2015-08-06,695.5
2015-08-07,608.75
2015-08-08,585.0625
2015-08-09,407.1875
2015-08-10,340.53125
2015-08-11,323.46875
2015-08-12,388.59375
2015-08-13,483.39062
2015-08-14,350.84375
2015-08-15,234.78125
2015-08-16,185.70312
2015-08-17,181.78125
2015-08-18,176.45312
2015-08-19,167.3125
2015-08-20,166.67188
2015-08-21,195.73438
2015-08-22,292.95312
2015-08-23,228.09375
2015-08-24,179.04688
2015-08-25,178.0625
2015-08-26,235.79688
2015-08-27,340.32812
2015-08-28,427.01562
2015-08-29,292.20312
2015-08-30,207.4375
2015-08-31,184.51562
2015-09-01,196.40625
2015-09-02,186.57812
2015-09-03,205.95312
2015-09-04,269.32812
2015-09-05,231.9375
2015-09-06,222.01562
2015-09-07,214.14844
2015-09-08,184.85156
2015-09-09,168.60938
2015-09-10,174.07031
2015-09-11,238.46875
2015-09-12,452.0
2015-09-13,697.6875
2015-09-14,3513.3906
2015-09-15,5921.711
2015-09-16,3241.4688
2015-09-17,987.4297
2015-09-18,767.3047
2015-09-19,577.53906
2015-09-20,468.46094
2015-09-21,330.28125
2015-09-22,259.6953
2015-09-23,239.84375
2015-09-24,275.29688
2015-09-25,274.47656
2015-09-26,224.07031
2015-09-27,199.10156
2015-09-28,225.25781
2015-09-29,200.96094
2015-09-30,183.14844
2015-10-01,236.39062
2015-10-02,353.9375
2015-10-03,574.33594
2015-10-04,1794.5469
2015-10-05,3924.8281
2015-10-06,2929.2734
2015-10-07,1195.4297
2015-10-08,837.0781
2015-10-09,750.60156
2015-10-10,908.875
2015-10-11,3817.2422
2015-10-12,7043.492
2015-10-13,5978.9297
2015-10-14,3000.25
2015-10-15,1906.9453
2015-10-16,2086.5781
2015-10-17,1446.4453
2015-10-18,639.41406
2015-10-19,439.41406
2015-10-20,364.85156
2015-10-21,318.16406
2015-10-22,285.1875
2015-10-23,261.1797
2015-10-24,243.03906
2015-10-25,230.10156
2015-10-26,219.86719
2015-10-27,219.52344
2015-10-28,261.34375
2015-10-29,238.21875
2015-10-30,199.95312
2015-10-31,189.75781
2015-11-01,242.02344
2015-11-02,697.2969
2015-11-03,1261.0469
2015-11-04,1147.1875
2015-11-05,1412.9453
2015-11-06,3167.8047
2015-11-07,2510.9531
2015-11-08,842.3281
2015-11-09,501.25
2015-11-10,374.47656
2015-11-11,310.54688
2015-11-12,271.26562
2015-11-13,246.07812
2015-11-14,240.38281
2015-11-15,267.76562
2015-11-16,230.05469
2015-11-17,201.33594
2015-11-18,191.05469
2015-11-19,184.78906
2015-11-20,181.05469
2015-11-21,179.52344
2015-11-22,179.75
2015-11-23,178.80469
2015-11-24,177.92188
2015-11-25,196.89844
2015-11-26,320.2578
2015-11-27,744.53125
2015-11-28,1052.9062
2015-11-29,825.84375
2015-11-30,501.3047
2015-12-01,357.21875
2015-12-02,268.6797
2015-12-03,219.34375
2015-12-04,187.79688
2015-12-05,171.21094
2015-12-06,202.59375
2015-12-07,494.5703
2015-12-08,836.2656
2015-12-09,710.28906
2015-12-10,550.09375
2015-12-11,313.3125
2015-12-12,225.54688
2015-12-13,197.11719
2015-12-14,195.29688
2015-12-15,203.71875
2015-12-16,431.1953
2015-12-17,1504.5859
2015-12-18,1501.9297
2015-12-19,767.3672
2015-12-20,887.4375
2015-12-21,1306.9688
2015-12-22,1039.0859
2015-12-23,561.2422
2015-12-24,348.59375
2015-12-25,275.5078
2015-12-26,245.77344
2015-12-27,228.79688
2015-12-28,227.44531
2015-12-29,265.96875
2015-12-30,306.01562
2015-12-31,409.0625
2016-01-01,750.35156
2016-01-02,843.9844
2016-01-03,537.15625
2016-01-04,356.8125
2016-01-05,258.2422
2016-01-06,218.08594
2016-01-07,208.44531
2016-01-08,204.70312
2016-01-09,207.09375
2016-01-10,205.71875
2016-01-11,201.54688
2016-01-12,249.98438
2016-01-13,418.21875
2016-01-14,404.54688
2016-01-15,276.82812
2016-01-16,206.5
2016-01-17,230.84375
2016-01-18,549.9375
2016-01-19,717.9375
2016-01-20,466.84375
2016-01-21,288.32812
2016-01-22,219.40625
2016-01-23,307.73438
2016-01-24,950.0625
2016-01-25,1384.625
2016-01-26,1014.8125
2016-01-27,616.7031
2016-01-28,388.82812
2016-01-29,282.4375
2016-01-30,239.96875
2016-01-31,225.03125
2016-02-01,213.125
2016-02-02,208.0625
2016-02-03,235.51562
2016-02-04,227.90625
2016-02-05,290.07812
2016-02-06,694.8594
2016-02-07,830.2031
2016-02-08,566.25
2016-02-09,326.60938
2016-02-10,237.1875
2016-02-11,212.17188
2016-02-12,197.82812
2016-02-13,187.92188
2016-02-14,180.89062
2016-02-15,177.09375
2016-02-16,180.04688
2016-02-17,214.25
2016-02-18,224.9375
2016-02-19,203.28125
2016-02-20,184.09375
2016-02-21,182.96875
2016-02-22,209.85938
2016-02-23,191.82812
2016-02-24,206.3125
2016-02-25,870.4375
2016-02-26,1593.2188
2016-02-27,1114.9219
2016-02-28,560.3906
2016-02-29,356.84375
2016-03-01,304.48438
2016-03-02,252.3125
2016-03-03,221.34375
2016-03-04,214.51562
2016-03-05,200.92188
2016-03-06,186.35938
2016-03-07,178.45312
2016-03-08,173.07812
2016-03-09,168.78125
2016-03-10,166.14062
2016-03-11,168.92188
2016-03-12,184.42188
2016-03-13,187.29688
2016-03-14,177.15625
2016-03-15,173.96875
2016-03-16,172.25
2016-03-17,170.59375
2016-03-18,169.25
2016-03-19,168.28125
2016-03-20,167.625
2016-03-21,166.90625
2016-03-22,166.125
2016-03-23,165.5
2016-03-24,161.3125
2016-03-25,167.5625
2016-03-26,229.71875
2016-03-27,257.875
2016-03-28,212.21875
2016-03-29,188.3125
2016-03-30,172.59375
2016-03-31,157.625
2016-04-01,152.40625
2016-04-02,150.28125
2016-04-03,149.1875
2016-04-04,150.53125
2016-04-05,157.9375
2016-04-06,165.15625
2016-04-07,187.40625
2016-04-08,175.0625
2016-04-09,152.96875
2016-04-10,148.75
2016-04-11,152.25
2016-04-12,148.375
2016-04-13,143.5
2016-04-14,141.90625
2016-04-15,141.28125
2016-04-16,140.71875
2016-04-17,140.375
2016-04-18,140.8125
2016-04-19,144.0
2016-04-20,153.6875
2016-04-21,155.125
2016-04-22,149.78125
2016-04-23,144.09375
2016-04-24,139.71875
2016-04-25,138.75
2016-04-26,138.65625
2016-04-27,140.09375
2016-04-28,148.0625
2016-04-29,164.9375
2016-04-30,161.75
2016-05-01,160.40625
2016-05-02,210.90625
2016-05-03,215.375
2016-05-04,232.78125
2016-05-05,258.5625
2016-05-06,291.8125
2016-05-07,273.5625
2016-05-08,233.25
2016-05-09,183.53125
2016-05-10,175.375
2016-05-11,165.59375
2016-05-12,169.03125
2016-05-13,192.59375
2016-05-14,214.4375
2016-05-15,258.5625
2016-05-16,211.75
2016-05-17,186.125
2016-05-18,177.3125
2016-05-19,198.40625
2016-05-20,252.78125
2016-05-21,293.71875
2016-05-22,260.15625
2016-05-23,448.65625
2016-05-24,885.65625
2016-05-25,998.53125
2016-05-26,876.125
2016-05-27,669.3125
2016-05-28,411.6875
2016-05-29,339.375
2016-05-30,340.65625
2016-05-31,344.09375
2016-06-01,255.1875
2016-06-02,206.21875
2016-06-03,183.84375
2016-06-04,176.125
2016-06-05,269.8125
2016-06-06,505.09375
2016-06-07,485.0625
2016-06-08,316.28125
2016-06-09,262.84375
2016-06-10,216.25
2016-06-11,178.375
2016-06-12,162.28125
2016-06-13,165.625
2016-06-14,164.59375
2016-06-15,152.875
2016-06-16,156.75
2016-06-17,291.35938
2016-06-18,520.21875
2016-06-19,432.5
2016-06-20,347.17188
2016-06-21,244.3125
2016-06-22,281.73438
2016-06-23,577.5156
2016-06-24,788.3125
2016-06-25,650.0156
2016-06-26,561.3281
2016-06-27,961.6719
2016-06-28,1212.6406
2016-06-29,885.65625
2016-06-30,622.3281
2016-07-01,434.14062
2016-07-02,309.8125
2016-07-03,250.07812
2016-07-04,225.54688
2016-07-05,245.6875
2016-07-06,620.1406
2016-07-07,809.875
2016-07-08,546.4844
2016-07-09,552.1094
2016-07-10,345.26562
2016-07-11,240.5
2016-07-12,198.10938
2016-07-13,188.34375
2016-07-14,216.46875
2016-07-15,213.125
2016-07-16,182.98438
2016-07-17,165.79688
2016-07-18,165.14062
2016-07-19,178.98438
2016-07-20,199.84375
2016-07-21,209.46875
2016-07-22,243.20312
2016-07-23,351.26562
2016-07-24,309.10938
2016-07-25,352.82812
2016-07-26,316.01562
2016-07-27,263.90625
2016-07-28,209.54688
2016-07-29,249.64062
2016-07-30,399.64062
2016-07-31,440.28125
2016-08-01,323.25
2016-08-02,218.90625
2016-08-03,184.15625
2016-08-04,309.1875
2016-08-05,537.09375
2016-08-06,429.26562
2016-08-07,331.09375
2016-08-08,282.67188
2016-08-09,210.875
2016-08-10,170.51562
2016-08-11,161.98438
2016-08-12,163.04688
2016-08-13,163.4375
2016-08-14,162.03125
2016-08-15,159.07812
2016-08-16,165.54688
2016-08-17,176.76562
2016-08-18,175.1875
2016-08-19,179.59375
2016-08-20,193.03125
2016-08-21,179.23438
2016-08-22,187.90625
2016-08-23,284.22656
2016-08-24,517.02344
2016-08-25,695.64844
2016-08-26,880.60156
2016-08-27,935.0625
2016-08-28,773.35156
2016-08-29,617.1875
2016-08-30,635.7969
2016-08-31,694.4297
2016-09-01,470.53906
2016-09-02,288.9297
2016-09-03,219.74219
2016-09-04,218.40625
2016-09-05,212.58594
2016-09-06,261.54688
2016-09-07,439.71094
2016-09-08,606.21094
2016-09-09,682.96094
2016-09-10,593.7031
2016-09-11,377.26562
2016-09-12,1712.5234
2016-09-13,4316.117
2016-09-14,2895.2578
2016-09-15,980.4531
2016-09-16,605.7969
2016-09-17,451.32812
2016-09-18,347.8047
2016-09-19,291.66406
2016-09-20,330.8828
2016-09-21,499.1797
2016-09-22,569.39844
2016-09-23,500.20312
2016-09-24,558.22656
2016-09-25,679.8125
2016-09-26,634.4219
2016-09-27,395.875
2016-09-28,313.28125
2016-09-29,269.78906
2016-09-30,359.67188
2016-10-01,444.10938
2016-10-02,309.45312
2016-10-03,224.99219
2016-10-04,257.79688
2016-10-05,552.8203
2016-10-06,782.7031
2016-10-07,877.3203
2016-10-08,692.14844
2016-10-09,436.46094
2016-10-10,286.28906
2016-10-11,295.39062
2016-10-12,827.5469
2016-10-13,1065.0703
2016-10-14,665.40625
2016-10-15,1048.0312
2016-10-16,1924.1875
2016-10-17,1742.9375
2016-10-18,918.8594
2016-10-19,454.9375
2016-10-20,316.14062
2016-10-21,269.35938
2016-10-22,240.94531
2016-10-23,221.32031
2016-10-24,213.34375
2016-10-25,248.69531
2016-10-26,366.54688
2016-10-27,361.73438
2016-10-28,250.23438
2016-10-29,197.94531
2016-10-30,229.21094
2016-10-31,655.5625
2016-11-01,1845.2969
2016-11-02,3805.75
2016-11-03,4868.703
2016-11-04,3512.3828
2016-11-05,1767.0938
2016-11-06,755.2578
2016-11-07,517.64844
2016-11-08,623.1953
2016-11-09,677.4297
2016-11-10,520.9375
2016-11-11,943.3906
2016-11-12,1296.6562
2016-11-13,794.02344
2016-11-14,406.8828
2016-11-15,296.2422
2016-11-16,260.89062
2016-11-17,259.3047
2016-11-18,378.5703
2016-11-19,517.5781
2016-11-20,344.60938
2016-11-21,382.8125
2016-11-22,498.35938
2016-11-23,410.48438
2016-11-24,502.21875
2016-11-25,507.60938
2016-11-26,462.04688
2016-11-27,599.90625
2016-11-28,751.125
2016-11-29,552.40625
2016-11-30,1874.1406
2016-12-01,3215.75
2016-12-02,2522.7969
2016-12-03,2296.7344
2016-12-04,2382.5312
2016-12-05,2222.5938
2016-12-06,2454.2188
2016-12-07,2798.9219
2016-12-08,2571.125
2016-12-09,1560.2656
2016-12-10,701.1875
2016-12-11,444.82812
2016-12-12,447.79688
2016-12-13,916.5156
2016-12-14,3694.125
2016-12-15,10551.328
2016-12-16,13016.25
2016-12-17,6892.578
2016-12-18,2318.5156
2016-12-19,1094.7656
2016-12-20,752.65625
2016-12-21,554.4844
2016-12-22,440.84375
2016-12-23,510.84375
2016-12-24,903.78125
2016-12-25,941.7969
2016-12-26,608.3906
2016-12-27,419.21875
2016-12-28,801.6875
2016-12-29,1032.3125
2016-12-30,513.5156
2016-12-31,788.625
2017-01-01,2413.7031
2017-01-02,2366.7656
2017-01-03,1365.6719
2017-01-04,942.0
2017-01-05,557.09375
2017-01-06,424.90625
2017-01-07,336.5
2017-01-08,281.32812
2017-01-09,257.64062
2017-01-10,249.3125
2017-01-11,247.53125
2017-01-12,240.1875
2017-01-13,221.78125
2017-01-14,213.5
2017-01-15,251.59375
2017-01-16,494.5625
2017-01-17,586.21875
2017-01-18,352.9375
2017-01-19,255.1875
2017-01-20,221.15625
2017-01-21,277.59375
2017-01-22,600.625
2017-01-23,765.65625
2017-01-24,660.84375
2017-01-25,807.78125
2017-01-26,1412.75
2017-01-27,1337.8438
2017-01-28,645.4375
2017-01-29,365.9375
2017-01-30,278.9375
2017-01-31,250.9375
2017-02-01,299.125
2017-02-02,950.09375
2017-02-03,1621.25
2017-02-04,1234.8125
2017-02-05,683.40625
2017-02-06,402.5625
2017-02-07,291.90625
2017-02-08,248.71875
2017-02-09,258.9375
2017-02-10,626.125
2017-02-11,1209.8125
2017-02-12,1138.4062
2017-02-13,852.78125
2017-02-14,531.0625
2017-02-15,383.8125
2017-02-16,389.5
2017-02-17,309.25
2017-02-18,242.15625
2017-02-19,213.3125
2017-02-20,201.5
2017-02-21,193.46875
2017-02-22,187.375
2017-02-23,188.125
2017-02-24,307.3125
2017-02-25,598.84375
2017-02-26,492.53125
2017-02-27,367.75
2017-02-28,428.40625
2017-03-01,445.96875
2017-03-02,306.65625
2017-03-03,231.9375
2017-03-04,209.6875
2017-03-05,194.34375
2017-03-06,183.71875
2017-03-07,178.3125
2017-03-08,175.1875
2017-03-09,180.84375
2017-03-10,210.125
2017-03-11,188.34375
2017-03-12,169.25
2017-03-13,164.9375
2017-03-14,164.40625
2017-03-15,180.53125
2017-03-16,215.6875
2017-03-17,196.46875
2017-03-18,221.625
2017-03-19,374.0625
2017-03-20,451.25
2017-03-21,506.875
2017-03-22,326.8125
2017-03-23,262.8125
2017-03-24,292.15625
2017-03-25,399.125
2017-03-26,475.53125
2017-03-27,839.90625
2017-03-28,942.46875
2017-03-29,719.40625
2017-03-30,433.9375
2017-03-31,993.4375
2017-04-01,2573.3438
2017-04-02,2047.9375
2017-04-03,663.90625
2017-04-04,501.78125
2017-04-05,500.875
2017-04-06,1564.2188
2017-04-07,1719.5
2017-04-08,839.84375
2017-04-09,570.15625
2017-04-10,352.78125
2017-04-11,302.6875
2017-04-12,354.4375
2017-04-13,1258.6875
2017-04-14,1906.6562
2017-04-15,1243.7188
2017-04-16,527.375
2017-04-17,332.65625
2017-04-18,267.5625
2017-04-19,235.8125
2017-04-20,215.34375
2017-04-21,202.21875
2017-04-22,197.59375
2017-04-23,208.46875
2017-04-24,341.84375
2017-04-25,566.25
2017-04-26,723.125
2017-04-27,574.0
2017-04-28,549.03125
2017-04-29,716.90625
2017-04-30,655.625
2017-05-01,397.96875
2017-05-02,332.59375
2017-05-03,266.6875
2017-05-04,225.5
2017-05-05,268.90625
2017-05-06,383.53125
2017-05-07,307.0625
2017-05-08,237.90625
2017-05-09,273.40625
2017-05-10,450.125
2017-05-11,376.15625
2017-05-12,256.71875
2017-05-13,300.09375
2017-05-14,790.9375
2017-05-15,1272.3125
2017-05-16,1532.3125
2017-05-17,1388.375
2017-05-18,1061.4375
2017-05-19,943.28125
2017-05-20,839.53125
2017-05-21,1031.375
2017-05-22,722.5
2017-05-23,446.84375
2017-05-24,572.46875
2017-05-25,936.21875
2017-05-26,1340.2188
2017-05-27,1191.3125
2017-05-28,692.40625
2017-05-29,941.0625
2017-05-30,1126.9688
2017-05-31,780.9375
2017-06-01,580.75
2017-06-02,350.3125
2017-06-03,252.59375
2017-06-04,220.875
2017-06-05,205.625
2017-06-06,196.375
2017-06-07,288.40625
2017-06-08,1117.75
2017-06-09,1622.0625
2017-06-10,1181.4375
2017-06-11,702.6875
2017-06-12,508.96875
2017-06-13,364.125
2017-06-14,283.09375
2017-06-15,275.15625
2017-06-16,307.5625
2017-06-17,250.8125
2017-06-18,212.15625
2017-06-19,275.71875
2017-06-20,440.46875
2017-06-21,391.57812
2017-06-22,300.6875
2017-06-23,288.17188
2017-06-24,336.07812
2017-06-25,506.35938
2017-06-26,565.1719
2017-06-27,370.40625
2017-06-28,274.51562
2017-06-29,356.46875
2017-06-30,537.65625
2017-07-01,470.3125
2017-07-02,399.82812
2017-07-03,275.125
2017-07-04,244.96875
2017-07-05,331.25
2017-07-06,345.21875
2017-07-07,354.32812
2017-07-08,302.6875
2017-07-09,234.5
2017-07-10,209.89062
2017-07-11,351.14062
2017-07-12,732.53125
2017-07-13,1003.75
2017-07-14,922.4219
2017-07-15,557.09375
2017-07-16,822.46875
2017-07-17,1143.9219
2017-07-18,877.9219
2017-07-19,757.7031
2017-07-20,918.5469
2017-07-21,685.8125
2017-07-22,692.7969
2017-07-23,757.09375
2017-07-24,596.6719
2017-07-25,838.84375
2017-07-26,2231.9062
2017-07-27,2707.8438
2017-07-28,1697.3125
2017-07-29,934.8281
2017-07-30,541.5
2017-07-31,371.10938
2017-08-01,299.51562
2017-08-02,261.9375
2017-08-03,238.04688
2017-08-04,222.39062
2017-08-05,213.76562
2017-08-06,208.78125
2017-08-07,241.73438
2017-08-08,360.70312
2017-08-09,345.03125
2017-08-10,252.6875
2017-08-11,211.10938
2017-08-12,194.34375
2017-08-13,182.25
2017-08-14,176.64062
2017-08-15,178.07812
2017-08-16,216.875
2017-08-17,363.75
2017-08-18,703.8906
2017-08-19,773.0078
2017-08-20,553.75
2017-08-21,340.47656
2017-08-22,262.3047
2017-08-23,234.01562
2017-08-24,200.78125
2017-08-25,188.33594
2017-08-26,292.96875
2017-08-27,892.5781
2017-08-28,1067.5859
2017-08-29,578.71094
2017-08-30,405.10938
2017-08-31,424.5703
2017-09-01,579.16406
2017-09-02,485.3125
2017-09-03,314.60156
2017-09-04,242.16406
2017-09-05,221.10156
2017-09-06,309.78906
2017-09-07,478.02344
2017-09-08,457.10938
2017-09-09,352.82812
2017-09-10,263.5
2017-09-11,246.67969
2017-09-12,231.39844
2017-09-13,201.21875
2017-09-14,351.8828
2017-09-15,1206.3594
2017-09-16,1246.4141
2017-09-17,506.85938
2017-09-18,393.77344
2017-09-19,365.10156
2017-09-20,291.8047
2017-09-21,240.66406
2017-09-22,215.57812
2017-09-23,219.64844
2017-09-24,336.9375
2017-09-25,431.375
2017-09-26,350.57812
2017-09-27,323.625
2017-09-28,250.17188
2017-09-29,215.54688
2017-09-30,263.79688
2017-10-01,452.5
2017-10-02,524.1328
2017-10-03,564.6797
2017-10-04,750.85156
2017-10-05,763.4922
2017-10-06,681.71875
2017-10-07,687.7344
2017-10-08,880.5547
2017-10-09,1812.5781
2017-10-10,2502.1953
2017-10-11,1646.5859
2017-10-12,798.46875
2017-10-13,601.6797
2017-10-14,518.4844
2017-10-15,398.23438
2017-10-16,297.5078
2017-10-17,249.6875
2017-10-18,232.60156
2017-10-19,273.875
2017-10-20,481.0703
2017-10-21,509.71875
2017-10-22,313.0703
2017-10-23,237.21094
2017-10-24,341.85156
2017-10-25,718.3906
2017-10-26,748.8125
2017-10-27,475.89844
2017-10-28,352.1172
2017-10-29,275.1797
2017-10-30,374.23438
2017-10-31,1971.3281
2017-11-01,3766.5078
2017-11-02,2706.086
2017-11-03,1799.8125
2017-11-04,6290.578
2017-11-05,12048.656
2017-11-06,9744.008
2017-11-07,6595.828
2017-11-08,3451.4219
2017-11-09,1812.7812
2017-11-10,1660.2188
2017-11-11,1272.4375
2017-11-12,883.3047
2017-11-13,614.7656
2017-11-14,426.6875
2017-11-15,353.8672
2017-11-16,346.89844
2017-11-17,384.32812
2017-11-18,312.76562
2017-11-19,401.6172
2017-11-20,1513.9375
2017-11-21,1894.8594
2017-11-22,2610.836
2017-11-23,5721.211
2017-11-24,5397.578
2017-11-25,2718.1875
2017-11-26,1305.0156
2017-11-27,1372.4375
2017-11-28,1501.0469
2017-11-29,1194.8906
2017-11-30,874.2344
2017-12-01,834.6406
2017-12-02,2219.1875
2017-12-03,4653.453
2017-12-04,4178.6406
2017-12-05,2533.5
2017-12-06,1698.4531
2017-12-07,1055.3594
2017-12-08,610.8281
2017-12-09,640.2344
2017-12-10,671.3125
2017-12-11,425.46875
2017-12-12,307.40625
2017-12-13,266.01562
2017-12-14,259.625
2017-12-15,254.82812
2017-12-16,314.60938
2017-12-17,1037.1875
2017-12-18,1347.7188
2017-12-19,719.0625
2017-12-20,437.78125
2017-12-21,317.53125
2017-12-22,273.34375
2017-12-23,254.67188
2017-12-24,265.6875
2017-12-25,466.45312
2017-12-26,707.9531
2017-12-27,925.3125
2017-12-28,1552.375
2017-12-29,1337.6094
2017-12-30,1007.2969
2017-12-31,959.96875
2018-01-01,717.6094
2018-01-02,592.7031
2018-01-03,409.6875
2018-01-04,379.04688
2018-01-05,433.26562
2018-01-06,375.89062
2018-01-07,282.54688
2018-01-08,238.01562
2018-01-09,280.14062
2018-01-10,374.29688
2018-01-11,309.59375
2018-01-12,452.98438
2018-01-13,946.6406
2018-01-14,1127.1562
2018-01-15,856.3906
2018-01-16,631.34375
2018-01-17,393.65625
2018-01-18,280.32812
2018-01-19,241.15625
2018-01-20,228.48438
2018-01-21,228.95312
2018-01-22,233.60938
2018-01-23,219.25
2018-01-24,211.4375
2018-01-25,232.60938
2018-01-26,228.07812
2018-01-27,213.40625
2018-01-28,215.3125
2018-01-29,232.34375
2018-01-30,250.5625
2018-01-31,304.34375
2018-02-01,248.09375
2018-02-02,222.03125
2018-02-03,221.125
2018-02-04,271.71875
2018-02-05,246.90625
2018-02-06,228.65625
2018-02-07,277.90625
2018-02-08,235.25
2018-02-09,192.9375
2018-02-10,182.09375
2018-02-11,182.78125
2018-02-12,256.78125
2018-02-13,522.15625
2018-02-14,510.75
2018-02-15,297.875
2018-02-16,211.71875
2018-02-17,192.0
2018-02-18,185.71875
2018-02-19,181.71875
2018-02-20,178.5
2018-02-21,175.6875
2018-02-22,178.09375
2018-02-23,205.96875
2018-02-24,253.21875
2018-02-25,305.53125
2018-02-26,234.3125
2018-02-27,190.1875
2018-02-28,188.75
2018-03-01,180.75
2018-03-02,172.75
2018-03-03,193.21875
2018-03-04,305.71875
2018-03-05,326.8125
2018-03-06,239.5625
2018-03-07,186.28125
2018-03-08,179.875
2018-03-09,229.96875
2018-03-10,376.75
2018-03-11,339.71875
2018-03-12,249.6875
2018-03-13,200.28125
2018-03-14,204.0
2018-03-15,546.8125
2018-03-16,977.53125
2018-03-17,692.34375
2018-03-18,404.5625
2018-03-19,285.6875
2018-03-20,254.25
2018-03-21,330.625
2018-03-22,516.5625
2018-03-23,383.71875
2018-03-24,273.96875
2018-03-25,219.5
2018-03-26,194.71875
2018-03-27,186.1875
2018-03-28,181.71875
2018-03-29,179.46875
2018-03-30,206.9375
2018-03-31,294.6875
2018-04-01,238.8125
2018-04-02,188.90625
2018-04-03,173.6875
2018-04-04,169.5625
2018-04-05,167.6875
2018-04-06,167.53125
2018-04-07,251.375
2018-04-08,865.21875
2018-04-09,1014.84375
2018-04-10,473.78125
2018-04-11,294.0625
2018-04-12,237.5
2018-04-13,214.5
2018-04-14,202.15625
2018-04-15,201.40625
2018-04-16,193.5
2018-04-17,194.21875
2018-04-18,208.84375
2018-04-19,234.46875
2018-04-20,238.59375
2018-04-21,292.1875
2018-04-22,375.0
2018-04-23,403.9375
2018-04-24,364.3125
2018-04-25,275.0625
2018-04-26,337.59375
2018-04-27,576.71875
2018-04-28,684.125
2018-04-29,449.0625
2018-04-30,559.125
2018-05-01,1226.9688
2018-05-02,1206.5
2018-05-03,596.25
2018-05-04,362.84375
2018-05-05,276.75
2018-05-06,430.125
2018-05-07,786.625
2018-05-08,680.53125
2018-05-09,359.5625
2018-05-10,253.8125
2018-05-11,308.40625
2018-05-12,403.96875
2018-05-13,295.71875
2018-05-14,220.21875
2018-05-15,198.3125
2018-05-16,190.0
2018-05-17,246.9375
2018-05-18,393.84375
2018-05-19,363.875
2018-05-20,337.40625
2018-05-21,324.78125
2018-05-22,253.21875
2018-05-23,203.9375
2018-05-24,250.1875
2018-05-25,509.53125
2018-05-26,730.96875
2018-05-27,375.15625
2018-05-28,248.5625
2018-05-29,238.34375
2018-05-30,254.03125
2018-05-31,304.25
2018-06-01,299.90625
2018-06-02,227.75
2018-06-03,217.375
2018-06-04,478.21875
2018-06-05,708.84375
2018-06-06,479.25
2018-06-07,302.1875
2018-06-08,263.34375
2018-06-09,254.5
2018-06-10,250.90625
2018-06-11,228.6875
2018-06-12,220.0625
2018-06-13,217.125
2018-06-14,196.625
2018-06-15,185.25
2018-06-16,207.65625
2018-06-17,297.90625
2018-06-18,323.3125
2018-06-19,284.34375
2018-06-20,241.34375
2018-06-21,201.40625
2018-06-22,177.75
2018-06-23,169.875
2018-06-24,172.9375
2018-06-25,204.5625
2018-06-26,256.21875
2018-06-27,375.03125
2018-06-28,439.03125
2018-06-29,389.84375
2018-06-30,275.09375
2018-07-01,204.5
2018-07-02,179.25
2018-07-03,179.125
2018-07-04,175.90625
2018-07-05,168.375
2018-07-06,164.89062
2018-07-07,162.14062
2018-07-08,180.4375
2018-07-09,336.34375
2018-07-10,690.9844
2018-07-11,1233.1094
2018-07-12,1440.7188
2018-07-13,906.2031
2018-07-14,553.40625
2018-07-15,640.0156
2018-07-16,839.28125
2018-07-17,721.375
2018-07-18,607.09375
2018-07-19,741.5625
2018-07-20,656.25
2018-07-21,398.76562
2018-07-22,320.07812
2018-07-23,360.95312
2018-07-24,452.14062
2018-07-25,318.125
2018-07-26,244.46875
2018-07-27,300.25
2018-07-28,516.5469
2018-07-29,508.09375
2018-07-30,388.79688
2018-07-31,391.75
2018-08-01,339.125
2018-08-02,260.75
2018-08-03,211.40625
2018-08-04,201.04688
2018-08-05,208.09375
2018-08-06,314.96875
2018-08-07,591.1406
2018-08-08,541.3906
2018-08-09,364.23438
2018-08-10,426.39062
2018-08-11,315.6875
2018-08-12,235.89062
2018-08-13,216.59375
2018-08-14,419.29688
2018-08-15,928.0781
2018-08-16,841.3281
2018-08-17,419.0625
2018-08-18,285.14062
2018-08-19,259.96875
2018-08-20,316.4375
2018-08-21,287.9375
2018-08-22,247.90625
2018-08-23,221.39062
2018-08-24,215.5
2018-08-25,219.1875
2018-08-26,198.34375
2018-08-27,194.96875
2018-08-28,304.59375
2018-08-29,439.39062
2018-08-30,291.42188
2018-08-31,208.09375
2018-09-01,186.70312
2018-09-02,176.71875
2018-09-03,182.15625
2018-09-04,227.23438
2018-09-05,216.8125
2018-09-06,179.34375
2018-09-07,167.85938
2018-09-08,191.375
2018-09-09,286.4375
2018-09-10,400.15625
2018-09-11,669.1094
2018-09-12,650.71875
2018-09-13,565.7344
2018-09-14,594.9219
2018-09-15,418.96875
2018-09-16,278.09375
2018-09-17,220.70312
2018-09-18,253.03125
2018-09-19,373.25
2018-09-20,420.21875
2018-09-21,275.48438
2018-09-22,221.1875
2018-09-23,313.09375
2018-09-24,402.64062
2018-09-25,375.90625
2018-09-26,271.9453
2018-09-27,205.95312
2018-09-28,188.71875
2018-09-29,216.3125
2018-09-30,219.92969
2018-10-01,250.67969
2018-10-02,521.0625
2018-10-03,1158.6875
2018-10-04,1959.9062
2018-10-05,1651.7031
2018-10-06,738.0703
2018-10-07,404.9453
2018-10-08,297.6328
2018-10-09,256.4453
2018-10-10,232.97656
2018-10-11,234.50781
2018-10-12,368.0625
2018-10-13,632.03906
2018-10-14,682.16406
2018-10-15,475.5625
2018-10-16,289.14844
2018-10-17,220.61719
2018-10-18,207.61719
2018-10-19,220.63281
2018-10-20,219.07812
2018-10-21,238.22656
2018-10-22,215.67188
2018-10-23,191.45312
2018-10-24,183.64844
2018-10-25,179.96875
2018-10-26,174.88281
2018-10-27,174.76562
2018-10-28,209.92188
2018-10-29,331.8047
2018-10-30,327.72656
2018-10-31,232.65625
2018-11-01,184.35156
2018-11-02,171.78125
2018-11-03,168.41406
2018-11-04,166.78125
2018-11-05,165.625
2018-11-06,165.40625
2018-11-07,177.17969
2018-11-08,256.3203
2018-11-09,383.0625
2018-11-10,351.1875
2018-11-11,248.02344
2018-11-12,191.71094
2018-11-13,174.20312
2018-11-14,169.48438
2018-11-15,166.875
2018-11-16,164.8125
2018-11-17,163.22656
2018-11-18,162.47656
2018-11-19,161.71094
2018-11-20,160.64844
2018-11-21,159.42969
2018-11-22,168.46875
2018-11-23,323.17188
2018-11-24,820.6875
2018-11-25,1541.9531
2018-11-26,1724.8125
2018-11-27,1044.5156
2018-11-28,603.9844
2018-11-29,581.2031
2018-11-30,543.2344
2018-12-01,337.92188
2018-12-02,256.625
2018-12-03,223.20312
2018-12-04,200.70312
2018-12-05,183.95312
2018-12-06,173.51562
2018-12-07,172.89062
2018-12-08,203.6875
2018-12-09,408.92188
2018-12-10,831.3281
2018-12-11,1036.9844
2018-12-12,1325.3906
2018-12-13,1995.5
2018-12-14,2648.6562
2018-12-15,3185.1406
2018-12-16,3314.875
2018-12-17,2488.1406
2018-12-18,1549.6562
2018-12-19,928.71875
2018-12-20,502.42188
2018-12-21,369.73438
2018-12-22,315.64062
2018-12-23,284.35938
2018-12-24,295.84375
2018-12-25,447.09375
2018-12-26,531.7344
2018-12-27,339.26562
2018-12-28,330.21875
2018-12-29,1347.7656
2018-12-30,2853.2656
2018-12-31,2558.3125
2019-01-01,1591.0938
2019-01-02,1002.375
2019-01-03,709.4375
2019-01-04,536.21875
2019-01-05,390.0
2019-01-06,338.65625
2019-01-07,399.34375
2019-01-08,347.40625
2019-01-09,267.65625
2019-01-10,229.875
2019-01-11,215.21875
2019-01-12,205.9375
2019-01-13,199.25
2019-01-14,193.90625
2019-01-15,190.09375
2019-01-16,251.125
2019-01-17,1086.0938
2019-01-18,2258.8125
2019-01-19,1630.4062
2019-01-20,634.21875
2019-01-21,455.0625
2019-01-22,891.40625
2019-01-23,1114.625
2019-01-24,598.65625
2019-01-25,357.09375
2019-01-26,275.875
2019-01-27,290.75
2019-01-28,385.1875
2019-01-29,289.25
2019-01-30,224.5
2019-01-31,206.84375
2019-02-01,198.625
2019-02-02,192.09375
2019-02-03,186.0625
2019-02-04,181.09375
2019-02-05,177.4375
2019-02-06,174.28125
2019-02-07,171.34375
2019-02-08,168.75
2019-02-09,166.59375
2019-02-10,164.71875
2019-02-11,163.59375
2019-02-12,163.3125
2019-02-13,162.8125
2019-02-14,161.53125
2019-02-15,159.875
2019-02-16,158.4375
2019-02-17,157.1875
2019-02-18,156.21875
2019-02-19,155.21875
2019-02-20,154.25
2019-02-21,153.625
2019-02-22,154.96875
2019-02-23,155.90625
2019-02-24,153.65625
2019-02-25,151.90625
2019-02-26,151.15625
2019-02-27,150.53125
2019-02-28,149.6875
2019-03-01,148.9375
2019-03-02,148.375
2019-03-03,147.875
2019-03-04,147.40625
2019-03-05,147.0
2019-03-06,146.6875
2019-03-07,146.53125
2019-03-08,146.3125
2019-03-09,146.125
2019-03-10,147.03125
2019-03-11,146.8125
2019-03-12,146.3125
2019-03-13,148.0
2019-03-14,146.8125
2019-03-15,150.21875
2019-03-16,162.8125
2019-03-17,164.25
2019-03-18,161.125
2019-03-19,160.1875
2019-03-20,159.90625
2019-03-21,159.75
2019-03-22,159.65625
2019-03-23,160.1875
2019-03-24,163.53125
2019-03-25,179.4375
2019-03-26,236.9375
2019-03-27,200.65625
2019-03-28,159.8125
2019-03-29,149.375
2019-03-30,152.65625
2019-03-31,187.28125
2019-04-01,228.03125
2019-04-02,217.28125
2019-04-03,183.1875
2019-04-04,158.09375
2019-04-05,149.46875
2019-04-06,147.1875
2019-04-07,145.625
2019-04-08,145.4375
2019-04-09,147.90625
2019-04-10,155.0625
2019-04-11,156.90625
2019-04-12,160.65625
2019-04-13,173.34375
2019-04-14,197.0
2019-04-15,201.8125
2019-04-16,225.0625
2019-04-17,254.03125
2019-04-18,215.71875
2019-04-19,194.71875
2019-04-20,168.8125
2019-04-21,157.1875
2019-04-22,178.3125
2019-04-23,176.46875
2019-04-24,153.96875
2019-04-25,143.65625
2019-04-26,140.875
2019-04-27,140.125
2019-04-28,142.125
2019-04-29,165.9375
2019-04-30,201.8125
2019-05-01,194.75
2019-05-02,170.09375
2019-05-03,178.875
2019-05-04,203.28125
2019-05-05,254.375
2019-05-06,270.65625
2019-05-07,199.9375
2019-05-08,232.125
2019-05-09,548.75
2019-05-10,772.75
2019-05-11,778.4375
2019-05-12,697.96875
2019-05-13,685.15625
2019-05-14,525.75
2019-05-15,375.46875
2019-05-16,252.03125
2019-05-17,198.59375
2019-05-18,176.4375
2019-05-19,164.125
2019-05-20,157.53125
2019-05-21,154.1875
2019-05-22,157.1875
2019-05-23,280.625
2019-05-24,669.6875
2019-05-25,689.0625
2019-05-26,627.625
2019-05-27,696.5
2019-05-28,408.0625
2019-05-29,413.28125
2019-05-30,542.15625
2019-05-31,623.34375
2019-06-01,644.40625
2019-06-02,836.0
2019-06-03,676.4375
2019-06-04,460.875
2019-06-05,443.96875
2019-06-06,445.5625
2019-06-07,326.59375
2019-06-08,434.1875
2019-06-09,462.09375
2019-06-10,293.375
2019-06-11,213.59375
2019-06-12,184.40625
2019-06-13,166.71875
2019-06-14,171.875
2019-06-15,176.84375
2019-06-16,167.125
2019-06-17,155.96875
2019-06-18,163.59375
2019-06-19,222.59375
2019-06-20,259.1875
2019-06-21,199.28125
2019-06-22,161.53125
2019-06-23,164.3125
2019-06-24,164.9375
2019-06-25,155.03125
2019-06-26,173.875
2019-06-27,187.25
2019-06-28,165.78125
2019-06-29,146.96875
2019-06-30,141.65625
2019-07-01,141.71875
2019-07-02,203.15625
2019-07-03,596.71875
2019-07-04,731.15625
2019-07-05,353.25
2019-07-06,228.03125
2019-07-07,190.79688
2019-07-08,174.60938
2019-07-09,164.5
2019-07-10,157.42188
2019-07-11,153.09375
2019-07-12,150.57812
2019-07-13,154.60938
2019-07-14,153.51562
2019-07-15,145.6875
2019-07-16,143.5
2019-07-17,144.79688
2019-07-18,156.04688
2019-07-19,158.0
2019-07-20,145.20312
2019-07-21,141.48438
2019-07-22,143.82812
2019-07-23,151.48438
2019-07-24,151.1875
2019-07-25,149.84375
2019-07-26,151.15625
2019-07-27,159.40625
2019-07-28,193.29688
2019-07-29,228.98438
2019-07-30,220.5
2019-07-31,208.89062
2019-08-01,244.89062
2019-08-02,338.76562
2019-08-03,257.51562
2019-08-04,181.84375
2019-08-05,156.95312
2019-08-06,151.375
2019-08-07,159.65625
2019-08-08,181.15625
2019-08-09,177.10938
2019-08-10,175.92188
2019-08-11,210.04688
2019-08-12,228.15625
2019-08-13,190.26562
2019-08-14,154.54688
2019-08-15,143.32812
2019-08-16,140.64062
2019-08-17,139.59375
2019-08-18,139.98438
2019-08-19,139.03125
2019-08-20,136.90625
2019-08-21,137.70312
2019-08-22,144.04688
2019-08-23,153.46875
2019-08-24,178.70312
2019-08-25,204.15625
2019-08-26,234.32812
2019-08-27,225.90625
2019-08-28,199.85938
2019-08-29,674.03125
2019-08-30,1580.9375
2019-08-31,1222.2812
2019-09-01,571.78125
2019-09-02,1164.5312
2019-09-03,3243.7344
2019-09-04,3538.1094
2019-09-05,2006.0781
2019-09-06,838.375
2019-09-07,486.64062
2019-09-08,371.4297
2019-09-09,315.40625
2019-09-10,274.89062
2019-09-11,235.86719
2019-09-12,212.58594
2019-09-13,206.61719
2019-09-14,211.16406
2019-09-15,204.54688
2019-09-16,180.17969
2019-09-17,165.76562
2019-09-18,174.875
2019-09-19,191.38281
2019-09-20,431.7578
2019-09-21,891.15625
2019-09-22,800.0781
2019-09-23,540.4531
2019-09-24,309.8672
2019-09-25,241.5625
2019-09-26,230.10156
2019-09-27,249.66406
2019-09-28,220.25781
2019-09-29,180.63281
2019-09-30,162.46875
2019-10-01,155.02344
2019-10-02,151.11719
2019-10-03,150.0625
2019-10-04,156.65625
2019-10-05,166.04688
2019-10-06,158.53906
2019-10-07,147.21875
2019-10-08,143.55469
2019-10-09,144.21875
2019-10-10,154.40625
2019-10-11,186.01562
2019-10-12,185.25781
2019-10-13,161.0625
2019-10-14,151.63281
2019-10-15,196.21875
2019-10-16,445.2422
2019-10-17,785.125
2019-10-18,956.40625
2019-10-19,766.16406
2019-10-20,634.0078
2019-10-21,467.04688
2019-10-22,293.57812
2019-10-23,215.94531
2019-10-24,189.25
2019-10-25,178.73438
2019-10-26,182.59375
2019-10-27,215.375
2019-10-28,199.38281
2019-10-29,188.10156
2019-10-30,1581.1719
2019-10-31,5603.8438
2019-11-01,4847.4766
2019-11-02,2303.8516
2019-11-03,1136.0859
2019-11-04,709.7656
2019-11-05,458.5078
2019-11-06,351.79688
2019-11-07,295.1172
2019-11-08,263.65625
2019-11-09,249.92969
2019-11-10,595.9844
2019-11-11,2676.7812
2019-11-12,2810.8594
2019-11-13,1351.4219
2019-11-14,670.14844
2019-11-15,518.14844
2019-11-16,392.46094
2019-11-17,298.35938
2019-11-18,252.97656
2019-11-19,232.83594
2019-11-20,236.82812
2019-11-21,296.85938
2019-11-22,345.07812
2019-11-23,252.07812
2019-11-24,189.76562
2019-11-25,175.39062
2019-11-26,229.73438
2019-11-27,584.5
2019-11-28,1662.5781
2019-11-29,2762.2812
2019-11-30,2324.2188
2019-12-01,1228.4688
2019-12-02,683.1094
2019-12-03,591.40625
2019-12-04,725.53125
2019-12-05,516.46875
2019-12-06,366.90625
2019-12-07,281.07812
2019-12-08,222.76562
2019-12-09,193.92188
2019-12-10,192.5625
2019-12-11,183.95312
2019-12-12,169.89062
2019-12-13,175.90625
2019-12-14,245.20312
2019-12-15,229.375
2019-12-16,212.6875
2019-12-17,192.51562
2019-12-18,171.59375
2019-12-19,164.34375
2019-12-20,161.79688
2019-12-21,160.53125
2019-12-22,158.3125
2019-12-23,155.54688
2019-12-24,153.4375
2019-12-25,151.98438
2019-12-26,150.59375
2019-12-27,149.64062
2019-12-28,152.14062
2019-12-29,164.67188
2019-12-30,165.40625
2019-12-31,166.875
2020-01-01,221.29688
2020-01-02,376.51562
2020-01-03,371.875
2020-01-04,342.09375
2020-01-05,235.3125
2020-01-06,177.78125
2020-01-07,162.53125
2020-01-08,157.59375
2020-01-09,155.0
2020-01-10,152.6875
2020-01-11,150.8125
2020-01-12,149.6875
2020-01-13,150.0625
2020-01-14,150.4375
2020-01-15,147.625
2020-01-16,145.59375
2020-01-17,144.5625
2020-01-18,144.0
2020-01-19,143.65625
2020-01-20,143.15625
2020-01-21,142.375
2020-01-22,141.03125
2020-01-23,139.6875
2020-01-24,138.71875
2020-01-25,138.04688
2020-01-26,137.76562
2020-01-27,138.25
2020-01-28,143.59375
2020-01-29,179.1875
2020-01-30,312.0
2020-01-31,372.59375
2020-02-01,247.15625
2020-02-02,178.9375
2020-02-03,156.73438
2020-02-04,150.0625
2020-02-05,147.35938
2020-02-06,145.04688
2020-02-07,142.92188
2020-02-08,142.23438
2020-02-09,144.53125
2020-02-10,157.65625
2020-02-11,176.21875
2020-02-12,166.25
2020-02-13,147.96875
2020-02-14,140.84375
2020-02-15,138.5625
2020-02-16,138.04688
2020-02-17,149.85938
2020-02-18,257.96875
2020-02-19,514.4531
2020-02-20,467.375
2020-02-21,272.625
2020-02-22,197.125
2020-02-23,182.26562
2020-02-24,172.5
2020-02-25,161.15625
2020-02-26,153.84375
2020-02-27,149.8125
2020-02-28,147.21875
2020-02-29,144.73438
2020-03-01,142.5
2020-03-02,140.625
2020-03-03,139.28125
2020-03-04,138.875
2020-03-05,143.90625
2020-03-06,163.375
2020-03-07,153.1875
2020-03-08,141.75
2020-03-09,137.375
2020-03-10,134.53125
2020-03-11,134.25
2020-03-12,133.90625
2020-03-13,132.90625
2020-03-14,136.28125
2020-03-15,143.03125
2020-03-16,145.46875
2020-03-17,145.78125
2020-03-18,145.8125
2020-03-19,146.25
2020-03-20,150.46875
2020-03-21,153.4375
2020-03-22,149.75
2020-03-23,146.40625
2020-03-24,141.46875
2020-03-25,134.90625
2020-03-26,136.1875
2020-03-27,134.75
2020-03-28,131.96875
2020-03-29,130.375
2020-03-30,128.875
2020-03-31,128.125
2020-04-01,127.53125
2020-04-02,127.0
2020-04-03,126.53125
2020-04-04,126.6875
2020-04-05,126.53125
2020-04-06,126.28125
2020-04-07,126.75
2020-04-08,127.34375
2020-04-09,128.40625
2020-04-10,128.84375
2020-04-11,126.875
2020-04-12,151.75
2020-04-13,207.125
2020-04-14,255.34375
2020-04-15,196.28125
2020-04-16,154.0
2020-04-17,140.09375
2020-04-18,137.46875
2020-04-19,152.71875
2020-04-20,162.96875
2020-04-21,146.34375
2020-04-22,132.46875
2020-04-23,129.5
2020-04-24,133.15625
2020-04-25,139.46875
2020-04-26,155.5
2020-04-27,155.8125
2020-04-28,150.15625
2020-04-29,144.625
2020-04-30,134.59375
2020-05-01,129.25
2020-05-02,127.21875
2020-05-03,126.03125
2020-05-04,125.21875
2020-05-05,124.40625
2020-05-06,123.5625
2020-05-07,122.90625
2020-05-08,122.6875
2020-05-09,122.3125
2020-05-10,121.6875
2020-05-11,121.3125
2020-05-12,121.03125
2020-05-13,120.625
2020-05-14,120.3125
2020-05-15,120.09375
2020-05-16,120.3125
2020-05-17,120.46875
2020-05-18,120.375
2020-05-19,120.5
2020-05-20,121.4375
2020-05-21,126.5
2020-05-22,136.9375
2020-05-23,475.71875
2020-05-24,815.65625
2020-05-25,612.3125
2020-05-26,393.4375
2020-05-27,512.09375
2020-05-28,564.28125
2020-05-29,344.875
2020-05-30,274.15625
2020-05-31,296.25
2020-06-01,380.5
2020-06-02,492.9375
2020-06-03,355.9375
2020-06-04,320.28125
2020-06-05,312.375
2020-06-06,228.0625
2020-06-07,180.59375
2020-06-08,163.1875
2020-06-09,148.3125
2020-06-10,138.125
2020-06-11,135.4375
2020-06-12,157.28125
2020-06-13,202.25
2020-06-14,179.625
2020-06-15,197.71875
2020-06-16,329.6875
2020-06-17,257.75
2020-06-18,204.0625
2020-06-19,171.96875
2020-06-20,146.40625
2020-06-21,137.25
2020-06-22,131.3125
2020-06-23,128.51562
2020-06-24,128.14062
2020-06-25,127.578125
2020-06-26,124.84375
2020-06-27,128.875
2020-06-28,164.9375
2020-06-29,221.95312
2020-06-30,208.125
2020-07-01,191.29688
2020-07-02,165.92188
2020-07-03,156.34375
2020-07-04,231.10938
2020-07-05,304.1875
2020-07-06,252.0
2020-07-07,190.46875
2020-07-08,176.01562
2020-07-09,165.95312
2020-07-10,143.78125
2020-07-11,129.95312
2020-07-12,126.46875
2020-07-13,136.53125
2020-07-14,161.34375
2020-07-15,206.5
2020-07-16,238.98438
2020-07-17,285.03125
2020-07-18,259.625
2020-07-19,247.84375
2020-07-20,220.90625
2020-07-21,183.07812
2020-07-22,172.84375
2020-07-23,196.25
2020-07-24,304.73438
2020-07-25,357.07812
2020-07-26,238.17188
2020-07-27,188.85938
2020-07-28,297.48438
2020-07-29,621.0
2020-07-30,705.78125
2020-07-31,527.7031
2020-08-01,842.7344
2020-08-02,966.4844
2020-08-03,622.5781
2020-08-04,361.07812
2020-08-05,265.125
2020-08-06,349.8125
2020-08-07,575.46875
2020-08-08,503.95312
2020-08-09,492.1875
2020-08-10,644.34375
2020-08-11,447.57812
2020-08-12,284.625
2020-08-13,345.8125
2020-08-14,490.20312
2020-08-15,312.8125
2020-08-16,272.5625
2020-08-17,375.1875
2020-08-18,603.6094
2020-08-19,1032.1406
2020-08-20,1234.2031
2020-08-21,984.53125
2020-08-22,694.5156
2020-08-23,778.52344
2020-08-24,677.9844
2020-08-25,411.17188
2020-08-26,259.47656
2020-08-27,198.07031
2020-08-28,174.21875
2020-08-29,165.99219
2020-08-30,174.58594
2020-08-31,194.42969
2020-09-01,205.03125
2020-09-02,209.8125
2020-09-03,191.51562
2020-09-04,173.53906
2020-09-05,160.30469
2020-09-06,154.14062
2020-09-07,156.67188
2020-09-08,147.75
2020-09-09,154.46094
2020-09-10,240.8125
2020-09-11,473.71094
2020-09-12,507.2578
2020-09-13,351.22656
2020-09-14,263.9375
2020-09-15,206.92969
2020-09-16,172.47656
2020-09-17,1044.8594
2020-09-18,3705.7969
2020-09-19,2970.2969
2020-09-20,1121.8047
2020-09-21,641.0703
2020-09-22,587.0625
2020-09-23,534.15625
2020-09-24,385.25
2020-09-25,260.73438
2020-09-26,219.33594
2020-09-27,220.11719
2020-09-28,211.97656
2020-09-29,247.10156
2020-09-30,337.72656
2020-10-01,442.25
2020-10-02,456.8125
2020-10-03,330.51562
2020-10-04,370.34375
2020-10-05,448.21875
2020-10-06,601.4297
2020-10-07,2188.086
2020-10-08,4838.953
2020-10-09,4698.5312
2020-10-10,5261.6562
2020-10-11,8288.672
2020-10-12,8766.07
2020-10-13,4490.4297
2020-10-14,1729.8359
2020-10-15,1603.8125
2020-10-16,2181.1328
2020-10-17,4016.4062
2020-10-18,5784.6406
2020-10-19,4219.828
2020-10-20,2712.5781
2020-10-21,2509.5781
2020-10-22,1803.9141
2020-10-23,889.625
2020-10-24,550.3125
2020-10-25,643.89844
2020-10-26,894.1406
2020-10-27,1144.8125
2020-10-28,5132.1953
2020-10-29,9411.906
2020-10-30,4912.25
2020-10-31,1368.0234
2020-11-01,1524.5547
2020-11-02,1281.1641
2020-11-03,724.3594
2020-11-04,448.90625
2020-11-05,621.78125
2020-11-06,2608.6953
2020-11-07,3693.5781
2020-11-08,2070.8672
2020-11-09,1063.2422
2020-11-10,4032.6797
2020-11-11,9521.172
2020-11-12,7279.742
2020-11-13,3033.7188
2020-11-14,1449.7031
2020-11-15,1890.8672
2020-11-16,1700.3984
2020-11-17,805.8047
2020-11-18,545.21875
2020-11-19,399.89062
2020-11-20,329.3828
2020-11-21,292.1797
2020-11-22,266.27344
2020-11-23,240.16406
2020-11-24,238.03125
2020-11-25,320.2422
2020-11-26,425.9453
2020-11-27,498.65625
2020-11-28,1593.8672
2020-11-29,4678.3984
2020-11-30,6344.2266
2020-12-01,6332.1484
2020-12-02,4476.9766
2020-12-03,2199.164
2020-12-04,1115.1875
2020-12-05,858.625
2020-12-06,592.8594
2020-12-07,470.5078
2020-12-08,381.48438
2020-12-09,401.85156
2020-12-10,318.41406
2020-12-11,253.41406
2020-12-12,242.60156
2020-12-13,259.375
2020-12-14,283.47656
2020-12-15,721.96875
2020-12-16,1273.9062
2020-12-17,1647.1094
2020-12-18,1749.1406
2020-12-19,1743.8281
2020-12-20,1717.4375
2020-12-21,1194.9688
2020-12-22,729.6094
2020-12-23,428.60938
2020-12-24,332.03125
2020-12-25,430.84375
2020-12-26,654.96875
2020-12-27,547.03125
2020-12-28,330.01562
2020-12-29,243.76562
2020-12-30,236.17188
2020-12-31,577.1406
2021-01-01,990.2344
2021-01-02,597.40625
2021-01-03,346.15625
2021-01-04,290.51562
2021-01-05,349.57812
2021-01-06,400.39062
2021-01-07,544.0
2021-01-08,683.15625
2021-01-09,1179.0312
2021-01-10,1306.3281
2021-01-11,817.375
2021-01-12,635.875
2021-01-13,493.01562
2021-01-14,316.59375
2021-01-15,239.64062
2021-01-16,214.42188
2021-01-17,215.17188
2021-01-18,463.8125
2021-01-19,769.59375
2021-01-20,392.125
2021-01-21,246.4375
2021-01-22,206.23438
2021-01-23,191.85938
2021-01-24,183.6875
2021-01-25,176.14062
2021-01-26,169.54688
2021-01-27,165.4375
2021-01-28,163.17188
2021-01-29,169.07812
2021-01-30,195.65625
2021-01-31,186.1875
2021-02-01,164.96875
2021-02-02,158.40625
2021-02-03,155.375
2021-02-04,154.03125
2021-02-05,154.4375
2021-02-06,157.5
2021-02-07,158.53125
2021-02-08,153.6875
2021-02-09,151.5625
2021-02-10,156.28125
2021-02-11,177.84375
2021-02-12,171.0
2021-02-13,152.84375
2021-02-14,147.09375
2021-02-15,145.09375
2021-02-16,143.75
2021-02-17,142.9375
2021-02-18,143.9375
2021-02-19,154.21875
2021-02-20,194.5
2021-02-21,178.65625
2021-02-22,151.34375
2021-02-23,143.28125
2021-02-24,141.34375
2021-02-25,140.25
2021-02-26,139.40625
2021-02-27,138.90625
2021-02-28,138.5625
2021-03-01,138.96875
2021-03-02,142.0
2021-03-03,179.625
2021-03-04,263.25
2021-03-05,196.28125
2021-03-06,150.09375
2021-03-07,140.28125
2021-03-08,138.8125
2021-03-09,138.4375
2021-03-10,137.9375
2021-03-11,137.53125
2021-03-12,137.25
2021-03-13,137.125
2021-03-14,136.8125
2021-03-15,140.28125
2021-03-16,146.34375
2021-03-17,148.21875
2021-03-18,148.46875
2021-03-19,148.59375
2021-03-20,148.59375
2021-03-21,149.71875
2021-03-22,193.125
2021-03-23,525.75
2021-03-24,684.8125
2021-03-25,385.4375
2021-03-26,246.875
2021-03-27,197.5
2021-03-28,177.84375
2021-03-29,166.625
2021-03-30,158.875
2021-03-31,153.1875
2021-04-01,148.8125
2021-04-02,146.53125
2021-04-03,150.78125
2021-04-04,151.375
2021-04-05,146.84375
2021-04-06,140.90625
2021-04-07,138.15625
2021-04-08,136.78125
2021-04-09,137.4375
2021-04-10,145.9375
2021-04-11,143.09375
2021-04-12,136.28125
2021-04-13,134.125
2021-04-14,133.03125
2021-04-15,133.84375
2021-04-16,149.875
2021-04-17,176.125
2021-04-18,163.78125
2021-04-19,148.15625
2021-04-20,289.75
2021-04-21,707.84375
2021-04-22,686.90625
2021-04-23,429.78125
2021-04-24,346.25
2021-04-25,224.46875
2021-04-26,177.53125
2021-04-27,165.9375
2021-04-28,156.6875
2021-04-29,148.46875
2021-04-30,143.75
2021-05-01,141.0
2021-05-02,147.5625
2021-05-03,185.25
2021-05-04,185.9375
2021-05-05,161.0
2021-05-06,143.8125
2021-05-07,134.875
2021-05-08,131.4375
2021-05-09,130.0
2021-05-10,129.125
2021-05-11,133.90625
2021-05-12,172.125
2021-05-13,167.5
2021-05-14,163.75
2021-05-15,161.6875
2021-05-16,208.5
2021-05-17,188.40625
2021-05-18,147.84375
2021-05-19,134.3125
2021-05-20,140.5
2021-05-21,171.78125
2021-05-22,158.09375
2021-05-23,138.625
2021-05-24,151.46875
2021-05-25,195.09375
2021-05-26,318.78125
2021-05-27,294.25
2021-05-28,273.21875
2021-05-29,320.90625
2021-05-30,226.375
2021-05-31,160.28125
2021-06-01,141.09375
2021-06-02,135.6875
2021-06-03,134.71875
2021-06-04,142.1875
2021-06-05,143.65625
2021-06-06,134.34375
2021-06-07,134.28125
2021-06-08,146.375
2021-06-09,178.46875
2021-06-10,180.71875
2021-06-11,168.96875
2021-06-12,312.3125
2021-06-13,573.0
2021-06-14,486.28125
2021-06-15,280.6875
2021-06-16,181.875
2021-06-17,155.125
2021-06-18,153.0625
2021-06-19,184.5
2021-06-20,173.96875
2021-06-21,143.71875
2021-06-22,133.3125
2021-06-23,130.59375
2021-06-24,129.375
2021-06-25,130.78125
2021-06-26,134.15625
2021-06-27,143.34375
2021-06-28,141.34375
2021-06-29,131.20312
2021-06-30,126.453125
2021-07-01,125.0625
2021-07-02,124.328125
2021-07-03,123.578125
2021-07-04,123.015625
2021-07-05,123.46875
2021-07-06,125.515625
2021-07-07,127.578125
2021-07-08,135.32812
2021-07-09,169.57812
2021-07-10,260.14062
2021-07-11,232.23438
2021-07-12,177.67188
2021-07-13,175.07812
2021-07-14,258.04688
2021-07-15,331.04688
2021-07-16,283.0
2021-07-17,230.78125
2021-07-18,297.73438
2021-07-19,264.15625
2021-07-20,243.76562
2021-07-21,265.07812
2021-07-22,209.39062
2021-07-23,159.54688
2021-07-24,157.70312
2021-07-25,211.9375
2021-07-26,274.4375
2021-07-27,209.95312
2021-07-28,155.0625
2021-07-29,133.98438
2021-07-30,128.23438
2021-07-31,125.625
2021-08-01,123.109375
2021-08-02,121.765625
2021-08-03,120.8125
2021-08-04,120.6875
2021-08-05,121.265625
2021-08-06,120.484375
2021-08-07,119.6875
2021-08-08,119.328125
2021-08-09,118.90625
2021-08-10,118.96875
2021-08-11,120.421875
2021-08-12,123.0625
2021-08-13,132.8125
2021-08-14,133.4375
2021-08-15,125.296875
2021-08-16,124.34375
2021-08-17,125.625
2021-08-18,128.25
2021-08-19,131.39062
2021-08-20,134.0
2021-08-21,143.53125
2021-08-22,156.98438
2021-08-23,162.46875
2021-08-24,152.67188
2021-08-25,161.20312
2021-08-26,190.15625
2021-08-27,296.8203
2021-08-28,475.71094
2021-08-29,513.84375
2021-08-30,372.3672
2021-08-31,377.3828
2021-09-01,327.8125
2021-09-02,537.52344
2021-09-03,806.3594
2021-09-04,687.4297
2021-09-05,516.8828
2021-09-06,574.6094
2021-09-07,504.8672
2021-09-08,372.96875
2021-09-09,495.46875
2021-09-10,1028.5391
2021-09-11,3537.9062
2021-09-12,9034.781
2021-09-13,8310.664
2021-09-14,3538.3281
2021-09-15,1216.3672
2021-09-16,964.58594
2021-09-17,624.9297
2021-09-18,526.3672
2021-09-19,467.20312
2021-09-20,344.5
2021-09-21,525.2422
2021-09-22,990.3906
2021-09-23,1775.1641
2021-09-24,3824.8047
2021-09-25,2961.2344
2021-09-26,1250.6953
2021-09-27,910.91406
2021-09-28,515.41406
2021-09-29,356.51562
2021-09-30,292.42188
2021-10-01,244.55469
2021-10-02,216.60156
2021-10-03,198.69531
2021-10-04,188.19531
2021-10-05,202.0625
2021-10-06,1838.7422
2021-10-07,7674.3438
2021-10-08,8580.117
2021-10-09,4047.6328
2021-10-10,1309.2422
2021-10-11,701.71094
2021-10-12,511.89844
2021-10-13,476.54688
2021-10-14,637.71875
2021-10-15,1486.1016
2021-10-16,6101.664
2021-10-17,9619.555
2021-10-18,6531.461
2021-10-19,2629.1953
2021-10-20,922.8828
2021-10-21,639.52344
2021-10-22,737.25
2021-10-23,2566.6953
2021-10-24,4893.1562
2021-10-25,3742.0469
2021-10-26,1832.1797
2021-10-27,1405.2734
2021-10-28,1682.9453
2021-10-29,1308.8203
2021-10-30,898.53125
2021-10-31,711.33594
2021-11-01,601.3125
2021-11-02,440.4922
2021-11-03,321.48438
2021-11-04,266.0703
2021-11-05,236.85156
2021-11-06,217.85938
2021-11-07,204.6875
2021-11-08,438.71875
2021-11-09,2254.1562
2021-11-10,2176.6016
2021-11-11,924.96875
2021-11-12,732.9531
2021-11-13,1354.1953
2021-11-14,2894.6719
2021-11-15,3472.1094
2021-11-16,2737.1094
2021-11-17,1972.4062
2021-11-18,1996.0781
2021-11-19,1734.9531
2021-11-20,989.7656
2021-11-21,504.72656
2021-11-22,364.78125
2021-11-23,500.6328
2021-11-24,1566.7578
2021-11-25,1908.8125
2021-11-26,1136.0078
2021-11-27,678.9844
2021-11-28,2453.9062
2021-11-29,6693.1094
2021-11-30,7377.6094
2021-12-01,3925.6406
2021-12-02,1478.0781
2021-12-03,828.6406
2021-12-04,667.3906
2021-12-05,457.90625
2021-12-06,384.0
2021-12-07,429.73438
2021-12-08,369.51562
2021-12-09,317.6875
2021-12-10,361.78125
2021-12-11,320.0
2021-12-12,254.57812
2021-12-13,337.28125
2021-12-14,573.3594
2021-12-15,496.98438
2021-12-16,391.78125
2021-12-17,283.82812
2021-12-18,464.10938
2021-12-19,1221.9531
2021-12-20,1579.0938
2021-12-21,1121.5312
2021-12-22,460.23438
2021-12-23,301.90625
2021-12-24,304.84375
2021-12-25,451.45312
2021-12-26,1123.1562
2021-12-27,2342.8906
2021-12-28,2755.2031
2021-12-29,2042.3125
2021-12-30,1091.9531
2021-12-31,875.0
2022-01-01,773.09375
2022-01-02,645.28125
2022-01-03,813.90625
2022-01-04,693.8281
2022-01-05,416.4375
2022-01-06,288.65625
2022-01-07,243.0
2022-01-08,236.03125
2022-01-09,248.21875
2022-01-10,256.0
2022-01-11,225.40625
2022-01-12,242.375
2022-01-13,319.84375
2022-01-14,243.03125
2022-01-15,194.84375
2022-01-16,180.65625
2022-01-17,174.70312
2022-01-18,187.96875
2022-01-19,379.14062
2022-01-20,672.4531
2022-01-21,473.46875
2022-01-22,278.42188
2022-01-23,205.9375
2022-01-24,186.95312
2022-01-25,180.5
2022-01-26,175.6875
2022-01-27,169.65625
2022-01-28,164.51562
2022-01-29,160.82812
2022-01-30,161.75
2022-01-31,180.34375
2022-02-01,249.21875
2022-02-02,266.29688
2022-02-03,209.82812
2022-02-04,176.76562
2022-02-05,279.76562
2022-02-06,569.2031
2022-02-07,506.21875
2022-02-08,287.42188
2022-02-09,199.71875
2022-02-10,178.98438
2022-02-11,171.46875
2022-02-12,166.82812
2022-02-13,164.5
2022-02-14,172.51562
2022-02-15,221.26562
2022-02-16,274.75
2022-02-17,245.17188
2022-02-18,233.39062
2022-02-19,384.15625
2022-02-20,765.6875
2022-02-21,826.3125
2022-02-22,365.28125
2022-02-23,239.28125
2022-02-24,207.96875
2022-02-25,194.0
2022-02-26,195.875
2022-02-27,223.09375
2022-02-28,296.375
2022-03-01,238.3125
2022-03-02,182.6875
2022-03-03,166.4375
2022-03-04,160.78125
2022-03-05,157.125
2022-03-06,154.25
2022-03-07,152.59375
2022-03-08,163.34375
2022-03-09,222.96875
2022-03-10,195.375
2022-03-11,157.4375
2022-03-12,147.8125
2022-03-13,145.59375
2022-03-14,144.09375
2022-03-15,147.40625
2022-03-16,153.84375
2022-03-17,155.84375
2022-03-18,161.625
2022-03-19,192.5625
2022-03-20,258.96875
2022-03-21,267.84375
2022-03-22,256.65625
2022-03-23,295.75
2022-03-24,595.15625
2022-03-25,728.6875
2022-03-26,381.875
2022-03-27,252.96875
2022-03-28,249.125
2022-03-29,311.34375
2022-03-30,266.625
2022-03-31,1732.8125
2022-04-01,8770.25
2022-04-02,11609.219
2022-04-03,5754.875
2022-04-04,1786.375
2022-04-05,1028.9062
2022-04-06,869.78125
2022-04-07,736.9375
2022-04-08,520.46875
2022-04-09,359.65625
2022-04-10,290.90625
2022-04-11,258.25
2022-04-12,236.40625
2022-04-13,402.09375
2022-04-14,1181.0625
2022-04-15,1016.6875
2022-04-16,431.34375
2022-04-17,374.0625
2022-04-18,276.78125
2022-04-19,225.875
2022-04-20,214.71875
2022-04-21,231.375
2022-04-22,267.5
2022-04-23,343.53125
2022-04-24,471.15625
2022-04-25,521.75
2022-04-26,517.375
2022-04-27,354.75
2022-04-28,298.40625
2022-04-29,240.125
2022-04-30,220.15625
2022-05-01,853.78125
2022-05-02,2149.4375
2022-05-03,1650.25
2022-05-04,615.8125
2022-05-05,374.0625
2022-05-06,292.5
2022-05-07,269.34375
2022-05-08,314.75
2022-05-09,429.90625
2022-05-10,744.53125
2022-05-11,679.28125
2022-05-12,506.875
2022-05-13,400.5
2022-05-14,305.78125
2022-05-15,393.59375
2022-05-16,1027.4375
2022-05-17,1299.7812
2022-05-18,780.34375
2022-05-19,429.15625
2022-05-20,770.5
2022-05-21,1838.1562
2022-05-22,1625.4375
2022-05-23,861.6875
2022-05-24,554.03125
2022-05-25,481.0
2022-05-26,434.25
2022-05-27,458.03125
2022-05-28,364.59375
2022-05-29,407.84375
2022-05-30,337.1875
2022-05-31,300.75
2022-06-01,425.3125
2022-06-02,619.09375
2022-06-03,537.8125
2022-06-04,454.84375
2022-06-05,308.09375
2022-06-06,219.625
2022-06-07,188.09375
2022-06-08,187.125
2022-06-09,199.59375
2022-06-10,195.78125
2022-06-11,179.9375
2022-06-12,167.4375
2022-06-13,172.65625
2022-06-14,176.6875
2022-06-15,174.375
2022-06-16,201.53125
2022-06-17,287.90625
2022-06-18,246.53125
2022-06-19,189.65625
2022-06-20,161.34375
2022-06-21,151.4375
2022-06-22,148.5
2022-06-23,150.53125
2022-06-24,197.0
2022-06-25,328.625
2022-06-26,462.0
2022-06-27,513.25
2022-06-28,414.42188
2022-06-29,283.4375
2022-06-30,221.54688
2022-07-01,205.84375
2022-07-02,225.5625
2022-07-03,243.6875
2022-07-04,209.17188
2022-07-05,170.84375
2022-07-06,155.07812
2022-07-07,159.14062
2022-07-08,185.32812
2022-07-09,322.39062
2022-07-10,716.0781
2022-07-11,942.2344
2022-07-12,685.1094
2022-07-13,705.2344
2022-07-14,1214.6875
2022-07-15,1216.4531
2022-07-16,838.9375
2022-07-17,429.15625
2022-07-18,298.78125
2022-07-19,242.45312
2022-07-20,259.76562
2022-07-21,705.6406
2022-07-22,919.3125
2022-07-23,493.75
2022-07-24,453.17188
2022-07-25,382.65625
2022-07-26,261.03125
2022-07-27,196.45312
2022-07-28,189.28125
2022-07-29,239.8125
2022-07-30,249.20312
2022-07-31,249.67188
2022-08-01,628.9531
2022-08-02,952.2656
2022-08-03,793.40625
2022-08-04,694.9844
2022-08-05,477.0
2022-08-06,436.75
2022-08-07,521.1875
2022-08-08,914.6719
2022-08-09,1890.9062
2022-08-10,1752.8906
2022-08-11,791.4844
2022-08-12,429.70312
2022-08-13,344.70312
2022-08-14,346.42188
2022-08-15,306.4375
2022-08-16,379.67188
2022-08-17,611.96875
2022-08-18,640.8125
2022-08-19,476.53125
2022-08-20,438.20312
2022-08-21,469.32812
2022-08-22,477.01562
2022-08-23,377.21875
2022-08-24,424.96875
2022-08-25,625.3281
2022-08-26,596.6094
2022-08-27,452.90625
2022-08-28,301.3672
2022-08-29,290.28125
2022-08-30,252.42188
2022-08-31,268.04688
2022-09-01,270.28125
2022-09-02,212.44531
2022-09-03,204.20312
2022-09-04,330.14062
2022-09-05,569.5078
2022-09-06,768.09375
2022-09-07,834.71094
2022-09-08,1164.1719
2022-09-09,1078.9141
2022-09-10,728.10156
2022-09-11,668.7578
2022-09-12,375.71094
2022-09-13,279.1875
2022-09-14,311.6797
2022-09-15,445.46094
2022-09-16,669.71875
2022-09-17,696.41406
2022-09-18,750.21875
2022-09-19,710.625
2022-09-20,737.9922
2022-09-21,549.3594
2022-09-22,572.03125
2022-09-23,1148.2891
2022-09-24,1408.6016
2022-09-25,1343.2031
2022-09-26,1265.6719
2022-09-27,3695.4062
2022-09-28,10896.031
2022-09-29,6695.492
2022-09-30,1867.1641
2022-10-01,1126.7188
2022-10-02,1062.7109
2022-10-03,953.4531
2022-10-04,833.2578
2022-10-05,765.1953
2022-10-06,628.33594
2022-10-07,655.77344
2022-10-08,576.3594
2022-10-09,461.46875
2022-10-10,1307.25
2022-10-11,3339.7656
2022-10-12,3155.3125
2022-10-13,1624.0156
2022-10-14,3212.9453
2022-10-15,10025.594
2022-10-16,5797.258
2022-10-17,1446.0781
2022-10-18,1047.1016
2022-10-19,601.6406
2022-10-20,446.73438
2022-10-21,378.10156
2022-10-22,375.4375
2022-10-23,765.71094
2022-10-24,945.8906
2022-10-25,1447.9531
2022-10-26,3562.3672
2022-10-27,2755.6562
2022-10-28,1186.7109
2022-10-29,674.96875
2022-10-30,675.8906
2022-10-31,652.7969
2022-11-01,407.71875
2022-11-02,303.78125
2022-11-03,266.78125
2022-11-04,245.89844
2022-11-05,231.0
2022-11-06,220.03906
2022-11-07,211.27344
2022-11-08,203.36719
2022-11-09,197.63281
2022-11-10,193.35938
2022-11-11,189.73438
2022-11-12,188.52344
2022-11-13,190.79688
2022-11-14,211.84375
2022-11-15,246.80469
2022-11-16,235.41406
2022-11-17,199.8125
2022-11-18,180.14062
2022-11-19,200.67188
2022-11-20,699.2422
2022-11-21,2162.4766
2022-11-22,2825.0078
2022-11-23,1782.7578
2022-11-24,783.6953
2022-11-25,615.4297
2022-11-26,533.22656
2022-11-27,448.875
2022-11-28,523.4297
2022-11-29,424.58594
2022-11-30,350.0078
2022-12-01,282.78906
2022-12-02,749.65625
2022-12-03,2284.1953
2022-12-04,2257.0156
2022-12-05,1745.6484
2022-12-06,2437.2266
2022-12-07,2222.2656
2022-12-08,1555.4922
2022-12-09,1433.2891
2022-12-10,1066.7188
2022-12-11,793.46875
2022-12-12,754.4297
2022-12-13,665.71875
2022-12-14,451.04688
2022-12-15,325.8203
2022-12-16,270.0703
2022-12-17,389.03125
2022-12-18,1427.7656
2022-12-19,1522.3672
2022-12-20,626.0547
2022-12-21,393.60938
2022-12-22,435.92188
2022-12-23,560.71094
2022-12-24,346.39844
2022-12-25,255.83594
2022-12-26,237.14844
2022-12-27,225.32812
2022-12-28,223.92969
2022-12-29,329.92188
2022-12-30,1200.875
2022-12-31,1399.1875
2023-01-01,660.14844
2023-01-02,380.07812
2023-01-03,317.125
2023-01-04,557.96875
2023-01-05,1064.2031
2023-01-06,1212.4219
2023-01-07,983.71875
2023-01-08,696.21875
2023-01-09,692.8281
2023-01-10,839.40625
2023-01-11,475.51562
2023-01-12,321.57812
2023-01-13,257.73438
2023-01-14,236.625
2023-01-15,215.98438
2023-01-16,238.26562
2023-01-17,622.0
2023-01-18,1161.7031
2023-01-19,1004.34375
2023-01-20,649.2344
2023-01-21,403.79688
2023-01-22,284.375
2023-01-23,237.78125
2023-01-24,331.51562
2023-01-25,1419.9531
2023-01-26,1504.8438
2023-01-27,604.78125
2023-01-28,1119.5781
2023-01-29,1489.4375
2023-01-30,858.2344
2023-01-31,460.20312
2023-02-01,308.98438
2023-02-02,255.0625
2023-02-03,232.10938
2023-02-04,220.90625
2023-02-05,207.39062
2023-02-06,195.82812
2023-02-07,188.46875
2023-02-08,182.95312
2023-02-09,178.8125
2023-02-10,175.17188
2023-02-11,172.17188
2023-02-12,169.40625
2023-02-13,166.96875
2023-02-14,190.625
2023-02-15,553.0469
2023-02-16,1428.0469
2023-02-17,1330.2188
2023-02-18,687.5469
2023-02-19,393.45312
2023-02-20,292.34375
2023-02-21,275.21875
2023-02-22,260.75
2023-02-23,273.03125
2023-02-24,262.8125
2023-02-25,231.84375
2023-02-26,411.125
2023-02-27,782.4375
2023-02-28,660.0625
2023-03-01,531.8125
2023-03-02,385.125
2023-03-03,287.59375
2023-03-04,228.375
2023-03-05,207.375
2023-03-06,214.9375
2023-03-07,202.09375
2023-03-08,185.03125
2023-03-09,177.84375
2023-03-10,174.1875
2023-03-11,171.3125
2023-03-12,169.03125
2023-03-13,168.40625
2023-03-14,173.375
2023-03-15,198.6875
2023-03-16,194.5
2023-03-17,180.6875
2023-03-18,177.0625
2023-03-19,176.09375
2023-03-20,175.125
2023-03-21,174.03125
2023-03-22,173.09375
2023-03-23,172.34375
2023-03-24,171.71875
2023-03-25,167.15625
2023-03-26,162.5625
2023-03-27,166.15625
2023-03-28,229.4375
2023-03-29,339.9375
2023-03-30,299.78125
2023-03-31,270.15625
2023-04-01,245.84375
2023-04-02,287.34375
2023-04-03,304.96875
2023-04-04,359.375
2023-04-05,256.09375
2023-04-06,188.8125
2023-04-07,186.78125
2023-04-08,187.40625
2023-04-09,170.0625
2023-04-10,160.25
2023-04-11,156.6875
2023-04-12,155.0625
2023-04-13,154.1875
2023-04-14,153.375
2023-04-15,152.9375
2023-04-16,154.8125
2023-04-17,161.5625
2023-04-18,160.0625
2023-04-19,155.9375
2023-04-20,152.71875
2023-04-21,150.3125
2023-04-22,149.625
2023-04-23,151.8125
2023-04-24,172.46875
2023-04-25,253.21875
2023-04-26,237.46875
2023-04-27,185.4375
2023-04-28,162.28125
2023-04-29,154.65625
2023-04-30,158.4375
2023-05-01,158.96875
2023-05-02,153.34375
2023-05-03,150.1875
2023-05-04,148.84375
2023-05-05,147.90625
2023-05-06,147.1875
2023-05-07,146.53125
2023-05-08,146.15625
2023-05-09,148.28125
2023-05-10,158.53125
2023-05-11,182.40625
2023-05-12,427.25
2023-05-13,974.65625
2023-05-14,1062.0625
2023-05-15,753.5625
2023-05-16,602.90625
2023-05-17,370.03125
2023-05-18,252.9375
2023-05-19,209.65625
2023-05-20,191.28125
2023-05-21,180.5625
2023-05-22,175.1875
2023-05-23,168.6875
2023-05-24,178.0625
2023-05-25,360.0625
2023-05-26,589.0625
2023-05-27,485.75
2023-05-28,474.71875
2023-05-29,412.59375
2023-05-30,267.59375
2023-05-31,197.0625
2023-06-01,183.46875
2023-06-02,174.625
2023-06-03,165.0
2023-06-04,171.84375
2023-06-05,291.875
2023-06-06,463.9375
2023-06-07,515.625
2023-06-08,701.46875
2023-06-09,580.8125
2023-06-10,356.21875
2023-06-11,247.03125
2023-06-12,215.875
2023-06-13,205.9375
2023-06-14,187.71875
2023-06-15,169.64062
2023-06-16,163.59375
2023-06-17,191.3125
2023-06-18,311.42188
2023-06-19,316.0625
2023-06-20,257.9375
2023-06-21,207.3125
2023-06-22,176.0
2023-06-23,178.8125
2023-06-24,176.04688
2023-06-25,203.78125
2023-06-26,518.0469
2023-06-27,751.9219
2023-06-28,551.6406
2023-06-29,485.875
2023-06-30,520.3125
2023-07-01,368.8125
2023-07-02,281.85938
2023-07-03,296.71875
2023-07-04,258.01562
2023-07-05,242.53125
2023-07-06,323.71875
2023-07-07,334.78125
2023-07-08,309.0625
2023-07-09,256.15625
2023-07-10,259.9375
2023-07-11,297.67188
2023-07-12,311.15625
2023-07-13,343.79688
2023-07-14,321.17188
2023-07-15,252.40625
2023-07-16,203.71875
2023-07-17,204.45312
2023-07-18,460.84375
2023-07-19,684.7344
2023-07-20,593.90625
2023-07-21,658.75
2023-07-22,438.48438
2023-07-23,294.42188
2023-07-24,289.95312
2023-07-25,934.53125
2023-07-26,1717.75
2023-07-27,1271.9062
2023-07-28,469.85938
2023-07-29,308.51562
2023-07-30,302.85938
2023-07-31,332.64062
2023-08-01,289.34375
2023-08-02,366.70312
2023-08-03,529.6719
2023-08-04,453.71875
2023-08-05,377.54688
2023-08-06,265.07812
2023-08-07,201.6875
2023-08-08,178.30469
2023-08-09,168.38281
2023-08-10,161.40625
2023-08-11,157.65625
2023-08-12,155.42188
2023-08-13,153.73438
2023-08-14,158.85938
2023-08-15,222.10156
2023-08-16,290.08594
2023-08-17,221.57812
2023-08-18,180.53906
2023-08-19,171.64844
2023-08-20,171.60156
2023-08-21,181.30469
2023-08-22,224.8125
2023-08-23,277.1953
2023-08-24,262.46875
2023-08-25,267.125
2023-08-26,237.77344
2023-08-27,192.78906
2023-08-28,166.61719
2023-08-29,167.11719
2023-08-30,250.5625
2023-08-31,475.82812
2023-09-01,595.4219
2023-09-02,437.58594
2023-09-03,258.5078
2023-09-04,206.99219
2023-09-05,285.64062
2023-09-06,826.8906
2023-09-07,1002.3203
2023-09-08,646.625
2023-09-09,505.25
2023-09-10,390.20312
2023-09-11,424.27344
2023-09-12,324.96875
2023-09-13,235.74219
2023-09-14,232.17969
2023-09-15,566.3906
2023-09-16,1275.9453
2023-09-17,1307.7266
2023-09-18,1149.2031
2023-09-19,1109.9023
2023-09-20,730.5547
2023-09-21,413.15625
2023-09-22,279.32812
2023-09-23,253.60547
2023-09-24,275.1328
2023-09-25,1211.3984
2023-09-26,3037.9062
2023-09-27,2199.7969
2023-09-28,939.2344
2023-09-29,1059.7656
2023-09-30,1100.582
2023-10-01,781.8242
2023-10-02,454.35547
2023-10-03,313.69922
2023-10-04,316.08594
2023-10-05,467.8086
2023-10-06,693.2422
2023-10-07,873.5781
2023-10-08,1384.375
2023-10-09,1620.7344
2023-10-10,2352.6406
2023-10-11,2457.0977
2023-10-12,1778.2344
2023-10-13,2284.3242
2023-10-14,3592.1055
2023-10-15,3335.4766
2023-10-16,3333.0312
2023-10-17,3966.1562
2023-10-18,3767.3633
2023-10-19,2404.2031
2023-10-20,1103.0078
2023-10-21,639.10547
2023-10-22,480.7461
2023-10-23,422.1328
2023-10-24,613.75
2023-10-25,802.3203
2023-10-26,597.6758
2023-10-27,452.875
2023-10-28,391.5664
2023-10-29,416.76172
2023-10-30,472.8672
2023-10-31,950.39453
2023-11-01,1645.7344
2023-11-02,1676.7539
2023-11-03,1112.5781
2023-11-04,571.46094
2023-11-05,360.03516
2023-11-06,294.46094
2023-11-07,290.3789
2023-11-08,301.28516
2023-11-09,359.6172
2023-11-10,403.41797
2023-11-11,322.2422
2023-11-12,252.5039
2023-11-13,346.08984
2023-11-14,1218.6328
2023-11-15,1918.1953
2023-11-16,2087.1094
2023-11-17,2790.8555
2023-11-18,2080.3516
2023-11-19,782.4961
2023-11-20,475.48828
2023-11-21,437.8125
2023-11-22,457.67578
2023-11-23,332.44922
2023-11-24,257.3828
2023-11-25,278.09375
2023-11-26,570.6758
2023-11-27,975.41016
2023-11-28,789.5078
2023-11-29,396.41797
2023-11-30,307.10938
2023-12-01,616.08594
2023-12-02,1896.0391
2023-12-03,2213.8281
2023-12-04,1427.1016
2023-12-05,921.7578
2023-12-06,654.33594
2023-12-07,415.35547
2023-12-08,485.65625
2023-12-09,593.95703
2023-12-10,336.9453
2023-12-11,239.50781
2023-12-12,212.44531
2023-12-13,198.90625
2023-12-14,202.44531
2023-12-15,204.03906
2023-12-16,207.86719
2023-12-17,356.76562
2023-12-18,859.2031
2023-12-19,884.41406
2023-12-20,588.4375
2023-12-21,995.8203
2023-12-22,1501.6953
2023-12-23,1244.3672
2023-12-24,769.96094
2023-12-25,630.1094
2023-12-26,576.5703
2023-12-27,397.5625
2023-12-28,418.03125
2023-12-29,488.64062
2023-12-30,410.625
2023-12-31,377.85938
