date,discharge_m3s
2010-01-01,167.10938
2010-01-02,163.375
2010-01-03,160.85938
2010-01-04,159.09375
2010-01-05,157.42188
2010-01-06,155.5
2010-01-07,154.39062
2010-01-08,154.53125
2010-01-09,154.67188
2010-01-10,152.78125
2010-01-11,152.28125
2010-01-12,285.54688
2010-01-13,951.6875
2010-01-14,952.25
2010-01-15,555.0625
2010-01-16,371.8125
2010-01-17,314.03125
2010-01-18,329.90625
2010-01-19,506.375
2010-01-20,913.78125
2010-01-21,1180.4219
2010-01-22,816.6094
2010-01-23,553.9375
2010-01-24,501.59375
2010-01-25,313.9375
2010-01-26,312.20312
2010-01-27,391.59375
2010-01-28,310.42188
2010-01-29,202.76562
2010-01-30,176.20312
2010-01-31,169.32812
2010-02-01,164.9375
2010-02-02,161.59375
2010-02-03,158.98438
2010-02-04,160.07812
2010-02-05,167.875
2010-02-06,163.26562
2010-02-07,154.4375
2010-02-08,151.75
2010-02-09,150.8125
2010-02-10,149.90625
2010-02-11,149.03125
2010-02-12,148.75
2010-02-13,152.0
2010-02-14,151.53125
2010-02-15,147.90625
2010-02-16,150.3125
2010-02-17,159.90625
2010-02-18,172.53125
2010-02-19,234.6875
2010-02-20,239.96875
2010-02-21,177.5
2010-02-22,156.4375
2010-02-23,208.4375
2010-02-24,260.28125
2010-02-25,178.34375
2010-02-26,167.78125
2010-02-27,155.375
2010-02-28,148.3125
2010-03-01,152.40625
2010-03-02,169.40625
2010-03-03,157.21875
2010-03-04,146.53125
2010-03-05,144.375
2010-03-06,143.65625
2010-03-07,143.125
2010-03-08,143.09375
2010-03-09,164.9375
2010-03-10,331.625
2010-03-11,403.03125
2010-03-12,252.65625
2010-03-13,174.21875
2010-03-14,153.71875
2010-03-15,154.0625
2010-03-16,155.59375
2010-03-17,157.4375
2010-03-18,168.96875
2010-03-19,174.9375
2010-03-20,160.09375
2010-03-21,152.75
2010-03-22,151.21875
2010-03-23,150.34375
2010-03-24,149.625
2010-03-25,148.25
2010-03-26,181.1875
2010-03-27,214.875
2010-03-28,186.4375
2010-03-29,226.28125
2010-03-30,223.03125
2010-03-31,168.3125
2010-04-01,161.34375
2010-04-02,221.84375
2010-04-03,277.09375
2010-04-04,230.40625
2010-04-05,167.125
2010-04-06,152.25
2010-04-07,144.25
2010-04-08,148.5
2010-04-09,161.875
2010-04-10,164.40625
2010-04-11,153.21875
2010-04-12,143.5
2010-04-13,140.375
2010-04-14,147.34375
2010-04-15,176.0625
2010-04-16,158.34375
2010-04-17,148.25
2010-04-18,148.59375
2010-04-19,176.1875
2010-04-20,201.59375
2010-04-21,223.65625
2010-04-22,172.59375
2010-04-23,150.28125
2010-04-24,172.0
2010-04-25,194.90625
2010-04-26,154.4375
2010-04-27,151.25
2010-04-28,233.6875
2010-04-29,539.78125
2010-04-30,787.65625
2010-05-01,603.46875
2010-05-02,400.4375
2010-05-03,457.25
2010-05-04,404.4375
2010-05-05,331.5
2010-05-06,264.4375
2010-05-07,193.53125
2010-05-08,176.25
2010-05-09,187.125
2010-05-10,167.8125
2010-05-11,207.75
2010-05-12,233.71875
2010-05-13,174.25
2010-05-14,153.96875
2010-05-15,157.40625
2010-05-16,208.96875
2010-05-17,227.28125
2010-05-18,168.5
2010-05-19,171.34375
2010-05-20,159.25
2010-05-21,155.34375
2010-05-22,206.5625
2010-05-23,232.1875
2010-05-24,171.65625
2010-05-25,202.375
2010-05-26,329.28125
2010-05-27,319.03125
2010-05-28,208.5625
2010-05-29,177.25
2010-05-30,165.5625
2010-05-31,155.84375
2010-06-01,153.1875
2010-06-02,152.9375
2010-06-03,205.5
2010-06-04,365.90625
2010-06-05,546.125
2010-06-06,731.46875
2010-06-07,723.84375
2010-06-08,561.3125
2010-06-09,462.3125
2010-06-10,447.1875
2010-06-11,495.3125
2010-06-12,425.6875
2010-06-13,512.03125
2010-06-14,438.6875
2010-06-15,232.9375
2010-06-16,184.3125
2010-06-17,177.15625
2010-06-18,178.17188
2010-06-19,171.85938
2010-06-20,185.0625
2010-06-21,243.01562
2010-06-22,239.34375
2010-06-23,276.79688
2010-06-24,186.04688
2010-06-25,153.79688
2010-06-26,149.125
2010-06-27,147.20312
2010-06-28,145.875
2010-06-29,148.26562
2010-06-30,152.875
2010-07-01,221.34375
2010-07-02,573.71875
2010-07-03,674.9531
2010-07-04,413.78125
2010-07-05,315.35938
2010-07-06,294.14062
2010-07-07,199.90625
2010-07-08,168.57812
2010-07-09,169.75
2010-07-10,174.39062
2010-07-11,167.54688
2010-07-12,164.40625
2010-07-13,173.26562
2010-07-14,208.34375
2010-07-15,297.45312
2010-07-16,399.32812
2010-07-17,387.65625
2010-07-18,315.875
2010-07-19,210.21875
2010-07-20,215.92188
2010-07-21,201.75
2010-07-22,219.92188
2010-07-23,220.6875
2010-07-24,424.39062
2010-07-25,1044.5469
2010-07-26,1072.125
2010-07-27,904.5156
2010-07-28,644.6719
2010-07-29,316.23438
2010-07-30,258.85938
2010-07-31,242.21875
2010-08-01,426.96875
2010-08-02,743.8594
2010-08-03,629.84375
2010-08-04,330.92188
2010-08-05,245.14062
2010-08-06,336.34375
2010-08-07,397.625
2010-08-08,398.10938
2010-08-09,477.39062
2010-08-10,530.5625
2010-08-11,664.1875
2010-08-12,701.4844
2010-08-13,615.4219
2010-08-14,576.2656
2010-08-15,601.65625
2010-08-16,622.6719
2010-08-17,700.8125
2010-08-18,796.1875
2010-08-19,569.1719
2010-08-20,692.3594
2010-08-21,1851.5781
2010-08-22,1125.2812
2010-08-23,874.10156
2010-08-24,1975.7734
2010-08-25,1231.8359
2010-08-26,401.65625
2010-08-27,330.76562
2010-08-28,548.8047
2010-08-29,884.35156
2010-08-30,695.4531
2010-08-31,459.77344
2010-09-01,566.03906
2010-09-02,1234.8359
2010-09-03,1913.8438
2010-09-04,1415.3594
2010-09-05,894.1094
2010-09-06,732.375
2010-09-07,550.2031
2010-09-08,335.09375
2010-09-09,279.78906
2010-09-10,272.9922
2010-09-11,401.14062
2010-09-12,521.90625
2010-09-13,547.72656
2010-09-14,446.97656
2010-09-15,452.51562
2010-09-16,440.32812
2010-09-17,352.3672
2010-09-18,641.1719
2010-09-19,770.41406
2010-09-20,598.02344
2010-09-21,369.85938
2010-09-22,249.94531
2010-09-23,347.1172
2010-09-24,604.9922
2010-09-25,476.625
2010-09-26,245.17188
2010-09-27,247.10156
2010-09-28,362.82812
2010-09-29,353.48438
2010-09-30,325.1172
2010-10-01,624.7422
2010-10-02,862.7344
2010-10-03,1137.8594
2010-10-04,1538.8203
2010-10-05,1707.2109
2010-10-06,1191.8516
2010-10-07,975.39844
2010-10-08,1014.4375
2010-10-09,690.71875
2010-10-10,381.39844
2010-10-11,268.875
2010-10-12,251.9375
2010-10-13,253.89844
2010-10-14,434.7422
2010-10-15,1436.7344
2010-10-16,2184.0
2010-10-17,1210.8047
2010-10-18,546.1719
2010-10-19,762.08594
2010-10-20,955.41406
2010-10-21,666.22656
2010-10-22,298.66406
2010-10-23,228.39062
2010-10-24,205.28906
2010-10-25,190.83594
2010-10-26,252.0625
2010-10-27,1433.1719
2010-10-28,3359.086
2010-10-29,2298.4844
2010-10-30,1371.8438
2010-10-31,1217.3828
2010-11-01,1541.3047
2010-11-02,2370.2656
2010-11-03,2098.0547
2010-11-04,1880.7109
2010-11-05,2806.6328
2010-11-06,3769.75
2010-11-07,3161.9844
2010-11-08,1807.2812
2010-11-09,1519.1719
2010-11-10,1578.5234
2010-11-11,1344.3672
2010-11-12,1013.5156
2010-11-13,1238.6172
2010-11-14,4294.9297
2010-11-15,8080.7734
2010-11-16,6406.461
2010-11-17,5372.3203
2010-11-18,2967.7188
2010-11-19,1550.8281
2010-11-20,900.7969
2010-11-21,480.92188
2010-11-22,316.14844
2010-11-23,264.5
2010-11-24,236.07812
2010-11-25,210.85938
2010-11-26,224.32812
2010-11-27,237.96094
2010-11-28,243.72656
2010-11-29,685.3594
2010-11-30,1028.6562
2010-12-01,709.6094
2010-12-02,390.01562
2010-12-03,262.78906
2010-12-04,267.3203
2010-12-05,380.6328
2010-12-06,514.5703
2010-12-07,585.64844
2010-12-08,667.3047
2010-12-09,644.14844
2010-12-10,426.0625
2010-12-11,226.79688
2010-12-12,182.65625
2010-12-13,170.54688
2010-12-14,215.84375
2010-12-15,574.125
2010-12-16,575.59375
2010-12-17,345.01562
2010-12-18,346.8125
2010-12-19,222.03125
2010-12-20,185.4375
2010-12-21,176.23438
2010-12-22,170.82812
2010-12-23,166.9375
2010-12-24,163.6875
2010-12-25,161.64062
2010-12-26,278.29688
2010-12-27,948.0625
2010-12-28,811.09375
2010-12-29,299.625
2010-12-30,221.76562
2010-12-31,201.09375
2011-01-01,196.76562
2011-01-02,201.26562
2011-01-03,180.60938
2011-01-04,170.42188
2011-01-05,189.28125
2011-01-06,242.92188
2011-01-07,659.3125
2011-01-08,1208.6875
2011-01-09,924.5
2011-01-10,618.3594
2011-01-11,523.7969
2011-01-12,384.64062
2011-01-13,309.125
2011-01-14,216.35938
2011-01-15,235.32812
2011-01-16,684.5
2011-01-17,803.0
2011-01-18,488.98438
2011-01-19,338.25
2011-01-20,238.01562
2011-01-21,208.1875
2011-01-22,251.96875
2011-01-23,312.85938
2011-01-24,578.3281
2011-01-25,1053.875
2011-01-26,886.9844
2011-01-27,760.78125
2011-01-28,895.7344
2011-01-29,1211.0781
2011-01-30,1253.9219
2011-01-31,1318.2656
2011-02-01,1288.9531
2011-02-02,946.6875
2011-02-03,628.375
2011-02-04,412.71875
2011-02-05,261.65625
2011-02-06,214.75
2011-02-07,196.03125
2011-02-08,184.96875
2011-02-09,177.28125
2011-02-10,171.625
2011-02-11,167.59375
2011-02-12,165.78125
2011-02-13,174.125
2011-02-14,308.625
2011-02-15,376.6875
2011-02-16,208.09375
2011-02-17,169.46875
2011-02-18,164.25
2011-02-19,163.625
2011-02-20,181.96875
2011-02-21,211.875
2011-02-22,177.46875
2011-02-23,160.375
2011-02-24,155.125
2011-02-25,153.6875
2011-02-26,152.625
2011-02-27,151.875
2011-02-28,151.4375
2011-03-01,150.6875
2011-03-02,150.03125
2011-03-03,150.21875
2011-03-04,153.96875
2011-03-05,177.0
2011-03-06,194.8125
2011-03-07,162.65625
2011-03-08,185.0
2011-03-09,216.15625
2011-03-10,176.53125
2011-03-11,185.09375
2011-03-12,167.5
2011-03-13,152.59375
2011-03-14,148.46875
2011-03-15,152.46875
2011-03-16,206.75
2011-03-17,560.0625
2011-03-18,553.75
2011-03-19,255.1875
2011-03-20,210.78125
2011-03-21,230.0
2011-03-22,259.25
2011-03-23,653.28125
2011-03-24,1300.5
2011-03-25,1428.1562
2011-03-26,1377.2812
2011-03-27,1217.2812
2011-03-28,1050.9688
2011-03-29,897.34375
2011-03-30,694.125
2011-03-31,508.65625
2011-04-01,339.28125
2011-04-02,224.09375
2011-04-03,193.96875
2011-04-04,181.71875
2011-04-05,173.71875
2011-04-06,167.875
2011-04-07,163.5
2011-04-08,160.40625
2011-04-09,158.46875
2011-04-10,157.875
2011-04-11,155.1875
2011-04-12,152.84375
2011-04-13,151.375
2011-04-14,150.09375
2011-04-15,149.09375
2011-04-16,150.875
2011-04-17,184.125
2011-04-18,287.90625
2011-04-19,405.3125
2011-04-20,362.25
2011-04-21,210.78125
2011-04-22,243.9375
2011-04-23,320.125
2011-04-24,402.875
2011-04-25,354.625
2011-04-26,235.09375
2011-04-27,361.75
2011-04-28,532.6875
2011-04-29,479.90625
2011-04-30,379.5
2011-05-01,249.875
2011-05-02,231.21875
2011-05-03,253.96875
2011-05-04,198.25
2011-05-05,170.34375
2011-05-06,172.375
2011-05-07,348.59375
2011-05-08,553.3125
2011-05-09,413.8125
2011-05-10,262.53125
2011-05-11,247.78125
2011-05-12,198.21875
2011-05-13,333.1875
2011-05-14,1031.4688
2011-05-15,1092.625
2011-05-16,950.71875
2011-05-17,1067.875
2011-05-18,827.03125
2011-05-19,639.15625
2011-05-20,616.90625
2011-05-21,453.9375
2011-05-22,267.78125
2011-05-23,379.9375
2011-05-24,1115.6875
2011-05-25,1026.1562
2011-05-26,727.21875
2011-05-27,625.125
2011-05-28,376.46875
2011-05-29,281.9375
2011-05-30,266.8125
2011-05-31,254.53125
2011-06-01,461.15625
2011-06-02,702.53125
2011-06-03,750.6875
2011-06-04,708.46875
2011-06-05,537.21875
2011-06-06,739.28125
2011-06-07,845.4375
2011-06-08,634.84375
2011-06-09,683.96875
2011-06-10,635.4375
2011-06-11,363.4375
2011-06-12,391.3125
2011-06-13,543.5625
2011-06-14,537.8125
2011-06-15,508.4375
2011-06-16,401.4375
2011-06-17,250.75
2011-06-18,251.90625
2011-06-19,656.53125
2011-06-20,917.6875
2011-06-21,604.59375
2011-06-22,367.71875
2011-06-23,251.35938
2011-06-24,213.59375
2011-06-25,201.07812
2011-06-26,195.35938
2011-06-27,174.84375
2011-06-28,165.29688
2011-06-29,167.01562
2011-06-30,175.4375
2011-07-01,192.45312
2011-07-02,194.375
2011-07-03,179.46875
2011-07-04,170.875
2011-07-05,182.39062
2011-07-06,199.67188
2011-07-07,180.625
2011-07-08,157.04688
2011-07-09,150.98438
2011-07-10,157.82812
2011-07-11,242.5
2011-07-12,317.40625
2011-07-13,227.76562
2011-07-14,208.40625
2011-07-15,319.14062
2011-07-16,327.0
2011-07-17,194.57812
2011-07-18,163.125
2011-07-19,158.90625
2011-07-20,169.1875
2011-07-21,180.71875
2011-07-22,166.90625
2011-07-23,181.1875
2011-07-24,228.71875
2011-07-25,257.21875
2011-07-26,276.9375
2011-07-27,280.9375
2011-07-28,243.10938
2011-07-29,190.10938
2011-07-30,200.35938
2011-07-31,196.40625
2011-08-01,233.60938
2011-08-02,239.14062
2011-08-03,236.1875
2011-08-04,241.42188
2011-08-05,200.57812
2011-08-06,182.01562
2011-08-07,175.42188
2011-08-08,193.65625
2011-08-09,208.21875
2011-08-10,168.60938
2011-08-11,155.375
2011-08-12,167.92188
2011-08-13,190.14062
2011-08-14,224.23438
2011-08-15,229.48438
2011-08-16,268.04688
2011-08-17,312.125
2011-08-18,240.125
2011-08-19,242.0625
2011-08-20,272.60938
2011-08-21,316.20312
2011-08-22,367.51562
2011-08-23,260.3125
2011-08-24,225.80469
2011-08-25,196.07031
2011-08-26,200.92969
2011-08-27,173.54688
2011-08-28,159.14062
2011-08-29,158.88281
2011-08-30,201.60938
2011-08-31,271.17188
2011-09-01,256.08594
2011-09-02,264.08594
2011-09-03,203.92969
2011-09-04,260.9297
2011-09-05,404.89844
2011-09-06,424.58594
2011-09-07,515.3906
2011-09-08,589.39844
2011-09-09,700.6797
2011-09-10,1101.7109
2011-09-11,1503.3203
2011-09-12,1065.2109
2011-09-13,511.09375
2011-09-14,427.01562
2011-09-15,520.6875
2011-09-16,613.6328
2011-09-17,434.9922
2011-09-18,306.0
2011-09-19,305.70312
2011-09-20,455.65625
2011-09-21,716.33594
2011-09-22,3528.3203
2011-09-23,10479.711
2011-09-24,11011.961
2011-09-25,6898.961
2011-09-26,4377.4375
2011-09-27,4760.9062
2011-09-28,2310.2656
2011-09-29,818.03906
2011-09-30,467.78125
2011-10-01,478.5703
2011-10-02,1716.4922
2011-10-03,3544.6953
2011-10-04,3069.4297
2011-10-05,1791.1484
2011-10-06,832.39844
2011-10-07,690.2578
2011-10-08,839.9531
2011-10-09,775.65625
2011-10-10,1074.8359
2011-10-11,1219.9219
2011-10-12,1686.5859
2011-10-13,1461.0
2011-10-14,1265.3594
2011-10-15,1920.8594
2011-10-16,2101.3516
2011-10-17,2249.6719
2011-10-18,2626.9375
2011-10-19,3048.7344
2011-10-20,2257.7969
2011-10-21,1128.5078
2011-10-22,509.03906
2011-10-23,339.60156
2011-10-24,264.3125
2011-10-25,274.09375
2011-10-26,533.83594
2011-10-27,899.64844
2011-10-28,1279.4297
2011-10-29,1200.0312
2011-10-30,880.75
2011-10-31,874.77344
2011-11-01,871.08594
2011-11-02,884.5547
2011-11-03,666.8047
2011-11-04,546.27344
2011-11-05,1085.9688
2011-11-06,2260.9453
2011-11-07,7802.3125
2011-11-08,12563.4375
2011-11-09,4690.242
2011-11-10,1059.3906
2011-11-11,553.21875
2011-11-12,401.97656
2011-11-13,319.6797
2011-11-14,270.78125
2011-11-15,290.01562
2011-11-16,601.7969
2011-11-17,698.1953
2011-11-18,445.96875
2011-11-19,252.50781
2011-11-20,213.16406
2011-11-21,353.375
2011-11-22,919.8906
2011-11-23,1375.8594
2011-11-24,1503.2422
2011-11-25,1497.8984
2011-11-26,1557.1719
2011-11-27,1220.2031
2011-11-28,688.375
2011-11-29,331.03125
2011-11-30,250.46875
2011-12-01,311.625
2011-12-02,960.0469
2011-12-03,881.59375
2011-12-04,429.84375
2011-12-05,282.59375
2011-12-06,332.48438
2011-12-07,404.76562
2011-12-08,774.09375
2011-12-09,1865.9062
2011-12-10,2139.7031
2011-12-11,1630.7812
2011-12-12,850.0781
2011-12-13,356.07812
2011-12-14,267.82812
2011-12-15,310.23438
2011-12-16,1112.5781
2011-12-17,1893.7969
2011-12-18,1649.8281
2011-12-19,1166.0938
2011-12-20,724.4844
2011-12-21,435.6875
2011-12-22,583.84375
2011-12-23,1432.7656
2011-12-24,1819.8281
2011-12-25,1320.2031
2011-12-26,727.46875
2011-12-27,383.95312
2011-12-28,329.3125
2011-12-29,310.34375
2011-12-30,309.375
2011-12-31,1125.0156
2012-01-01,1723.8281
2012-01-02,1413.8281
2012-01-03,776.7344
2012-01-04,361.82812
2012-01-05,325.64062
2012-01-06,310.67188
2012-01-07,264.3125
2012-01-08,532.1719
2012-01-09,614.2344
2012-01-10,361.28125
2012-01-11,284.4375
2012-01-12,799.90625
2012-01-13,1321.25
2012-01-14,821.21875
2012-01-15,401.28125
2012-01-16,652.1875
2012-01-17,893.4375
2012-01-18,545.28125
2012-01-19,283.90625
2012-01-20,221.15625
2012-01-21,231.03125
2012-01-22,383.90625
2012-01-23,923.1875
2012-01-24,732.84375
2012-01-25,340.71875
2012-01-26,369.15625
2012-01-27,390.90625
2012-01-28,236.75
2012-01-29,197.96875
2012-01-30,224.4375
2012-01-31,491.875
2012-02-01,617.1875
2012-02-02,406.71875
2012-02-03,251.0
2012-02-04,230.6875
2012-02-05,215.71875
2012-02-06,214.25
2012-02-07,226.0
2012-02-08,180.96875
2012-02-09,172.6875
2012-02-10,171.34375
2012-02-11,166.96875
2012-02-12,165.3125
2012-02-13,165.5625
2012-02-14,165.71875
2012-02-15,161.8125
2012-02-16,243.6875
2012-02-17,1098.4375
2012-02-18,1662.4062
2012-02-19,1246.75
2012-02-20,816.40625
2012-02-21,497.125
2012-02-22,286.375
2012-02-23,244.375
2012-02-24,223.625
2012-02-25,199.625
2012-02-26,188.0625
2012-02-27,205.34375
2012-02-28,228.09375
2012-02-29,184.28125
2012-03-01,170.0
2012-03-02,166.375
2012-03-03,164.15625
2012-03-04,162.53125
2012-03-05,160.90625
2012-03-06,159.5625
2012-03-07,166.65625
2012-03-08,295.375
2012-03-09,765.90625
2012-03-10,907.0625
2012-03-11,537.9375
2012-03-12,330.34375
2012-03-13,257.625
2012-03-14,216.59375
2012-03-15,199.75
2012-03-16,187.28125
2012-03-17,182.1875
2012-03-18,212.0625
2012-03-19,492.9375
2012-03-20,875.71875
2012-03-21,990.34375
2012-03-22,648.78125
2012-03-23,352.0625
2012-03-24,282.5625
2012-03-25,277.875
2012-03-26,207.65625
2012-03-27,191.125
2012-03-28,205.53125
2012-03-29,195.46875
2012-03-30,172.21875
2012-03-31,180.09375
2012-04-01,474.34375
2012-04-02,817.65625
2012-04-03,602.90625
2012-04-04,568.5625
2012-04-05,593.1875
2012-04-06,413.1875
2012-04-07,457.46875
2012-04-08,552.6875
2012-04-09,491.625
2012-04-10,304.6875
2012-04-11,281.21875
2012-04-12,343.375
2012-04-13,435.375
2012-04-14,457.75
2012-04-15,306.375
2012-04-16,233.0
2012-04-17,288.71875
2012-04-18,304.6875
2012-04-19,253.375
2012-04-20,294.75
2012-04-21,319.6875
2012-04-22,473.03125
2012-04-23,523.8125
2012-04-24,339.5625
2012-04-25,256.0625
2012-04-26,194.40625
2012-04-27,183.25
2012-04-28,214.96875
2012-04-29,275.5
2012-04-30,289.625
2012-05-01,208.96875
2012-05-02,188.28125
2012-05-03,191.84375
2012-05-04,183.625
2012-05-05,219.8125
2012-05-06,261.875
2012-05-07,199.78125
2012-05-08,198.75
2012-05-09,212.34375
2012-05-10,231.46875
2012-05-11,181.375
2012-05-12,216.53125
2012-05-13,330.09375
2012-05-14,332.78125
2012-05-15,332.8125
2012-05-16,317.4375
2012-05-17,503.0625
2012-05-18,818.46875
2012-05-19,596.71875
2012-05-20,308.75
2012-05-21,224.8125
2012-05-22,210.09375
2012-05-23,216.96875
2012-05-24,238.125
2012-05-25,283.96875
2012-05-26,467.28125
2012-05-27,584.3125
2012-05-28,644.28125
2012-05-29,633.15625
2012-05-30,698.40625
2012-05-31,1116.2812
2012-06-01,1283.3438
2012-06-02,1446.5625
2012-06-03,1089.0625
2012-06-04,691.375
2012-06-05,492.53125
2012-06-06,382.09375
2012-06-07,394.4375
2012-06-08,760.4375
2012-06-09,696.0625
2012-06-10,360.375
2012-06-11,255.71875
2012-06-12,207.46875
2012-06-13,188.71875
2012-06-14,180.21875
2012-06-15,175.23438
2012-06-16,269.125
2012-06-17,1344.9062
2012-06-18,2039.3281
2012-06-19,1113.8125
2012-06-20,408.79688
2012-06-21,315.0625
2012-06-22,253.96875
2012-06-23,215.54688
2012-06-24,196.92188
2012-06-25,187.90625
2012-06-26,179.28125
2012-06-27,172.25
2012-06-28,168.39062
2012-06-29,177.375
2012-06-30,221.82812
2012-07-01,237.1875
2012-07-02,330.09375
2012-07-03,400.1875
2012-07-04,332.34375
2012-07-05,457.23438
2012-07-06,676.875
2012-07-07,526.90625
2012-07-08,320.125
2012-07-09,331.8125
2012-07-10,428.375
2012-07-11,472.57812
2012-07-12,486.0
2012-07-13,394.45312
2012-07-14,276.875
2012-07-15,250.15625
2012-07-16,231.57812
2012-07-17,193.14062
2012-07-18,187.51562
2012-07-19,227.14062
2012-07-20,256.85938
2012-07-21,285.25
2012-07-22,329.73438
2012-07-23,212.82812
2012-07-24,183.03125
2012-07-25,218.89062
2012-07-26,234.51562
2012-07-27,179.15625
2012-07-28,162.07812
2012-07-29,167.96875
2012-07-30,261.04688
2012-07-31,363.76562
2012-08-01,283.17188
2012-08-02,221.25
2012-08-03,195.42188
2012-08-04,199.5625
2012-08-05,188.875
2012-08-06,178.51562
2012-08-07,164.1875
2012-08-08,157.9375
2012-08-09,160.20312
2012-08-10,158.42188
2012-08-11,155.89062
2012-08-12,154.89062
2012-08-13,152.4375
2012-08-14,151.25
2012-08-15,157.9375
2012-08-16,190.6875
2012-08-17,204.78125
2012-08-18,215.625
2012-08-19,202.98438
2012-08-20,182.98438
2012-08-21,194.79688
2012-08-22,183.96875
2012-08-23,1388.1562
2012-08-24,2621.5469
2012-08-25,1715.1719
2012-08-26,916.4844
2012-08-27,562.03125
2012-08-28,389.33594
2012-08-29,370.2422
2012-08-30,340.14062
2012-08-31,242.5625
2012-09-01,216.09375
2012-09-02,260.65625
2012-09-03,423.6797
2012-09-04,530.21094
2012-09-05,538.5
2012-09-06,856.8828
2012-09-07,1077.375
2012-09-08,770.83594
2012-09-09,438.45312
2012-09-10,289.3047
2012-09-11,226.88281
2012-09-12,266.98438
2012-09-13,393.95312
2012-09-14,703.33594
2012-09-15,1473.4531
2012-09-16,1370.2891
2012-09-17,674.64844
2012-09-18,402.09375
2012-09-19,329.67188
2012-09-20,247.53125
2012-09-21,217.01562
2012-09-22,207.13281
2012-09-23,259.47656
2012-09-24,263.29688
2012-09-25,191.9375
2012-09-26,227.85938
2012-09-27,660.0547
2012-09-28,829.1875
2012-09-29,556.4375
2012-09-30,339.1875
2012-10-01,242.14844
2012-10-02,233.92188
2012-10-03,272.71875
2012-10-04,424.03125
2012-10-05,396.9453
2012-10-06,739.8047
2012-10-07,2737.7188
2012-10-08,1954.0234
2012-10-09,837.9531
2012-10-10,469.39844
2012-10-11,316.71875
2012-10-12,253.14062
2012-10-13,231.94531
2012-10-14,211.5
2012-10-15,192.9375
2012-10-16,183.32812
2012-10-17,176.96875
2012-10-18,172.17188
2012-10-19,168.66406
2012-10-20,165.8125
2012-10-21,163.65625
2012-10-22,162.08594
2012-10-23,161.9375
2012-10-24,169.67188
2012-10-25,179.14844
2012-10-26,165.33594
2012-10-27,235.375
2012-10-28,684.72656
2012-10-29,642.9922
2012-10-30,294.71875
2012-10-31,369.91406
2012-11-01,542.03125
2012-11-02,514.1328
2012-11-03,356.0078
2012-11-04,235.97656
2012-11-05,208.53906
2012-11-06,188.97656
2012-11-07,205.9375
2012-11-08,211.95312
2012-11-09,184.375
2012-11-10,168.67969
2012-11-11,164.44531
2012-11-12,228.49219
2012-11-13,390.0703
2012-11-14,394.5078
2012-11-15,380.95312
2012-11-16,523.8203
2012-11-17,745.9531
2012-11-18,1154.7422
2012-11-19,811.9844
2012-11-20,357.41406
2012-11-21,246.4375
2012-11-22,210.75
2012-11-23,199.22656
2012-11-24,208.35938
2012-11-25,182.97656
2012-11-26,172.44531
2012-11-27,171.78125
2012-11-28,173.73438
2012-11-29,162.625
2012-11-30,155.47656
2012-12-01,152.39062
2012-12-02,150.83594
2012-12-03,148.05469
2012-12-04,146.28125
2012-12-05,170.03906
2012-12-06,361.39844
2012-12-07,397.96094
2012-12-08,225.67188
2012-12-09,178.4375
2012-12-10,163.86719
2012-12-11,155.73438
2012-12-12,155.67188
2012-12-13,182.53125
2012-12-14,190.70312
2012-12-15,170.1875
2012-12-16,159.64062
2012-12-17,155.71875
2012-12-18,157.90625
2012-12-19,221.5625
2012-12-20,276.14062
2012-12-21,186.6875
2012-12-22,168.51562
2012-12-23,540.4219
2012-12-24,1455.1719
2012-12-25,1014.71875
2012-12-26,396.65625
2012-12-27,283.70312
2012-12-28,253.3125
2012-12-29,234.125
2012-12-30,395.65625
2012-12-31,555.65625
2013-01-01,431.5
2013-01-02,247.98438
2013-01-03,196.3125
2013-01-04,197.53125
2013-01-05,279.95312
2013-01-06,389.4375
2013-01-07,553.03125
2013-01-08,527.40625
2013-01-09,365.92188
2013-01-10,745.1719
2013-01-11,792.8594
2013-01-12,522.03125
2013-01-13,322.14062
2013-01-14,218.875
2013-01-15,191.0625
2013-01-16,180.53125
2013-01-17,173.5
2013-01-18,170.98438
2013-01-19,201.1875
2013-01-20,225.67188
2013-01-21,181.125
2013-01-22,162.23438
2013-01-23,157.95312
2013-01-24,156.23438
2013-01-25,155.39062
2013-01-26,155.57812
2013-01-27,155.23438
2013-01-28,154.25
2013-01-29,163.45312
2013-01-30,165.57812
2013-01-31,153.71875
2013-02-01,151.375
2013-02-02,150.84375
2013-02-03,150.625
2013-02-04,150.125
2013-02-05,149.375
2013-02-06,148.84375
2013-02-07,148.15625
2013-02-08,147.78125
2013-02-09,148.3125
2013-02-10,159.5
2013-02-11,172.0625
2013-02-12,162.875
2013-02-13,153.15625
2013-02-14,151.3125
2013-02-15,150.46875
2013-02-16,149.28125
2013-02-17,152.15625
2013-02-18,154.875
2013-02-19,149.09375
2013-02-20,146.53125
2013-02-21,147.53125
2013-02-22,170.59375
2013-02-23,292.46875
2013-02-24,584.3125
2013-02-25,634.65625
2013-02-26,361.8125
2013-02-27,210.28125
2013-02-28,179.125
2013-03-01,169.3125
2013-03-02,163.21875
2013-03-03,267.84375
2013-03-04,875.21875
2013-03-05,861.96875
2013-03-06,451.4375
2013-03-07,261.1875
2013-03-08,210.5625
2013-03-09,190.59375
2013-03-10,178.75
2013-03-11,170.90625
2013-03-12,177.78125
2013-03-13,237.1875
2013-03-14,362.28125
2013-03-15,446.28125
2013-03-16,315.8125
2013-03-17,199.5
2013-03-18,173.28125
2013-03-19,170.96875
2013-03-20,217.3125
2013-03-21,301.59375
2013-03-22,319.3125
2013-03-23,377.28125
2013-03-24,331.84375
2013-03-25,224.53125
2013-03-26,200.5
2013-03-27,332.625
2013-03-28,401.59375
2013-03-29,238.96875
2013-03-30,207.28125
2013-03-31,190.5625
2013-04-01,283.75
2013-04-02,336.0
2013-04-03,202.96875
2013-04-04,162.15625
2013-04-05,154.96875
2013-04-06,152.09375
2013-04-07,151.125
2013-04-08,153.125
2013-04-09,210.34375
2013-04-10,429.5625
2013-04-11,515.375
2013-04-12,527.59375
2013-04-13,809.65625
2013-04-14,668.59375
2013-04-15,327.625
2013-04-16,228.84375
2013-04-17,385.09375
2013-04-18,780.6875
2013-04-19,692.0625
2013-04-20,407.4375
2013-04-21,416.46875
2013-04-22,560.40625
2013-04-23,456.59375
2013-04-24,468.375
2013-04-25,510.96875
2013-04-26,676.125
2013-04-27,1008.5
2013-04-28,717.6875
2013-04-29,448.0625
2013-04-30,592.34375
2013-05-01,567.6875
2013-05-02,458.78125
2013-05-03,405.5
2013-05-04,351.53125
2013-05-05,813.90625
2013-05-06,978.875
2013-05-07,721.09375
2013-05-08,945.5
2013-05-09,902.25
2013-05-10,780.125
2013-05-11,1066.375
2013-05-12,1319.375
2013-05-13,851.71875
2013-05-14,429.5
2013-05-15,263.96875
2013-05-16,227.21875
2013-05-17,218.28125
2013-05-18,215.1875
2013-05-19,265.90625
2013-05-20,271.09375
2013-05-21,219.125
2013-05-22,216.28125
2013-05-23,240.4375
2013-05-24,212.03125
2013-05-25,234.78125
2013-05-26,264.03125
2013-05-27,255.5
2013-05-28,188.6875
2013-05-29,188.5
2013-05-30,229.1875
2013-05-31,244.25
2013-06-01,288.8125
2013-06-02,332.96875
2013-06-03,399.53125
2013-06-04,942.21875
2013-06-05,1171.5312
2013-06-06,990.0
2013-06-07,749.375
2013-06-08,473.5
2013-06-09,262.53125
2013-06-10,316.40625
2013-06-11,758.03125
2013-06-12,931.0
2013-06-13,1309.5312
2013-06-14,1322.6562
2013-06-15,791.78125
2013-06-16,443.5625
2013-06-17,357.25
2013-06-18,275.96875
2013-06-19,283.71875
2013-06-20,233.59375
2013-06-21,281.28125
2013-06-22,674.0469
2013-06-23,717.6094
2013-06-24,378.51562
2013-06-25,248.1875
2013-06-26,194.53125
2013-06-27,180.5625
2013-06-28,170.90625
2013-06-29,165.76562
2013-06-30,174.53125
2013-07-01,179.65625
2013-07-02,213.875
2013-07-03,206.875
2013-07-04,242.78125
2013-07-05,343.65625
2013-07-06,366.42188
2013-07-07,538.7344
2013-07-08,610.2656
2013-07-09,562.5469
2013-07-10,470.4375
2013-07-11,364.23438
2013-07-12,392.84375
2013-07-13,381.10938
2013-07-14,307.34375
2013-07-15,308.76562
2013-07-16,450.625
2013-07-17,789.9844
2013-07-18,647.03125
2013-07-19,414.85938
2013-07-20,937.3906
2013-07-21,1837.6406
2013-07-22,1498.9531
2013-07-23,1177.8906
2013-07-24,1524.4062
2013-07-25,1546.7031
2013-07-26,809.5781
2013-07-27,358.85938
2013-07-28,297.14062
2013-07-29,265.15625
2013-07-30,244.51562
2013-07-31,407.60938
2013-08-01,617.53125
2013-08-02,491.0
2013-08-03,322.85938
2013-08-04,325.60938
2013-08-05,372.0
2013-08-06,502.25
2013-08-07,510.32812
2013-08-08,420.71875
2013-08-09,321.96875
2013-08-10,452.53125
2013-08-11,488.5625
2013-08-12,370.0625
2013-08-13,392.32812
2013-08-14,328.76562
2013-08-15,208.42188
2013-08-16,175.53125
2013-08-17,167.34375
2013-08-18,163.32812
2013-08-19,160.59375
2013-08-20,159.625
2013-08-21,159.39062
2013-08-22,167.125
2013-08-23,181.09375
2013-08-24,180.0
2013-08-25,163.25
2013-08-26,179.10938
2013-08-27,271.17188
2013-08-28,320.59375
2013-08-29,273.03125
2013-08-30,226.42188
2013-08-31,176.79688
2013-09-01,183.4375
2013-09-02,261.34375
2013-09-03,320.26562
2013-09-04,221.84375
2013-09-05,254.21875
2013-09-06,373.5625
2013-09-07,490.45312
2013-09-08,412.20312
2013-09-09,314.82812
2013-09-10,643.875
2013-09-11,1385.3594
2013-09-12,1274.2812
2013-09-13,1234.9375
2013-09-14,1035.5781
2013-09-15,1013.0156
2013-09-16,1142.2969
2013-09-17,2389.9688
2013-09-18,6014.672
2013-09-19,5967.6094
2013-09-20,2395.7734
2013-09-21,1968.9062
2013-09-22,3912.8984
2013-09-23,3051.9688
2013-09-24,1503.1953
2013-09-25,1339.9766
2013-09-26,3708.4297
2013-09-27,3438.0078
2013-09-28,1636.6953
2013-09-29,689.47656
2013-09-30,1461.6328
2013-10-01,2731.8672
2013-10-02,2204.2734
2013-10-03,2584.3594
2013-10-04,2311.961
2013-10-05,1482.3281
2013-10-06,771.34375
2013-10-07,366.89844
2013-10-08,281.0625
2013-10-09,242.74219
2013-10-10,218.78906
2013-10-11,203.15625
2013-10-12,200.49219
2013-10-13,201.60938
2013-10-14,1414.6484
2013-10-15,5704.6094
2013-10-16,4925.9375
2013-10-17,2280.0469
2013-10-18,1236.5625
2013-10-19,1017.1953
2013-10-20,1411.6875
2013-10-21,1366.8672
2013-10-22,802.66406
2013-10-23,450.67188
2013-10-24,340.15625
2013-10-25,278.9453
2013-10-26,261.60938
2013-10-27,254.13281
2013-10-28,219.07031
2013-10-29,189.89062
2013-10-30,188.66406
2013-10-31,187.03906
2013-11-01,173.92969
2013-11-02,168.15625
2013-11-03,164.94531
2013-11-04,184.27344
2013-11-05,504.23438
2013-11-06,1565.7188
2013-11-07,3028.6875
2013-11-08,2501.6875
2013-11-09,1499.8594
2013-11-10,1980.3594
2013-11-11,2097.6094
2013-11-12,1030.2969
2013-11-13,549.9219
2013-11-14,770.7031
2013-11-15,2787.1562
2013-11-16,6338.922
2013-11-17,5444.9062
2013-11-18,2593.2656
2013-11-19,1202.2969
2013-11-20,1094.6406
2013-11-21,846.5469
2013-11-22,472.21875
2013-11-23,478.375
2013-11-24,428.5625
2013-11-25,270.90625
2013-11-26,362.78125
2013-11-27,383.39062
2013-11-28,390.73438
2013-11-29,1455.0625
2013-11-30,1552.1562
2013-12-01,963.71875
2013-12-02,586.9219
2013-12-03,389.35938
2013-12-04,270.03125
2013-12-05,373.54688
2013-12-06,393.5625
2013-12-07,227.10938
2013-12-08,191.76562
2013-12-09,176.34375
2013-12-10,168.54688
2013-12-11,164.53125
2013-12-12,161.57812
2013-12-13,161.5
2013-12-14,277.54688
2013-12-15,1139.4531
2013-12-16,936.21875
2013-12-17,374.625
2013-12-18,352.32812
2013-12-19,310.64062
2013-12-20,235.21875
2013-12-21,198.375
2013-12-22,200.25
2013-12-23,341.34375
2013-12-24,489.21875
2013-12-25,499.0625
2013-12-26,431.26562
2013-12-27,277.45312
2013-12-28,293.84375
2013-12-29,347.20312
2013-12-30,288.23438
2013-12-31,239.57812
2014-01-01,221.64062
2014-01-02,196.73438
2014-01-03,173.45312
2014-01-04,167.125
2014-01-05,181.1875
2014-01-06,197.78125
2014-01-07,169.42188
2014-01-08,161.40625
2014-01-09,161.21875
2014-01-10,208.25
2014-01-11,276.46875
2014-01-12,257.5
2014-01-13,476.51562
2014-01-14,1070.0156
2014-01-15,878.375
2014-01-16,415.03125
2014-01-17,291.4375
2014-01-18,536.90625
2014-01-19,677.6719
2014-01-20,461.21875
2014-01-21,449.28125
2014-01-22,469.84375
2014-01-23,288.875
2014-01-24,208.90625
2014-01-25,185.9375
2014-01-26,178.4375
2014-01-27,173.6875
2014-01-28,170.1875
2014-01-29,167.53125
2014-01-30,165.71875
2014-01-31,163.5625
2014-02-01,161.6875
2014-02-02,160.03125
2014-02-03,158.71875
2014-02-04,157.78125
2014-02-05,157.09375
2014-02-06,156.125
2014-02-07,155.3125
2014-02-08,154.53125
2014-02-09,153.8125
2014-02-10,156.21875
2014-02-11,202.53125
2014-02-12,269.84375
2014-02-13,213.09375
2014-02-14,178.28125
2014-02-15,172.53125
2014-02-16,160.6875
2014-02-17,155.4375
2014-02-18,153.8125
2014-02-19,155.28125
2014-02-20,161.03125
2014-02-21,156.875
2014-02-22,153.3125
2014-02-23,152.03125
2014-02-24,151.46875
2014-02-25,150.875
2014-02-26,150.125
2014-02-27,149.6875
2014-02-28,149.28125
2014-03-01,148.75
2014-03-02,148.21875
2014-03-03,147.9375
2014-03-04,147.90625
2014-03-05,148.71875
2014-03-06,148.0625
2014-03-07,147.78125
2014-03-08,149.3125
2014-03-09,153.46875
2014-03-10,155.875
2014-03-11,159.71875
2014-03-12,149.78125
2014-03-13,146.71875
2014-03-14,147.03125
2014-03-15,155.40625
2014-03-16,163.0625
2014-03-17,157.40625
2014-03-18,154.46875
2014-03-19,153.6875
2014-03-20,153.40625
2014-03-21,160.78125
2014-03-22,198.125
2014-03-23,230.25
2014-03-24,230.75
2014-03-25,183.28125
2014-03-26,155.625
2014-03-27,147.5
2014-03-28,145.90625
2014-03-29,145.15625
2014-03-30,147.3125
2014-03-31,159.40625
2014-04-01,152.09375
2014-04-02,145.84375
2014-04-03,169.40625
2014-04-04,245.0
2014-04-05,393.84375
2014-04-06,440.5625
2014-04-07,332.46875
2014-04-08,428.3125
2014-04-09,519.28125
2014-04-10,421.25
2014-04-11,328.8125
2014-04-12,333.75
2014-04-13,254.21875
2014-04-14,185.3125
2014-04-15,162.53125
2014-04-16,156.59375
2014-04-17,153.46875
2014-04-18,151.5625
2014-04-19,150.375
2014-04-20,148.34375
2014-04-21,147.09375
2014-04-22,146.34375
2014-04-23,145.5
2014-04-24,146.09375
2014-04-25,149.21875
2014-04-26,145.0
2014-04-27,143.25
2014-04-28,156.9375
2014-04-29,292.6875
2014-04-30,614.75
2014-05-01,1172.4688
2014-05-02,1373.1875
2014-05-03,928.125
2014-05-04,648.3125
2014-05-05,572.4375
2014-05-06,631.46875
2014-05-07,623.5625
2014-05-08,425.5
2014-05-09,447.84375
2014-05-10,398.65625
2014-05-11,225.28125
2014-05-12,185.90625
2014-05-13,204.8125
2014-05-14,229.96875
2014-05-15,188.1875
2014-05-16,165.84375
2014-05-17,167.15625
2014-05-18,182.15625
2014-05-19,184.84375
2014-05-20,164.75
2014-05-21,165.125
2014-05-22,170.15625
2014-05-23,156.03125
2014-05-24,152.25
2014-05-25,166.34375
2014-05-26,208.0
2014-05-27,238.65625
2014-05-28,257.78125
2014-05-29,284.84375
2014-05-30,195.125
2014-05-31,197.34375
2014-06-01,242.625
2014-06-02,240.46875
2014-06-03,260.5625
2014-06-04,249.46875
2014-06-05,245.8125
2014-06-06,178.5
2014-06-07,155.5
2014-06-08,168.59375
2014-06-09,193.34375
2014-06-10,188.125
2014-06-11,164.53125
2014-06-12,191.40625
2014-06-13,355.28125
2014-06-14,435.75
2014-06-15,248.375
2014-06-16,180.0
2014-06-17,167.53125
2014-06-18,177.59375
2014-06-19,200.6875
2014-06-20,169.53125
2014-06-21,156.21875
2014-06-22,154.65625
2014-06-23,182.5625
2014-06-24,250.03125
2014-06-25,241.90625
2014-06-26,178.84375
2014-06-27,160.15625
2014-06-28,152.375
2014-06-29,220.15625
2014-06-30,656.9375
2014-07-01,669.5625
2014-07-02,334.46875
2014-07-03,264.4375
2014-07-04,260.71875
2014-07-05,429.40625
2014-07-06,477.9375
2014-07-07,308.42188
2014-07-08,218.67188
2014-07-09,243.9375
2014-07-10,293.29688
2014-07-11,269.92188
2014-07-12,215.75
2014-07-13,360.29688
2014-07-14,516.40625
2014-07-15,484.0625
2014-07-16,487.51562
2014-07-17,342.6875
2014-07-18,264.625
2014-07-19,243.32812
2014-07-20,252.4375
2014-07-21,256.51562
2014-07-22,337.25
2014-07-23,922.2344
2014-07-24,1230.0625
2014-07-25,758.4375
2014-07-26,349.57812
2014-07-27,377.23438
2014-07-28,511.3125
2014-07-29,767.6094
2014-07-30,1146.7188
2014-07-31,920.2031
2014-08-01,1086.1562
2014-08-02,2040.0781
2014-08-03,1338.4219
2014-08-04,509.32812
2014-08-05,422.625
2014-08-06,598.4531
2014-08-07,516.9375
2014-08-08,266.40625
2014-08-09,201.23438
2014-08-10,179.53125
2014-08-11,168.4375
2014-08-12,161.625
2014-08-13,157.34375
2014-08-14,154.375
2014-08-15,155.20312
2014-08-16,176.90625
2014-08-17,209.1875
2014-08-18,189.32812
2014-08-19,159.17188
2014-08-20,161.1875
2014-08-21,370.60938
2014-08-22,648.7031
2014-08-23,527.1719
2014-08-24,489.95312
2014-08-25,508.54688
2014-08-26,460.92188
2014-08-27,580.8125
2014-08-28,792.8594
2014-08-29,670.71875
2014-08-30,586.90625
2014-08-31,902.8281
2014-09-01,1954.5938
2014-09-02,1971.0
2014-09-03,1147.375
2014-09-04,812.2969
2014-09-05,693.2969
2014-09-06,477.03125
2014-09-07,276.125
2014-09-08,221.09375
2014-09-09,256.34375
2014-09-10,343.98438
2014-09-11,379.92188
2014-09-12,403.66406
2014-09-13,260.59375
2014-09-14,267.4297
2014-09-15,435.96875
2014-09-16,466.27344
2014-09-17,265.78906
2014-09-18,197.21094
2014-09-19,172.84375
2014-09-20,162.42969
2014-09-21,159.33594
2014-09-22,164.86719
2014-09-23,650.4219
2014-09-24,2107.6328
2014-09-25,1892.5156
2014-09-26,1021.3047
2014-09-27,632.7031
2014-09-28,422.3672
2014-09-29,272.07812
2014-09-30,226.03125
2014-10-01,206.02344
2014-10-02,190.16406
2014-10-03,178.6875
2014-10-04,171.16406
2014-10-05,170.0
2014-10-06,239.47656
2014-10-07,369.90625
2014-10-08,664.5
2014-10-09,583.6094
2014-10-10,262.16406
2014-10-11,201.36719
2014-10-12,220.53906
2014-10-13,446.71094
2014-10-14,544.5
2014-10-15,391.8672
2014-10-16,249.49219
2014-10-17,197.07812
2014-10-18,265.5703
2014-10-19,596.89844
2014-10-20,567.14844
2014-10-21,282.47656
2014-10-22,231.96875
2014-10-23,286.23438
2014-10-24,483.1328
2014-10-25,920.91406
2014-10-26,2299.3203
2014-10-27,2269.9844
2014-10-28,1115.1953
2014-10-29,579.4453
2014-10-30,379.14062
2014-10-31,276.9297
2014-11-01,297.15625
2014-11-02,290.125
2014-11-03,211.125
2014-11-04,245.89062
2014-11-05,271.28906
2014-11-06,190.85156
2014-11-07,170.33594
2014-11-08,163.71094
2014-11-09,160.07031
2014-11-10,157.98438
2014-11-11,156.61719
2014-11-12,160.60156
2014-11-13,364.85156
2014-11-14,1225.0469
2014-11-15,1366.1094
2014-11-16,969.34375
2014-11-17,712.4531
2014-11-18,605.8281
2014-11-19,585.9375
2014-11-20,605.0625
2014-11-21,528.0156
2014-11-22,343.65625
2014-11-23,218.8125
2014-11-24,185.53125
2014-11-25,174.54688
2014-11-26,187.04688
2014-11-27,200.45312
2014-11-28,165.1875
2014-11-29,158.65625
2014-11-30,224.75
2014-12-01,632.1719
2014-12-02,1462.7812
2014-12-03,1500.2188
2014-12-04,822.7969
2014-12-05,487.26562
2014-12-06,574.03125
2014-12-07,596.5
2014-12-08,962.2031
2014-12-09,1306.8281
2014-12-10,957.3594
2014-12-11,540.1875
2014-12-12,627.875
2014-12-13,1206.4688
2014-12-14,1072.2344
2014-12-15,680.9219
2014-12-16,751.7656
2014-12-17,1524.4531
2014-12-18,1179.6562
2014-12-19,522.8281
2014-12-20,335.09375
2014-12-21,383.46875
2014-12-22,1133.5
2014-12-23,1126.5156
2014-12-24,539.34375
2014-12-25,343.10938
2014-12-26,647.21875
2014-12-27,819.78125
2014-12-28,1047.5
2014-12-29,1645.0469
2014-12-30,1034.375
2014-12-31,400.23438
2015-01-01,280.64062
2015-01-02,295.29688
2015-01-03,478.79688
2015-01-04,537.8906
2015-01-05,316.15625
2015-01-06,211.51562
2015-01-07,229.10938
2015-01-08,701.53125
2015-01-09,1459.5781
2015-01-10,1607.3125
2015-01-11,1425.1406
2015-01-12,836.5781
2015-01-13,400.5
2015-01-14,279.28125
2015-01-15,230.23438
2015-01-16,209.0625
2015-01-17,210.5
2015-01-18,474.78125
2015-01-19,826.4375
2015-01-20,591.6094
2015-01-21,288.01562
2015-01-22,210.20312
2015-01-23,189.82812
2015-01-24,180.01562
2015-01-25,173.17188
2015-01-26,168.23438
2015-01-27,164.5625
2015-01-28,161.65625
2015-01-29,159.1875
2015-01-30,157.28125
2015-01-31,156.5
2015-02-01,177.28125
2015-02-02,329.84375
2015-02-03,461.625
2015-02-04,335.125
2015-02-05,202.09375
2015-02-06,220.6875
2015-02-07,287.71875
2015-02-08,265.28125
2015-02-09,247.78125
2015-02-10,285.40625
2015-02-11,210.3125
2015-02-12,168.09375
2015-02-13,156.75
2015-02-14,153.9375
2015-02-15,152.46875
2015-02-16,151.375
2015-02-17,150.625
2015-02-18,150.03125
2015-02-19,149.875
2015-02-20,151.375
2015-02-21,203.53125
2015-02-22,489.84375
2015-02-23,720.875
2015-02-24,546.71875
2015-02-25,257.53125
2015-02-26,196.96875
2015-02-27,184.21875
2015-02-28,187.46875
2015-03-01,169.5625
2015-03-02,160.5
2015-03-03,156.75
2015-03-04,154.375
2015-03-05,152.6875
2015-03-06,151.09375
2015-03-07,149.8125
2015-03-08,148.875
2015-03-09,147.9375
2015-03-10,147.09375
2015-03-11,146.5625
2015-03-12,146.0
2015-03-13,145.53125
2015-03-14,145.40625
2015-03-15,162.28125
2015-03-16,195.96875
2015-03-17,182.5625
2015-03-18,174.53125
2015-03-19,160.75
2015-03-20,152.28125
2015-03-21,150.71875
2015-03-22,150.4375
2015-03-23,150.09375
2015-03-24,153.0
2015-03-25,242.6875
2015-03-26,508.84375
2015-03-27,539.0
2015-03-28,394.34375
2015-03-29,272.53125
2015-03-30,202.9375
2015-03-31,314.75
2015-04-01,384.0
2015-04-02,214.875
2015-04-03,176.625
2015-04-04,181.78125
2015-04-05,211.90625
2015-04-06,283.25
2015-04-07,232.1875
2015-04-08,172.625
2015-04-09,154.40625
2015-04-10,150.59375
2015-04-11,150.71875
2015-04-12,329.21875
2015-04-13,997.875
2015-04-14,797.8125
2015-04-15,320.15625
2015-04-16,235.5
2015-04-17,205.9375
2015-04-18,188.375
2015-04-19,176.5
2015-04-20,167.96875
2015-04-21,163.1875
2015-04-22,181.40625
2015-04-23,225.71875
2015-04-24,220.96875
2015-04-25,181.375
2015-04-26,168.84375
2015-04-27,173.96875
2015-04-28,156.34375
2015-04-29,158.59375
2015-04-30,203.8125
2015-05-01,268.28125
2015-05-02,299.03125
2015-05-03,270.15625
2015-05-04,211.03125
2015-05-05,220.84375
2015-05-06,214.78125
2015-05-07,201.5625
2015-05-08,179.25
2015-05-09,189.625
2015-05-10,204.09375
2015-05-11,327.5
2015-05-12,434.3125
2015-05-13,534.15625
2015-05-14,507.4375
2015-05-15,328.875
2015-05-16,254.8125
2015-05-17,257.71875
2015-05-18,252.4375
2015-05-19,262.03125
2015-05-20,313.5625
2015-05-21,208.65625
2015-05-22,165.71875
2015-05-23,157.5
2015-05-24,152.59375
2015-05-25,148.84375
2015-05-26,166.1875
2015-05-27,217.21875
2015-05-28,191.6875
2015-05-29,158.4375
2015-05-30,145.375
2015-05-31,143.09375
2015-06-01,142.5
2015-06-02,141.96875
2015-06-03,149.28125
2015-06-04,170.0625
2015-06-05,168.0
2015-06-06,172.03125
2015-06-07,209.28125
2015-06-08,290.84375
2015-06-09,244.3125
2015-06-10,167.5625
2015-06-11,147.9375
2015-06-12,172.4375
2015-06-13,260.96875
2015-06-14,289.96875
2015-06-15,316.0625
2015-06-16,429.125
2015-06-17,600.40625
2015-06-18,576.53125
2015-06-19,432.65625
2015-06-20,361.65625
2015-06-21,441.125
2015-06-22,778.75
2015-06-23,1084.75
2015-06-24,818.28125
2015-06-25,440.4375
2015-06-26,266.71875
2015-06-27,202.4375
2015-06-28,178.25
2015-06-29,167.71875
2015-06-30,161.0
2015-07-01,155.6875
2015-07-02,151.71875
2015-07-03,148.875
2015-07-04,146.78125
2015-07-05,146.15625
2015-07-06,153.25
2015-07-07,471.90625
2015-07-08,1170.0312
2015-07-09,1099.125
2015-07-10,694.46875
2015-07-11,385.21875
2015-07-12,270.90625
2015-07-13,281.64062
2015-07-14,496.125
2015-07-15,834.3125
2015-07-16,665.8281
2015-07-17,310.01562
2015-07-18,246.90625
2015-07-19,304.90625
2015-07-20,342.5
2015-07-21,317.1875
2015-07-22,204.53125
2015-07-23,166.8125
2015-07-24,161.45312
2015-07-25,159.07812
2015-07-26,154.1875
2015-07-27,185.07812
2015-07-28,256.60938
2015-07-29,235.9375
2015-07-30,255.70312
2015-07-31,217.03125
2015-08-01,194.79688
2015-08-02,263.71875
2015-08-03,484.75
2015-08-04,758.59375
2015-08-05,822.3594
2015-08-06,634.1406
2015-08-07,617.6406
2015-08-08,519.0469
2015-08-09,367.42188
2015-08-10,316.75
2015-08-11,318.09375
2015-08-12,428.21875
2015-08-13,454.53125
2015-08-14,293.67188
2015-08-15,196.09375
2015-08-16,170.59375
2015-08-17,176.78125
2015-08-18,163.28125
2015-08-19,159.9375
2015-08-20,160.625
2015-08-21,228.09375
2015-08-22,287.96875
2015-08-23,186.34375
2015-08-24,163.03125
2015-08-25,180.07812
2015-08-26,252.5625
2015-08-27,373.67188
2015-08-28,393.125
2015-08-29,234.32812
2015-08-30,179.57812
2015-08-31,176.75
2015-09-01,189.96875
2015-09-02,173.78125
2015-09-03,225.4375
2015-09-04,264.32812
2015-09-05,207.4375
2015-09-06,218.25
2015-09-07,196.52344
2015-09-08,165.10938
2015-09-09,160.4375
2015-09-10,166.28906
2015-09-11,292.66406
2015-09-12,461.4375
2015-09-13,792.8594
2015-09-14,4018.664
2015-09-15,5815.2344
2015-09-16,2480.3594
2015-09-17,849.2969
2015-09-18,673.47656
2015-09-19,504.9922
2015-09-20,396.8047
2015-09-21,265.33594
2015-09-22,221.07031
2015-09-23,222.97656
2015-09-24,268.08594
2015-09-25,241.25
2015-09-26,186.73438
2015-09-27,190.4375
2015-09-28,212.21875
2015-09-29,171.97656
2015-09-30,176.27344
2015-10-01,255.125
2015-10-02,380.8828
2015-10-03,633.60156
2015-10-04,2060.414
2015-10-05,4146.4062
2015-10-06,2381.2969
2015-10-07,1016.65625
2015-10-08,774.3594
2015-10-09,691.0156
2015-10-10,959.0547
2015-10-11,3987.5156
2015-10-12,6543.6562
2015-10-13,5226.1953
2015-10-14,2214.7031
2015-10-15,1744.5859
2015-10-16,1895.9844
2015-10-17,1069.2188
2015-10-18,418.5
2015-10-19,304.0078
2015-10-20,254.67969
2015-10-21,223.64062
2015-10-22,203.01562
2015-10-23,188.80469
2015-10-24,178.82812
2015-10-25,171.40625
2015-10-26,166.39844
2015-10-27,184.64062
2015-10-28,229.07812
2015-10-29,177.9375
2015-10-30,155.99219
2015-10-31,154.00781
2015-11-01,256.33594
2015-11-02,822.28125
2015-11-03,1229.6016
2015-11-04,984.2422
2015-11-05,1483.3672
2015-11-06,3331.5
2015-11-07,1945.3203
2015-11-08,635.41406
2015-11-09,384.3672
2015-11-10,291.75
2015-11-11,242.64844
2015-11-12,214.46094
2015-11-13,197.64844
2015-11-14,212.9375
2015-11-15,230.32812
2015-11-16,180.10156
2015-11-17,166.95312
2015-11-18,161.25781
2015-11-19,157.5625
2015-11-20,155.19531
2015-11-21,154.75781
2015-11-22,155.26562
2015-11-23,154.52344
2015-11-24,159.78125
2015-11-25,193.75781
2015-11-26,368.4453
2015-11-27,819.9219
2015-11-28,986.1875
2015-11-29,671.7969
2015-11-30,400.3125
2015-12-01,285.64844
2015-12-02,216.61719
2015-12-03,180.20312
2015-12-04,163.07031
2015-12-05,154.16406
2015-12-06,197.78906
2015-12-07,580.5625
2015-12-08,736.21094
2015-12-09,605.03125
2015-12-10,420.21094
2015-12-11,223.24219
2015-12-12,179.66406
2015-12-13,164.96094
2015-12-14,162.26562
2015-12-15,170.86719
2015-12-16,549.9922
2015-12-17,1652.7969
2015-12-18,1226.8125
2015-12-19,633.1719
2015-12-20,906.2656
2015-12-21,1199.8828
2015-12-22,819.3203
2015-12-23,400.83594
2015-12-24,251.10938
2015-12-25,209.28125
2015-12-26,191.0625
2015-12-27,179.82812
2015-12-28,189.6875
2015-12-29,232.53906
2015-12-30,268.25
2015-12-31,424.0
2016-01-01,788.9297
2016-01-02,721.60156
2016-01-03,423.1172
2016-01-04,272.76562
2016-01-05,198.23438
2016-01-06,178.92188
2016-01-07,176.47656
2016-01-08,175.60938
2016-01-09,179.71875
2016-01-10,179.71875
2016-01-11,175.39062
2016-01-12,273.29688
2016-01-13,402.95312
2016-01-14,326.25
2016-01-15,206.39062
2016-01-16,166.95312
2016-01-17,257.28125
2016-01-18,637.0781
2016-01-19,619.53125
2016-01-20,362.89062
2016-01-21,220.26562
2016-01-22,181.09375
2016-01-23,283.3125
2016-01-24,1037.5156
2016-01-25,1233.4844
2016-01-26,838.2344
2016-01-27,473.46875
2016-01-28,289.4375
2016-01-29,214.6875
2016-01-30,192.85938
2016-01-31,185.6875
2016-02-01,175.5625
2016-02-02,181.10938
2016-02-03,210.70312
2016-02-04,182.5625
2016-02-05,331.40625
2016-02-06,755.53125
2016-02-07,733.0625
2016-02-08,446.20312
2016-02-09,238.625
2016-02-10,192.75
2016-02-11,179.29688
2016-02-12,168.92188
2016-02-13,162.70312
2016-02-14,158.29688
2016-02-15,155.8125
2016-02-16,166.92188
2016-02-17,208.4375
2016-02-18,197.35938
2016-02-19,173.59375
2016-02-20,156.09375
2016-02-21,168.76562
2016-02-22,193.5625
2016-02-23,159.26562
2016-02-24,235.95312
2016-02-25,1122.3906
2016-02-26,1513.3438
2016-02-27,905.34375
2016-02-28,431.64062
2016-02-29,291.26562
2016-03-01,256.4375
2016-03-02,203.17188
2016-03-03,187.28125
2016-03-04,186.03125
2016-03-05,169.84375
2016-03-06,160.75
2016-03-07,156.5
2016-03-08,153.32812
2016-03-09,150.76562
2016-03-10,149.20312
2016-03-11,155.03125
2016-03-12,173.0
2016-03-13,166.17188
2016-03-14,155.15625
2016-03-15,153.6875
2016-03-16,152.53125
2016-03-17,151.28125
2016-03-18,150.34375
2016-03-19,149.71875
2016-03-20,149.21875
2016-03-21,148.65625
2016-03-22,148.09375
2016-03-23,147.625
2016-03-24,143.46875
2016-03-25,164.3125
2016-03-26,233.1875
2016-03-27,225.96875
2016-03-28,176.21875
2016-03-29,168.125
2016-03-30,149.3125
2016-03-31,140.65625
2016-04-01,139.09375
2016-04-02,138.375
2016-04-03,138.59375
2016-04-04,142.625
2016-04-05,152.40625
2016-04-06,162.59375
2016-04-07,184.1875
2016-04-08,153.53125
2016-04-09,140.1875
2016-04-10,143.0
2016-04-11,145.0625
2016-04-12,138.34375
2016-04-13,135.75
2016-04-14,135.15625
2016-04-15,134.8125
2016-04-16,134.5
2016-04-17,134.3125
2016-04-18,135.25
2016-04-19,141.125
2016-04-20,152.28125
2016-04-21,146.03125
2016-04-22,142.34375
2016-04-23,135.5625
2016-04-24,133.5625
2016-04-25,133.34375
2016-04-26,133.46875
2016-04-27,135.6875
2016-04-28,149.65625
2016-04-29,160.65625
2016-04-30,150.03125
2016-05-01,166.96875
2016-05-02,221.03125
2016-05-03,208.0
2016-05-04,237.4375
2016-05-05,265.40625
2016-05-06,290.71875
2016-05-07,253.96875
2016-05-08,207.34375
2016-05-09,166.15625
2016-05-10,169.625
2016-05-11,155.5
2016-05-12,172.15625
2016-05-13,196.125
2016-05-14,223.875
2016-05-15,252.1875
2016-05-16,182.9375
2016-05-17,177.3125
2016-05-18,170.9375
2016-05-19,213.3125
2016-05-20,267.875
2016-05-21,277.84375
2016-05-22,255.625
2016-05-23,561.28125
2016-05-24,948.90625
2016-05-25,950.09375
2016-05-26,824.28125
2016-05-27,565.34375
2016-05-28,349.875
2016-05-29,322.625
2016-05-30,334.34375
2016-05-31,315.8125
2016-06-01,213.4375
2016-06-02,187.6875
2016-06-03,166.6875
2016-06-04,172.625
2016-06-05,337.625
2016-06-06,528.5
2016-06-07,418.9375
2016-06-08,268.5625
2016-06-09,238.71875
2016-06-10,186.09375
2016-06-11,159.0625
2016-06-12,152.0
2016-06-13,161.96875
2016-06-14,151.625
2016-06-15,142.125
2016-06-16,165.28125
2016-06-17,384.23438
2016-06-18,513.6719
2016-06-19,393.70312
2016-06-20,304.67188
2016-06-21,209.95312
2016-06-22,345.32812
2016-06-23,660.2969
2016-06-24,771.1719
2016-06-25,584.15625
2016-06-26,546.5469
2016-06-27,1089.0469
2016-06-28,1109.3438
2016-06-29,800.4219
2016-06-30,531.4375
2016-07-01,374.35938
2016-07-02,264.20312
2016-07-03,224.5625
2016-07-04,204.82812
2016-07-05,279.60938
2016-07-06,774.125
2016-07-07,700.65625
2016-07-08,541.2969
2016-07-09,490.29688
2016-07-10,281.60938
2016-07-11,206.45312
2016-07-12,178.6875
2016-07-13,185.82812
2016-07-14,217.35938
2016-07-15,193.59375
2016-07-16,163.92188
2016-07-17,155.95312
2016-07-18,161.64062
2016-07-19,181.89062
2016-07-20,199.39062
2016-07-21,205.9375
2016-07-22,277.73438
2016-07-23,346.89062
2016-07-24,304.76562
2016-07-25,350.03125
2016-07-26,290.375
2016-07-27,232.25
2016-07-28,192.95312
2016-07-29,289.67188
2016-07-30,431.42188
2016-07-31,410.89062
2016-08-01,271.51562
2016-08-02,182.48438
2016-08-03,181.82812
2016-08-04,395.875
2016-08-05,525.5
2016-08-06,375.92188
2016-08-07,303.82812
2016-08-08,250.70312
2016-08-09,177.3125
2016-08-10,155.45312
2016-08-11,154.75
2016-08-12,155.20312
2016-08-13,157.20312
2016-08-14,152.8125
2016-08-15,153.78125
2016-08-16,164.79688
2016-08-17,172.65625
2016-08-18,167.39062
2016-08-19,180.46875
2016-08-20,188.0
2016-08-21,162.76562
2016-08-22,178.26562
2016-08-23,312.78906
2016-08-24,548.0078
2016-08-25,701.9922
2016-08-26,891.0547
2016-08-27,861.1406
2016-08-28,680.89844
2016-08-29,542.8203
2016-08-30,655.9922
2016-08-31,623.03906
2016-09-01,383.53125
2016-09-02,226.99219
2016-09-03,196.10156
2016-09-04,201.10156
2016-09-05,190.1875
2016-09-06,280.98438
2016-09-07,470.9297
2016-09-08,603.1797
2016-09-09,663.6328
2016-09-10,489.875
2016-09-11,325.32812
2016-09-12,2125.3984
2016-09-13,4455.9766
2016-09-14,2250.9375
2016-09-15,798.3672
2016-09-16,499.60156
2016-09-17,379.33594
2016-09-18,285.96094
2016-09-19,253.24219
2016-09-20,334.04688
2016-09-21,507.8672
2016-09-22,506.4375
2016-09-23,457.46094
2016-09-24,540.60156
2016-09-25,666.2344
2016-09-26,521.65625
2016-09-27,318.79688
2016-09-28,262.82812
2016-09-29,249.82812
2016-09-30,384.32812
2016-10-01,388.48438
2016-10-02,239.125
2016-10-03,184.21094
2016-10-04,297.0078
2016-10-05,593.0469
2016-10-06,785.41406
2016-10-07,814.3828
2016-10-08,574.4375
2016-10-09,340.03125
2016-10-10,223.00781
2016-10-11,303.4922
2016-10-12,984.9531
2016-10-13,864.41406
2016-10-14,605.7422
2016-10-15,1110.4375
2016-10-16,1972.5781
2016-10-17,1477.9922
2016-10-18,710.60156
2016-10-19,331.83594
2016-10-20,252.05469
2016-10-21,220.13281
2016-10-22,198.55469
2016-10-23,184.60938
2016-10-24,187.00781
2016-10-25,253.39062
2016-10-26,367.8125
2016-10-27,298.53125
2016-10-28,190.80469
2016-10-29,164.03906
2016-10-30,243.125
2016-10-31,796.5781
2016-11-01,1987.4766
2016-11-02,3959.0938
2016-11-03,4694.953
2016-11-04,3072.0703
2016-11-05,1396.0312
2016-11-06,567.47656
2016-11-07,440.5078
2016-11-08,607.2344
2016-11-09,562.64844
2016-11-10,437.02344
2016-11-11,1023.78125
2016-11-12,1115.5625
2016-11-13,577.4531
2016-11-14,280.875
2016-11-15,221.17188
2016-11-16,199.78906
2016-11-17,216.10156
2016-11-18,403.2578
2016-11-19,428.79688
2016-11-20,262.59375
2016-11-21,394.3125
2016-11-22,430.8125
2016-11-23,378.71875
2016-11-24,483.10938
2016-11-25,461.15625
2016-11-26,373.4375
2016-11-27,635.7344
2016-11-28,591.3281
2016-11-29,515.2656
2016-11-30,2062.5625
2016-12-01,3065.6406
2016-12-02,2067.875
2016-12-03,2249.0625
2016-12-04,2104.7969
2016-12-05,2099.2344
2016-12-06,2329.0
2016-12-07,2671.3906
2016-12-08,2293.9375
2016-12-09,1193.4375
2016-12-10,497.39062
2016-12-11,310.23438
2016-12-12,400.125
2016-12-13,962.84375
2016-12-14,4107.8125
2016-12-15,10954.4375
2016-12-16,12522.5625
2016-12-17,5483.5312
2016-12-18,1743.7344
2016-12-19,806.96875
2016-12-20,533.1719
2016-12-21,374.85938
2016-12-22,297.59375
2016-12-23,473.78125
2016-12-24,852.0781
2016-12-25,750.5469
2016-12-26,415.9375
2016-12-27,320.95312
2016-12-28,917.28125
2016-12-29,801.2656
2016-12-30,356.35938
2016-12-31,750.1875
2017-01-01,2518.8438
2017-01-02,1923.7656
2017-01-03,1149.0
2017-01-04,717.2969
2017-01-05,400.625
2017-01-06,313.89062
2017-01-07,237.4375
2017-01-08,205.375
2017-01-09,192.73438
2017-01-10,191.17188
2017-01-11,192.78125
2017-01-12,184.9375
2017-01-13,170.15625
2017-01-14,166.5625
2017-01-15,235.0625
2017-01-16,534.875
2017-01-17,457.375
2017-01-18,257.15625
2017-01-19,192.96875
2017-01-20,178.125
2017-01-21,305.78125
2017-01-22,656.875
2017-01-23,694.09375
2017-01-24,584.59375
2017-01-25,792.71875
2017-01-26,1460.7812
2017-01-27,1085.375
2017-01-28,476.84375
2017-01-29,269.46875
2017-01-30,221.75
2017-01-31,203.0
2017-02-01,300.84375
2017-02-02,1142.4062
2017-02-03,1543.7188
2017-02-04,1037.0938
2017-02-05,531.8125
2017-02-06,306.09375
2017-02-07,232.25
2017-02-08,205.125
2017-02-09,242.625
2017-02-10,763.09375
2017-02-11,1174.0625
2017-02-12,1031.0312
2017-02-13,716.28125
2017-02-14,415.59375
2017-02-15,336.5
2017-02-16,337.5625
2017-02-17,244.78125
2017-02-18,193.9375
2017-02-19,178.6875
2017-02-20,172.03125
2017-02-21,166.84375
2017-02-22,163.3125
2017-02-23,174.9375
2017-02-24,389.1875
2017-02-25,584.03125
2017-02-26,402.4375
2017-02-27,332.59375
2017-02-28,423.75
2017-03-01,380.6875
2017-03-02,236.90625
2017-03-03,192.8125
2017-03-04,181.125
2017-03-05,167.78125
2017-03-06,161.875
2017-03-07,159.0
2017-03-08,157.8125
2017-03-09,176.71875
2017-03-10,196.90625
2017-03-11,161.15625
2017-03-12,153.21875
2017-03-13,152.0625
2017-03-14,153.75
2017-03-15,183.3125
2017-03-16,199.125
2017-03-17,170.6875
2017-03-18,249.71875
2017-03-19,390.3125
2017-03-20,468.1875
2017-03-21,450.59375
2017-03-22,260.75
2017-03-23,243.3125
2017-03-24,308.96875
2017-03-25,392.96875
2017-03-26,518.8125
2017-03-27,794.40625
2017-03-28,867.8125
2017-03-29,533.90625
2017-03-30,405.625
2017-03-31,1166.625
2017-04-01,2808.0938
2017-04-02,1563.1562
2017-04-03,534.5625
2017-04-04,424.46875
2017-04-05,555.125
2017-04-06,1831.5
2017-04-07,1444.9688
2017-04-08,738.71875
2017-04-09,461.75
2017-04-10,296.9375
2017-04-11,267.375
2017-04-12,412.6875
2017-04-13,1533.0
2017-04-14,1804.5625
2017-04-15,1018.15625
2017-04-16,411.15625
2017-04-17,278.15625
2017-04-18,233.78125
2017-04-19,209.09375
2017-04-20,192.9375
2017-04-21,183.78125
2017-04-22,181.90625
2017-04-23,217.03125
2017-04-24,396.8125
2017-04-25,620.625
2017-04-26,694.3125
2017-04-27,512.875
2017-04-28,540.375
2017-04-29,720.21875
2017-04-30,530.9375
2017-05-01,339.84375
2017-05-02,290.9375
2017-05-03,225.96875
2017-05-04,204.25
2017-05-05,304.625
2017-05-06,362.875
2017-05-07,260.53125
2017-05-08,210.0625
2017-05-09,321.53125
2017-05-10,448.96875
2017-05-11,318.3125
2017-05-12,217.84375
2017-05-13,365.5
2017-05-14,946.3125
2017-05-15,1283.0312
2017-05-16,1572.7188
2017-05-17,1246.5625
2017-05-18,1033.5938
2017-05-19,841.75
2017-05-20,872.09375
2017-05-21,971.25
2017-05-22,593.9375
2017-05-23,394.8125
2017-05-24,642.21875
2017-05-25,979.71875
2017-05-26,1367.5312
2017-05-27,991.9375
2017-05-28,616.1875
2017-05-29,1017.09375
2017-05-30,1018.75
2017-05-31,693.21875
2017-06-01,485.9375
2017-06-02,271.6875
2017-06-03,213.03125
2017-06-04,193.78125
2017-06-05,182.875
2017-06-06,177.21875
2017-06-07,378.4375
2017-06-08,1311.3125
2017-06-09,1565.7188
2017-06-10,1007.5
2017-06-11,606.125
2017-06-12,431.25
2017-06-13,302.6875
2017-06-14,243.96875
2017-06-15,269.34375
2017-06-16,281.0
2017-06-17,207.9375
2017-06-18,193.125
2017-06-19,320.625
2017-06-20,435.875
2017-06-21,341.23438
2017-06-22,268.39062
2017-06-23,279.60938
2017-06-24,357.84375
2017-06-25,551.4531
2017-06-26,503.54688
2017-06-27,306.32812
2017-06-28,252.04688
2017-06-29,418.82812
2017-06-30,520.8281
2017-07-01,434.28125
2017-07-02,344.34375
2017-07-03,227.01562
2017-07-04,251.64062
2017-07-05,338.23438
2017-07-06,331.9375
2017-07-07,336.0
2017-07-08,263.4375
2017-07-09,201.75
2017-07-10,204.0
2017-07-11,445.01562
2017-07-12,778.1875
2017-07-13,1041.9531
2017-07-14,771.7656
2017-07-15,487.57812
2017-07-16,873.5781
2017-07-17,1092.3125
2017-07-18,700.625
2017-07-19,771.90625
2017-07-20,816.2031
2017-07-21,594.28125
2017-07-22,697.0156
2017-07-23,670.1719
2017-07-24,532.7656
2017-07-25,911.96875
2017-07-26,2483.7656
2017-07-27,2477.4219
2017-07-28,1432.1719
2017-07-29,751.65625
2017-07-30,422.0625
2017-07-31,295.21875
2017-08-01,245.01562
2017-08-02,217.6875
2017-08-03,200.28125
2017-08-04,190.01562
2017-08-05,185.70312
2017-08-06,184.79688
2017-08-07,252.28125
2017-08-08,359.5
2017-08-09,287.75
2017-08-10,204.73438
2017-08-11,183.6875
2017-08-12,169.9375
2017-08-13,162.29688
2017-08-14,159.89062
2017-08-15,170.14062
2017-08-16,230.46875
2017-08-17,444.6875
2017-08-18,748.6719
2017-08-19,719.4922
2017-08-20,461.78906
2017-08-21,279.25
2017-08-22,234.52344
2017-08-23,207.59375
2017-08-24,176.42969
2017-08-25,176.42188
2017-08-26,362.71875
2017-08-27,1043.8906
2017-08-28,908.64844
2017-08-29,479.03906
2017-08-30,359.16406
2017-08-31,444.39844
2017-09-01,574.89844
2017-09-02,399.26562
2017-09-03,260.34375
2017-09-04,206.86719
2017-09-05,208.53125
2017-09-06,349.6953
2017-09-07,476.375
2017-09-08,408.85156
2017-09-09,298.53125
2017-09-10,229.98438
2017-09-11,228.8125
2017-09-12,206.50781
2017-09-13,175.26562
2017-09-14,411.40625
2017-09-15,1361.2109
2017-09-16,973.0625
2017-09-17,388.34375
2017-09-18,358.4375
2017-09-19,318.16406
2017-09-20,243.78125
2017-09-21,206.15625
2017-09-22,189.05469
2017-09-23,222.19531
2017-09-24,373.21875
2017-09-25,401.47656
2017-09-26,313.39844
2017-09-27,290.60156
2017-09-28,205.20312
2017-09-29,204.19531
2017-09-30,290.97656
2017-10-01,492.03125
2017-10-02,481.47656
2017-10-03,590.0781
2017-10-04,737.8281
2017-10-05,721.8047
2017-10-06,622.8047
2017-10-07,692.78906
2017-10-08,852.85156
2017-10-09,1984.0625
2017-10-10,2382.6172
2017-10-11,1323.8984
2017-10-12,645.02344
2017-10-13,521.8047
2017-10-14,435.1172
2017-10-15,316.92188
2017-10-16,232.78906
2017-10-17,205.15625
2017-10-18,197.14844
2017-10-19,291.8203
2017-10-20,503.4297
2017-10-21,429.67188
2017-10-22,232.35156
2017-10-23,201.16406
2017-10-24,402.07812
2017-10-25,750.6172
2017-10-26,639.7422
2017-10-27,386.82812
2017-10-28,291.1328
2017-10-29,223.92188
2017-10-30,457.23438
2017-10-31,2261.1875
2017-11-01,3730.9453
2017-11-02,2214.375
2017-11-03,1684.8594
2017-11-04,6841.8516
2017-11-05,11994.133
2017-11-06,8713.375
2017-11-07,5958.461
2017-11-08,2673.3672
2017-11-09,1587.6484
2017-11-10,1422.6875
2017-11-11,1019.2656
2017-11-12,671.03125
2017-11-13,429.91406
2017-11-14,280.90625
2017-11-15,242.30469
2017-11-16,273.4375
2017-11-17,295.10938
2017-11-18,211.9375
2017-11-19,408.39844
2017-11-20,1706.6484
2017-11-21,1584.3906
2017-11-22,2631.1484
2017-11-23,5785.4375
2017-11-24,4751.3906
2017-11-25,2083.5469
2017-11-26,1039.2344
2017-11-27,1235.75
2017-11-28,1256.2344
2017-11-29,961.28125
2017-11-30,659.6094
2017-12-01,758.125
2017-12-02,2340.0781
2017-12-03,4582.6562
2017-12-04,3593.9062
2017-12-05,2140.9688
2017-12-06,1411.25
2017-12-07,762.7969
2017-12-08,449.04688
2017-12-09,576.34375
2017-12-10,518.9844
2017-12-11,282.5625
2017-12-12,213.60938
2017-12-13,193.89062
2017-12-14,188.82812
2017-12-15,186.34375
2017-12-16,323.09375
2017-12-17,1236.9219
2017-12-18,1121.9062
2017-12-19,553.9531
2017-12-20,328.65625
2017-12-21,240.70312
2017-12-22,214.25
2017-12-23,200.84375
2017-12-24,247.20312
2017-12-25,528.6094
2017-12-26,638.2344
2017-12-27,986.03125
2017-12-28,1533.7969
2017-12-29,1113.0312
2017-12-30,941.8906
2017-12-31,818.375
2018-01-01,622.65625
2018-01-02,478.71875
2018-01-03,312.70312
2018-01-04,337.78125
2018-01-05,374.25
2018-01-06,299.9375
2018-01-07,212.5
2018-01-08,199.28125
2018-01-09,282.78125
2018-01-10,331.29688
2018-01-11,246.32812
2018-01-12,508.64062
2018-01-13,1000.6719
2018-01-14,1014.625
2018-01-15,745.2344
2018-01-16,509.45312
2018-01-17,296.92188
2018-01-18,220.28125
2018-01-19,199.48438
2018-01-20,192.625
2018-01-21,197.0
2018-01-22,200.04688
2018-01-23,181.84375
2018-01-24,187.28125
2018-01-25,212.01562
2018-01-26,193.23438
2018-01-27,181.375
2018-01-28,192.34375
2018-01-29,204.75
2018-01-30,237.0625
2018-01-31,271.4375
2018-02-01,199.0625
2018-02-02,193.15625
2018-02-03,205.9375
2018-02-04,256.0625
2018-02-05,201.15625
2018-02-06,217.53125
2018-02-07,258.625
2018-02-08,188.34375
2018-02-09,166.1875
2018-02-10,162.71875
2018-02-11,167.125
2018-02-12,314.40625
2018-02-13,547.5625
2018-02-14,431.09375
2018-02-15,225.4375
2018-02-16,181.71875
2018-02-17,173.25
2018-02-18,169.375
2018-02-19,166.6875
2018-02-20,164.375
2018-02-21,162.46875
2018-02-22,172.65625
2018-02-23,206.5
2018-02-24,265.71875
2018-02-25,279.6875
2018-02-26,189.71875
2018-02-27,171.375
2018-02-28,175.0
2018-03-01,162.625
2018-03-02,160.21875
2018-03-03,215.125
2018-03-04,326.78125
2018-03-05,296.15625
2018-03-06,195.96875
2018-03-07,166.9375
2018-03-08,165.5625
2018-03-09,261.625
2018-03-10,368.5
2018-03-11,288.78125
2018-03-12,204.0625
2018-03-13,173.5
2018-03-14,219.25
2018-03-15,715.3125
2018-03-16,925.75
2018-03-17,571.8125
2018-03-18,324.5
2018-03-19,239.34375
2018-03-20,233.0625
2018-03-21,379.5
2018-03-22,486.46875
2018-03-23,309.75
2018-03-24,224.78125
2018-03-25,185.625
2018-03-26,173.0
2018-03-27,168.375
2018-03-28,165.3125
2018-03-29,166.4375
2018-03-30,229.96875
2018-03-31,283.375
2018-04-01,197.84375
2018-04-02,166.28125
2018-04-03,160.21875
2018-04-04,158.21875
2018-04-05,157.03125
2018-04-06,156.84375
2018-04-07,322.625
2018-04-08,1018.875
2018-04-09,845.40625
2018-04-10,362.25
2018-04-11,243.84375
2018-04-12,209.84375
2018-04-13,193.5
2018-04-14,186.9375
2018-04-15,187.84375
2018-04-16,177.3125
2018-04-17,186.0625
2018-04-18,204.09375
2018-04-19,229.125
2018-04-20,232.75
2018-04-21,313.90625
2018-04-22,383.3125
2018-04-23,396.6875
2018-04-24,318.03125
2018-04-25,260.40625
2018-04-26,377.4375
2018-04-27,655.5625
2018-04-28,613.34375
2018-04-29,401.21875
2018-04-30,666.71875
2018-05-01,1360.1875
2018-05-02,1037.4062
2018-05-03,494.65625
2018-05-04,305.15625
2018-05-05,265.71875
2018-05-06,535.09375
2018-05-07,814.4375
2018-05-08,578.46875
2018-05-09,284.28125
2018-05-10,238.46875
2018-05-11,346.28125
2018-05-12,383.46875
2018-05-13,244.96875
2018-05-14,197.53125
2018-05-15,185.25
2018-05-16,185.84375
2018-05-17,294.25
2018-05-18,402.1875
2018-05-19,338.4375
2018-05-20,329.59375
2018-05-21,301.6875
2018-05-22,216.4375
2018-05-23,195.625
2018-05-24,283.625
2018-05-25,640.46875
2018-05-26,645.71875
2018-05-27,292.0
2018-05-28,224.4375
2018-05-29,237.53125
2018-05-30,258.625
2018-05-31,312.34375
2018-06-01,271.65625
2018-06-02,194.96875
2018-06-03,236.21875
2018-06-04,577.8125
2018-06-05,652.5
2018-06-06,385.96875
2018-06-07,252.34375
2018-06-08,244.59375
2018-06-09,237.78125
2018-06-10,233.96875
2018-06-11,207.8125
2018-06-12,210.46875
2018-06-13,200.78125
2018-06-14,177.28125
2018-06-15,176.0625
2018-06-16,222.4375
2018-06-17,313.125
2018-06-18,301.78125
2018-06-19,256.09375
2018-06-20,215.21875
2018-06-21,177.6875
2018-06-22,163.8125
2018-06-23,159.6875
2018-06-24,171.59375
2018-06-25,213.1875
2018-06-26,277.1875
2018-06-27,402.3125
2018-06-28,427.625
2018-06-29,345.90625
2018-06-30,229.125
2018-07-01,178.3125
2018-07-02,167.625
2018-07-03,172.65625
2018-07-04,163.70312
2018-07-05,159.125
2018-07-06,155.875
2018-07-07,154.8125
2018-07-08,198.14062
2018-07-09,413.28125
2018-07-10,763.7031
2018-07-11,1360.7031
2018-07-12,1323.125
2018-07-13,755.7969
2018-07-14,484.85938
2018-07-15,679.78125
2018-07-16,810.21875
2018-07-17,629.8594
2018-07-18,587.5625
2018-07-19,734.7656
2018-07-20,547.5781
2018-07-21,326.60938
2018-07-22,291.85938
2018-07-23,385.8125
2018-07-24,415.23438
2018-07-25,258.84375
2018-07-26,219.65625
2018-07-27,338.01562
2018-07-28,540.96875
2018-07-29,441.0625
2018-07-30,361.60938
2018-07-31,371.1875
2018-08-01,295.95312
2018-08-02,220.67188
2018-08-03,185.9375
2018-08-04,188.1875
2018-08-05,196.98438
2018-08-06,377.42188
2018-08-07,612.0781
2018-08-08,441.5625
2018-08-09,345.98438
2018-08-10,392.92188
2018-08-11,251.35938
2018-08-12,202.0
2018-08-13,206.75
2018-08-14,525.5781
2018-08-15,971.7344
2018-08-16,680.2344
2018-08-17,327.51562
2018-08-18,239.17188
2018-08-19,250.40625
2018-08-20,305.35938
2018-08-21,249.46875
2018-08-22,221.71875
2018-08-23,197.65625
2018-08-24,204.79688
2018-08-25,201.85938
2018-08-26,175.01562
2018-08-27,198.04688
2018-08-28,359.98438
2018-08-29,408.59375
2018-08-30,227.625
2018-08-31,183.98438
2018-09-01,170.9375
2018-09-02,164.25
2018-09-03,185.60938
2018-09-04,229.8125
2018-09-05,187.6875
2018-09-06,160.53125
2018-09-07,158.29688
2018-09-08,213.89062
2018-09-09,300.39062
2018-09-10,460.0625
2018-09-11,697.4531
2018-09-12,583.28125
2018-09-13,566.0625
2018-09-14,540.4531
2018-09-15,348.15625
2018-09-16,226.84375
2018-09-17,202.64062
2018-09-18,267.46875
2018-09-19,401.65625
2018-09-20,365.10938
2018-09-21,216.67188
2018-09-22,218.4375
2018-09-23,343.47656
2018-09-24,397.6875
2018-09-25,333.64844
2018-09-26,224.72656
2018-09-27,178.71094
2018-09-28,184.00781
2018-09-29,211.6875
2018-09-30,201.03125
2018-10-01,261.21094
2018-10-02,620.5469
2018-10-03,1224.1328
2018-10-04,2025.0312
2018-10-05,1359.7188
2018-10-06,573.8828
2018-10-07,316.58594
2018-10-08,250.85938
2018-10-09,221.21875
2018-10-10,202.90625
2018-10-11,219.42188
2018-10-12,406.4297
2018-10-13,635.35156
2018-10-14,606.4219
2018-10-15,375.01562
2018-10-16,219.32812
2018-10-17,185.52344
2018-10-18,188.28125
2018-10-19,198.89062
2018-10-20,202.42188
2018-10-21,214.98438
2018-10-22,182.23438
2018-10-23,165.42969
2018-10-24,164.03125
2018-10-25,159.625
2018-10-26,156.36719
2018-10-27,158.375
2018-10-28,227.85156
2018-10-29,335.0547
2018-10-30,275.9297
2018-10-31,184.02344
2018-11-01,158.64062
2018-11-02,154.50781
2018-11-03,153.22656
2018-11-04,152.59375
2018-11-05,151.96094
2018-11-06,151.72656
2018-11-07,171.46875
2018-11-08,285.42188
2018-11-09,370.89844
2018-11-10,295.97656
2018-11-11,196.53125
2018-11-12,162.02344
2018-11-13,155.24219
2018-11-14,153.44531
2018-11-15,152.07812
2018-11-16,151.01562
2018-11-17,150.39844
2018-11-18,150.19531
2018-11-19,149.9375
2018-11-20,149.20312
2018-11-21,148.46094
2018-11-22,165.95312
2018-11-23,424.26562
2018-11-24,887.1094
2018-11-25,1668.8906
2018-11-26,1568.25
2018-11-27,853.28125
2018-11-28,456.26562
2018-11-29,498.10938
2018-11-30,405.32812
2018-12-01,249.0
2018-12-02,200.9375
2018-12-03,182.76562
2018-12-04,170.89062
2018-12-05,161.84375
2018-12-06,156.04688
2018-12-07,154.6875
2018-12-08,197.34375
2018-12-09,436.71875
2018-12-10,800.6875
2018-12-11,913.4531
2018-12-12,1321.8594
2018-12-13,1977.0312
2018-12-14,2561.6875
2018-12-15,3006.5
2018-12-16,3088.2344
2018-12-17,2116.8906
2018-12-18,1303.1719
2018-12-19,684.0469
2018-12-20,344.98438
2018-12-21,267.20312
2018-12-22,231.96875
2018-12-23,212.46875
2018-12-24,255.125
2018-12-25,445.45312
2018-12-26,425.84375
2018-12-27,232.54688
2018-12-28,339.625
2018-12-29,1593.4219
2018-12-30,2855.9531
2018-12-31,2267.5469
2019-01-01,1349.5
2019-01-02,834.5
2019-01-03,581.21875
2019-01-04,418.625
2019-01-05,294.46875
2019-01-06,297.28125
2019-01-07,353.25
2019-01-08,268.34375
2019-01-09,200.71875
2019-01-10,181.5625
2019-01-11,173.1875
2019-01-12,167.96875
2019-01-13,164.53125
2019-01-14,161.65625
2019-01-15,159.53125
2019-01-16,261.34375
2019-01-17,1296.4375
2019-01-18,2220.4062
2019-01-19,1253.0
2019-01-20,454.90625
2019-01-21,407.65625
2019-01-22,1006.375
2019-01-23,932.125
2019-01-24,452.59375
2019-01-25,264.84375
2019-01-26,222.96875
2019-01-27,288.46875
2019-01-28,343.09375
2019-01-29,216.40625
2019-01-30,181.96875
2019-01-31,174.0
2019-02-01,168.6875
2019-02-02,164.59375
2019-02-03,160.96875
2019-02-04,158.28125
2019-02-05,156.53125
2019-02-06,154.9375
2019-02-07,153.34375
2019-02-08,152.0
2019-02-09,151.0
2019-02-10,150.15625
2019-02-11,149.5625
2019-02-12,149.28125
2019-02-13,148.875
2019-02-14,148.03125
2019-02-15,147.1875
2019-02-16,146.53125
2019-02-17,146.0
2019-02-18,145.5625
2019-02-19,145.0625
2019-02-20,144.625
2019-02-21,144.8125
2019-02-22,147.40625
2019-02-23,146.90625
2019-02-24,144.3125
2019-02-25,143.625
2019-02-26,143.1875
2019-02-27,142.71875
2019-02-28,142.1875
2019-03-01,141.75
2019-03-02,141.40625
2019-03-03,141.03125
2019-03-04,140.75
2019-03-05,140.46875
2019-03-06,140.1875
2019-03-07,140.0
2019-03-08,139.84375
2019-03-09,140.21875
2019-03-10,141.21875
2019-03-11,139.78125
2019-03-12,140.46875
2019-03-13,142.3125
2019-03-14,139.46875
2019-03-15,145.59375
2019-03-16,154.125
2019-03-17,149.28125
2019-03-18,146.78125
2019-03-19,146.0625
2019-03-20,145.65625
2019-03-21,145.3125
2019-03-22,145.0
2019-03-23,145.125
2019-03-24,148.8125
2019-03-25,186.28125
2019-03-26,229.4375
2019-03-27,163.375
2019-03-28,140.625
2019-03-29,137.96875
2019-03-30,151.34375
2019-03-31,198.9375
2019-04-01,223.4375
2019-04-02,196.09375
2019-04-03,159.96875
2019-04-04,143.21875
2019-04-05,140.4375
2019-04-06,138.65625
2019-04-07,138.21875
2019-04-08,138.71875
2019-04-09,144.21875
2019-04-10,150.84375
2019-04-11,151.28125
2019-04-12,157.0625
2019-04-13,178.25
2019-04-14,194.96875
2019-04-15,200.09375
2019-04-16,234.21875
2019-04-17,243.4375
2019-04-18,194.90625
2019-04-19,181.0
2019-04-20,153.34375
2019-04-21,155.28125
2019-04-22,183.03125
2019-04-23,160.0
2019-04-24,141.59375
2019-04-25,136.59375
2019-04-26,135.28125
2019-04-27,134.8125
2019-04-28,142.59375
2019-04-29,179.40625
2019-04-30,202.8125
2019-05-01,178.65625
2019-05-02,161.3125
2019-05-03,182.25
2019-05-04,215.40625
2019-05-05,270.9375
2019-05-06,244.0625
2019-05-07,173.53125
2019-05-08,293.9375
2019-05-09,638.78125
2019-05-10,788.65625
2019-05-11,730.90625
2019-05-12,690.9375
2019-05-13,639.0
2019-05-14,470.625
2019-05-15,317.1875
2019-05-16,211.53125
2019-05-17,179.03125
2019-05-18,162.4375
2019-05-19,153.84375
2019-05-20,149.15625
2019-05-21,146.46875
2019-05-22,158.75
2019-05-23,389.4375
2019-05-24,731.5
2019-05-25,629.59375
2019-05-26,670.3125
2019-05-27,617.5
2019-05-28,358.25
2019-05-29,429.0
2019-05-30,580.0
2019-05-31,590.5
2019-06-01,700.34375
2019-06-02,820.96875
2019-06-03,601.84375
2019-06-04,417.1875
2019-06-05,459.125
2019-06-06,398.71875
2019-06-07,321.375
2019-06-08,471.25
2019-06-09,417.0
2019-06-10,238.46875
2019-06-11,194.3125
2019-06-12,167.71875
2019-06-13,158.90625
2019-06-14,170.9375
2019-06-15,168.875
2019-06-16,154.28125
2019-06-17,147.8125
2019-06-18,171.46875
2019-06-19,247.40625
2019-06-20,239.1875
2019-06-21,168.5625
2019-06-22,151.59375
2019-06-23,164.84375
2019-06-24,153.9375
2019-06-25,150.5625
2019-06-26,182.125
2019-06-27,177.53125
2019-06-28,149.625
2019-06-29,138.25
2019-06-30,136.375
2019-07-01,136.59375
2019-07-02,265.875
2019-07-03,730.84375
2019-07-04,616.625
2019-07-05,272.96875
2019-07-06,198.875
2019-07-07,176.1875
2019-07-08,164.26562
2019-07-09,156.20312
2019-07-10,150.54688
2019-07-11,146.84375
2019-07-12,146.39062
2019-07-13,153.34375
2019-07-14,145.40625
2019-07-15,139.29688
2019-07-16,139.60938
2019-07-17,142.75
2019-07-18,158.21875
2019-07-19,148.01562
2019-07-20,136.9375
2019-07-21,135.42188
2019-07-22,140.28125
2019-07-23,148.48438
2019-07-24,143.125
2019-07-25,146.85938
2019-07-26,145.09375
2019-07-27,163.21875
2019-07-28,200.71875
2019-07-29,224.84375
2019-07-30,199.125
2019-07-31,204.28125
2019-08-01,272.35938
2019-08-02,334.40625
2019-08-03,210.67188
2019-08-04,159.26562
2019-08-05,146.625
2019-08-06,145.9375
2019-08-07,162.17188
2019-08-08,180.70312
2019-08-09,162.42188
2019-08-10,174.07812
2019-08-11,212.9375
2019-08-12,214.26562
2019-08-13,161.89062
2019-08-14,140.10938
2019-08-15,135.625
2019-08-16,134.875
2019-08-17,134.5625
2019-08-18,135.67188
2019-08-19,133.15625
2019-08-20,131.45312
2019-08-21,134.75
2019-08-22,138.5625
2019-08-23,149.39062
2019-08-24,172.75
2019-08-25,199.82812
2019-08-26,227.32812
2019-08-27,202.14062
2019-08-28,182.07812
2019-08-29,861.03125
2019-08-30,1580.2656
2019-08-31,972.71875
2019-09-01,464.3125
2019-09-02,1411.7344
2019-09-03,3528.7031
2019-09-04,3327.0
2019-09-05,1659.1172
2019-09-06,682.3594
2019-09-07,410.84375
2019-09-08,325.58594
2019-09-09,280.32812
2019-09-10,242.42188
2019-09-11,205.89844
2019-09-12,186.19531
2019-09-13,183.33594
2019-09-14,191.89844
2019-09-15,178.04688
2019-09-16,154.63281
2019-09-17,150.35938
2019-09-18,166.11719
2019-09-19,188.67969
2019-09-20,569.3906
2019-09-21,894.2656
2019-09-22,722.97656
2019-09-23,440.64844
2019-09-24,242.42188
2019-09-25,211.8125
2019-09-26,215.10938
2019-09-27,228.1875
2019-09-28,183.49219
2019-09-29,153.04688
2019-09-30,143.60156
2019-10-01,139.71875
2019-10-02,137.78906
2019-10-03,139.9375
2019-10-04,151.39062
2019-10-05,155.89062
2019-10-06,141.44531
2019-10-07,134.14844
2019-10-08,132.71094
2019-10-09,134.72656
2019-10-10,155.17969
2019-10-11,184.17188
2019-10-12,165.10156
2019-10-13,140.4375
2019-10-14,136.50781
2019-10-15,222.91406
2019-10-16,485.79688
2019-10-17,817.96094
2019-10-18,865.21875
2019-10-19,683.5469
2019-10-20,555.5469
2019-10-21,375.6797
2019-10-22,221.72656
2019-10-23,175.83594
2019-10-24,161.00781
2019-10-25,153.97656
2019-10-26,170.36719
2019-10-27,197.57031
2019-10-28,163.58594
2019-10-29,163.32031
2019-10-30,1976.5312
2019-10-31,5823.625
2019-11-01,4186.0547
2019-11-02,1847.3047
2019-11-03,916.0547
2019-11-04,542.8203
2019-11-05,345.10156
2019-11-06,270.0
2019-11-07,226.42188
2019-11-08,205.24219
2019-11-09,202.61719
2019-11-10,718.4375
2019-11-11,2930.586
2019-11-12,2374.414
2019-11-13,1040.3281
2019-11-14,522.03906
2019-11-15,414.1328
2019-11-16,294.1172
2019-11-17,221.71094
2019-11-18,193.82812
2019-11-19,182.74219
2019-11-20,203.51562
2019-11-21,287.26562
2019-11-22,285.90625
2019-11-23,182.42188
2019-11-24,151.32812
2019-11-25,146.79688
2019-11-26,217.32812
2019-11-27,675.6094
2019-11-28,1780.0625
2019-11-29,2768.2969
2019-11-30,1969.3281
2019-12-01,982.03125
2019-12-02,523.4375
2019-12-03,592.8281
2019-12-04,645.0781
2019-12-05,422.14062
2019-12-06,297.79688
2019-12-07,227.53125
2019-12-08,179.5
2019-12-09,165.70312
2019-12-10,171.75
2019-12-11,155.375
2019-12-12,146.70312
2019-12-13,178.53125
2019-12-14,230.89062
2019-12-15,182.60938
2019-12-16,181.73438
2019-12-17,154.8125
2019-12-18,143.32812
2019-12-19,141.0625
2019-12-20,140.32812
2019-12-21,139.92188
2019-12-22,138.4375
2019-12-23,137.21875
2019-12-24,136.45312
2019-12-25,136.03125
2019-12-26,135.42188
2019-12-27,135.21875
2019-12-28,141.90625
2019-12-29,153.10938
2019-12-30,146.5625
2019-12-31,150.96875
2020-01-01,250.85938
2020-01-02,363.92188
2020-01-03,336.53125
2020-01-04,288.53125
2020-01-05,176.875
2020-01-06,147.6875
2020-01-07,141.84375
2020-01-08,139.75
2020-01-09,138.46875
2020-01-10,137.1875
2020-01-11,136.28125
2020-01-12,135.90625
2020-01-13,136.90625
2020-01-14,136.125
2020-01-15,133.96875
2020-01-16,133.09375
2020-01-17,132.71875
2020-01-18,132.5
2020-01-19,132.40625
2020-01-20,132.21875
2020-01-21,131.71875
2020-01-22,130.9375
2020-01-23,130.25
2020-01-24,129.84375
2020-01-25,129.59375
2020-01-26,129.5
2020-01-27,129.75
2020-01-28,132.73438
2020-01-29,191.40625
2020-01-30,334.29688
2020-01-31,317.53125
2020-02-01,186.64062
2020-02-02,147.17188
2020-02-03,137.5
2020-02-04,135.01562
2020-02-05,133.75
2020-02-06,132.48438
2020-02-07,131.26562
2020-02-08,130.95312
2020-02-09,135.14062
2020-02-10,153.0625
2020-02-11,165.15625
2020-02-12,143.48438
2020-02-13,131.45312
2020-02-14,128.9375
2020-02-15,128.14062
2020-02-16,127.703125
2020-02-17,141.84375
2020-02-18,316.65625
2020-02-19,516.2031
2020-02-20,379.9375
2020-02-21,199.9375
2020-02-22,164.625
2020-02-23,159.03125
2020-02-24,148.89062
2020-02-25,140.51562
2020-02-26,136.53125
2020-02-27,134.375
2020-02-28,132.71875
2020-02-29,131.23438
2020-03-01,130.0
2020-03-02,128.96875
2020-03-03,128.3125
2020-03-04,128.46875
2020-03-05,140.5625
2020-03-06,155.71875
2020-03-07,134.75
2020-03-08,130.6875
2020-03-09,126.875
2020-03-10,125.46875
2020-03-11,125.59375
2020-03-12,125.46875
2020-03-13,124.75
2020-03-14,128.71875
2020-03-15,132.09375
2020-03-16,132.375
2020-03-17,131.9375
2020-03-18,131.6875
2020-03-19,133.09375
2020-03-20,138.4375
2020-03-21,138.15625
2020-03-22,132.53125
2020-03-23,130.75
2020-03-24,126.09375
2020-03-25,124.28125
2020-03-26,128.09375
2020-03-27,123.9375
2020-03-28,123.15625
2020-03-29,121.59375
2020-03-30,120.875
2020-03-31,120.59375
2020-04-01,120.28125
2020-04-02,120.0
2020-04-03,119.90625
2020-04-04,120.3125
2020-04-05,119.875
2020-04-06,119.84375
2020-04-07,120.53125
2020-04-08,121.625
2020-04-09,123.03125
2020-04-10,122.0625
2020-04-11,119.96875
2020-04-12,142.15625
2020-04-13,205.09375
2020-04-14,222.375
2020-04-15,153.4375
2020-04-16,131.1875
2020-04-17,125.90625
2020-04-18,130.15625
2020-04-19,154.46875
2020-04-20,150.28125
2020-04-21,129.3125
2020-04-22,122.1875
2020-04-23,122.71875
2020-04-24,124.75
2020-04-25,131.9375
2020-04-26,147.78125
2020-04-27,138.1875
2020-04-28,138.25
2020-04-29,128.96875
2020-04-30,121.59375
2020-05-01,119.375
2020-05-02,118.65625
2020-05-03,118.28125
2020-05-04,117.9375
2020-05-05,117.46875
2020-05-06,117.03125
2020-05-07,116.875
2020-05-08,117.0
2020-05-09,116.46875
2020-05-10,116.09375
2020-05-11,115.875
2020-05-12,115.71875
2020-05-13,115.4375
2020-05-14,115.21875
2020-05-15,115.25
2020-05-16,115.65625
2020-05-17,115.5625
2020-05-18,115.5625
2020-05-19,116.03125
2020-05-20,118.03125
2020-05-21,126.4375
2020-05-22,135.6875
2020-05-23,621.59375
2020-05-24,747.28125
2020-05-25,482.71875
2020-05-26,356.75
2020-05-27,537.65625
2020-05-28,485.71875
2020-05-29,272.6875
2020-05-30,261.1875
2020-05-31,294.46875
2020-06-01,424.6875
2020-06-02,456.53125
2020-06-03,313.59375
2020-06-04,313.25
2020-06-05,281.6875
2020-06-06,188.21875
2020-06-07,162.90625
2020-06-08,147.8125
2020-06-09,134.25
2020-06-10,127.59375
2020-06-11,130.84375
2020-06-12,171.875
2020-06-13,199.78125
2020-06-14,156.0625
2020-06-15,238.65625
2020-06-16,329.25
2020-06-17,214.34375
2020-06-18,186.46875
2020-06-19,149.28125
2020-06-20,134.5625
2020-06-21,127.875
2020-06-22,123.84375
2020-06-23,122.359375
2020-06-24,123.390625
2020-06-25,121.15625
2020-06-26,119.28125
2020-06-27,132.39062
2020-06-28,187.07812
2020-06-29,225.67188
2020-06-30,190.25
2020-07-01,178.375
2020-07-02,146.8125
2020-07-03,164.625
2020-07-04,267.65625
2020-07-05,295.26562
2020-07-06,217.125
2020-07-07,169.10938
2020-07-08,170.70312
2020-07-09,150.76562
2020-07-10,129.64062
2020-07-11,121.671875
2020-07-12,123.125
2020-07-13,141.40625
2020-07-14,172.26562
2020-07-15,220.46875
2020-07-16,249.14062
2020-07-17,285.875
2020-07-18,243.0
2020-07-19,240.32812
2020-07-20,200.84375
2020-07-21,166.5
2020-07-22,173.64062
2020-07-23,216.98438
2020-07-24,346.90625
2020-07-25,327.625
2020-07-26,192.375
2020-07-27,194.0625
2020-07-28,376.89062
2020-07-29,707.1875
2020-07-30,633.1094
2020-07-31,539.8906
2020-08-01,936.2969
2020-08-02,886.6719
2020-08-03,527.15625
2020-08-04,299.375
2020-08-05,249.40625
2020-08-06,424.375
2020-08-07,580.6875
2020-08-08,460.67188
2020-08-09,543.9219
2020-08-10,613.875
2020-08-11,374.75
2020-08-12,242.42188
2020-08-13,407.34375
2020-08-14,443.40625
2020-08-15,254.78125
2020-08-16,273.21875
2020-08-17,401.59375
2020-08-18,682.9531
2020-08-19,1107.5625
2020-08-20,1213.0469
2020-08-21,864.6875
2020-08-22,677.28906
2020-08-23,779.78125
2020-08-24,590.28906
2020-08-25,333.67188
2020-08-26,213.44531
2020-08-27,173.53125
2020-08-28,159.35156
2020-08-29,157.16406
2020-08-30,175.67188
2020-08-31,193.29688
2020-09-01,199.125
2020-09-02,201.875
2020-09-03,170.15625
2020-09-04,163.98438
2020-09-05,145.21094
2020-09-06,151.42188
2020-09-07,145.96094
2020-09-08,139.74219
2020-09-09,159.125
2020-09-10,304.72656
2020-09-11,522.2969
2020-09-12,456.6328
2020-09-13,305.2578
2020-09-14,231.00781
2020-09-15,182.72656
2020-09-16,155.07031
2020-09-17,1465.8594
2020-09-18,4031.9453
2020-09-19,2471.7031
2020-09-20,922.72656
2020-09-21,587.16406
2020-09-22,571.08594
2020-09-23,484.77344
2020-09-24,324.5625
2020-09-25,220.38281
2020-09-26,208.03906
2020-09-27,207.03906
2020-09-28,205.14844
2020-09-29,252.00781
2020-09-30,364.33594
2020-10-01,448.89844
2020-10-02,404.47656
2020-10-03,301.84375
2020-10-04,370.9297
2020-10-05,465.78906
2020-10-06,596.3203
2020-10-07,2508.9922
2020-10-08,4830.3984
2020-10-09,4245.4297
2020-10-10,5115.9375
2020-10-11,8116.664
2020-10-12,8204.773
2020-10-13,3391.4453
2020-10-14,1417.7266
2020-10-15,1444.0234
2020-10-16,2068.1797
2020-10-17,4092.8438
2020-10-18,5652.1484
2020-10-19,3570.3594
2020-10-20,2410.0469
2020-10-21,2304.75
2020-10-22,1409.7031
2020-10-23,628.5547
2020-10-24,381.1953
2020-10-25,613.1797
2020-10-26,783.2969
2020-10-27,1097.5469
2020-10-28,5753.375
2020-10-29,9395.805
2020-10-30,3632.5
2020-10-31,1162.8438
2020-11-01,1411.9219
2020-11-02,1012.85156
2020-11-03,515.7656
2020-11-04,301.98438
2020-11-05,622.0156
2020-11-06,2812.9297
2020-11-07,3377.6094
2020-11-08,1497.7109
2020-11-09,959.4375
2020-11-10,4324.664
2020-11-11,9595.844
2020-11-12,6187.586
2020-11-13,2297.3047
2020-11-14,1146.6328
2020-11-15,1870.3828
2020-11-16,1266.5156
2020-11-17,557.58594
2020-11-18,365.82812
2020-11-19,255.26562
2020-11-20,214.79688
2020-11-21,193.32031
2020-11-22,178.88281
2020-11-23,165.66406
2020-11-24,187.47656
2020-11-25,302.60156
2020-11-26,370.0078
2020-11-27,500.70312
2020-11-28,1769.9375
2020-11-29,4914.3438
2020-11-30,5968.0
2020-12-01,5952.7266
2020-12-02,3823.3594
2020-12-03,1678.3281
2020-12-04,907.4531
2020-12-05,659.47656
2020-12-06,441.39844
2020-12-07,338.8828
2020-12-08,292.39844
2020-12-09,318.6797
2020-12-10,215.21875
2020-12-11,176.01562
2020-12-12,190.21094
2020-12-13,188.40625
2020-12-14,238.75781
2020-12-15,817.10156
2020-12-16,1201.4688
2020-12-17,1655.875
2020-12-18,1585.125
2020-12-19,1713.875
2020-12-20,1549.4531
2020-12-21,1001.28125
2020-12-22,564.5625
2020-12-23,310.23438
2020-12-24,249.78125
2020-12-25,420.20312
2020-12-26,589.5625
2020-12-27,417.25
2020-12-28,225.0625
2020-12-29,181.5
2020-12-30,211.90625
2020-12-31,742.8594
2021-01-01,880.3281
2021-01-02,462.5
2021-01-03,258.42188
2021-01-04,260.29688
2021-01-05,311.375
2021-01-06,384.60938
2021-01-07,516.15625
2021-01-08,683.125
2021-01-09,1274.0625
2021-01-10,1126.6094
2021-01-11,693.65625
2021-01-12,547.9844
2021-01-13,391.40625
2021-01-14,231.89062
2021-01-15,190.125
2021-01-16,175.71875
2021-01-17,199.53125
2021-01-18,602.8125
2021-01-19,659.3906
2021-01-20,282.1875
2021-01-21,195.5
2021-01-22,175.0
2021-01-23,166.3125
2021-01-24,160.82812
2021-01-25,154.6875
2021-01-26,150.35938
2021-01-27,147.71875
2021-01-28,147.32812
2021-01-29,162.57812
2021-01-30,186.125
2021-01-31,158.4375
2021-02-01,145.0625
2021-02-02,143.09375
2021-02-03,140.125
2021-02-04,139.15625
2021-02-05,140.125
2021-02-06,144.75
2021-02-07,143.3125
2021-02-08,138.28125
2021-02-09,137.53125
2021-02-10,148.3125
2021-02-11,170.625
2021-02-12,147.65625
2021-02-13,136.6875
2021-02-14,135.09375
2021-02-15,134.34375
2021-02-16,133.65625
2021-02-17,133.46875
2021-02-18,134.5
2021-02-19,157.375
2021-02-20,190.6875
2021-02-21,151.3125
2021-02-22,135.1875
2021-02-23,132.75
2021-02-24,132.1875
2021-02-25,131.65625
2021-02-26,131.28125
2021-02-27,131.125
2021-02-28,131.1875
2021-03-01,132.0625
2021-03-02,137.71875
2021-03-03,212.25
2021-03-04,248.46875
2021-03-05,156.03125
2021-03-06,133.9375
2021-03-07,131.40625
2021-03-08,131.0
2021-03-09,130.71875
2021-03-10,130.28125
2021-03-11,129.84375
2021-03-12,129.53125
2021-03-13,129.28125
2021-03-14,128.96875
2021-03-15,132.90625
2021-03-16,135.71875
2021-03-17,135.84375
2021-03-18,135.5
2021-03-19,135.21875
2021-03-20,134.96875
2021-03-21,135.46875
2021-03-22,227.25
2021-03-23,621.6875
2021-03-24,584.1875
2021-03-25,293.1875
2021-03-26,199.0625
2021-03-27,170.28125
2021-03-28,157.5625
2021-03-29,149.5
2021-03-30,143.9375
2021-03-31,139.78125
2021-04-01,136.6875
2021-04-02,137.4375
2021-04-03,143.28125
2021-04-04,140.96875
2021-04-05,134.71875
2021-04-06,130.28125
2021-04-07,128.90625
2021-04-08,128.15625
2021-04-09,131.84375
2021-04-10,140.28125
2021-04-11,130.34375
2021-04-12,126.75
2021-04-13,126.0
2021-04-14,125.5625
2021-04-15,130.34375
2021-04-16,157.40625
2021-04-17,171.8125
2021-04-18,147.3125
2021-04-19,144.3125
2021-04-20,416.125
2021-04-21,772.40625
2021-04-22,592.59375
2021-04-23,390.8125
2021-04-24,295.5
2021-04-25,185.90625
2021-04-26,162.96875
2021-04-27,156.03125
2021-04-28,145.90625
2021-04-29,139.625
2021-04-30,136.0625
2021-05-01,135.0625
2021-05-02,154.34375
2021-05-03,192.53125
2021-05-04,169.59375
2021-05-05,146.3125
2021-05-06,132.59375
2021-05-07,127.375
2021-05-08,125.625
2021-05-09,124.6875
2021-05-10,124.1875
2021-05-11,140.84375
2021-05-12,179.375
2021-05-13,154.5
2021-05-14,159.78125
2021-05-15,166.6875
2021-05-16,217.375
2021-05-17,160.3125
2021-05-18,133.09375
2021-05-19,128.5
2021-05-20,148.3125
2021-05-21,173.71875
2021-05-22,139.03125
2021-05-23,134.125
2021-05-24,156.0
2021-05-25,233.1875
2021-05-26,329.78125
2021-05-27,267.0625
2021-05-28,284.6875
2021-05-29,301.84375
2021-05-30,179.96875
2021-05-31,140.8125
2021-06-01,132.5625
2021-06-02,129.4375
2021-06-03,131.21875
2021-06-04,142.09375
2021-06-05,133.875
2021-06-06,126.9375
2021-06-07,131.9375
2021-06-08,150.75
2021-06-09,184.96875
2021-06-10,162.28125
2021-06-11,164.625
2021-06-12,400.0
2021-06-13,578.25
2021-06-14,423.1875
2021-06-15,212.84375
2021-06-16,156.34375
2021-06-17,143.15625
2021-06-18,154.5625
2021-06-19,189.03125
2021-06-20,151.09375
2021-06-21,130.65625
2021-06-22,126.40625
2021-06-23,124.78125
2021-06-24,123.78125
2021-06-25,124.3125
2021-06-26,130.09375
2021-06-27,139.8125
2021-06-28,129.84375
2021-06-29,122.234375
2021-06-30,120.265625
2021-07-01,119.703125
2021-07-02,119.265625
2021-07-03,118.859375
2021-07-04,118.5625
2021-07-05,118.875
2021-07-06,120.5625
2021-07-07,122.921875
2021-07-08,138.09375
2021-07-09,196.65625
2021-07-10,271.82812
2021-07-11,199.46875
2021-07-12,160.07812
2021-07-13,189.54688
2021-07-14,295.23438
2021-07-15,325.84375
2021-07-16,249.03125
2021-07-17,234.29688
2021-07-18,303.04688
2021-07-19,237.82812
2021-07-20,245.90625
2021-07-21,253.89062
2021-07-22,173.34375
2021-07-23,143.90625
2021-07-24,164.04688
2021-07-25,242.21875
2021-07-26,263.60938
2021-07-27,175.42188
2021-07-28,137.125
2021-07-29,126.359375
2021-07-30,123.90625
2021-07-31,121.984375
2021-08-01,120.015625
2021-08-02,119.375
2021-08-03,118.75
2021-08-04,118.71875
2021-08-05,119.078125
2021-08-06,118.21875
2021-08-07,116.921875
2021-08-08,116.3125
2021-08-09,115.984375
2021-08-10,115.984375
2021-08-11,116.953125
2021-08-12,121.796875
2021-08-13,133.95312
2021-08-14,125.078125
2021-08-15,118.65625
2021-08-16,121.671875
2021-08-17,122.640625
2021-08-18,128.14062
2021-08-19,128.6875
2021-08-20,135.17188
2021-08-21,146.8125
2021-08-22,159.90625
2021-08-23,157.625
2021-08-24,146.0
2021-08-25,170.66406
2021-08-26,206.13281
2021-08-27,355.9297
2021-08-28,512.4844
2021-08-29,470.59375
2021-08-30,347.14844
2021-08-31,359.96094
2021-09-01,327.0
2021-09-02,636.3203
2021-09-03,799.96094
2021-09-04,613.1328
2021-09-05,509.03125
2021-09-06,564.1953
2021-09-07,447.70312
2021-09-08,347.58594
2021-09-09,576.2969
2021-09-10,1134.6719
2021-09-11,3810.164
2021-09-12,8969.633
2021-09-13,7368.0703
2021-09-14,2612.1875
2021-09-15,1030.3203
2021-09-16,778.6875
2021-09-17,499.95312
2021-09-18,456.0547
2021-09-19,375.1172
2021-09-20,273.21094
2021-09-21,625.47656
2021-09-22,975.40625
2021-09-23,1877.6406
2021-09-24,4014.586
2021-09-25,2340.9922
2021-09-26,1098.9922
2021-09-27,729.3672
2021-09-28,388.92188
2021-09-29,277.3672
2021-09-30,228.96875
2021-10-01,191.85156
2021-10-02,173.65625
2021-10-03,161.40625
2021-10-04,153.96875
2021-10-05,186.61719
2021-10-06,2207.7578
2021-10-07,8114.992
2021-10-08,7946.5156
2021-10-09,3118.5781
2021-10-10,992.5781
2021-10-11,519.0547
2021-10-12,391.51562
2021-10-13,408.3203
2021-10-14,618.0625
2021-10-15,1661.2188
2021-10-16,6644.8125
2021-10-17,9377.102
2021-10-18,5621.875
2021-10-19,1927.625
2021-10-20,674.3672
2021-10-21,487.57812
2021-10-22,714.72656
2021-10-23,2844.6172
2021-10-24,4862.242
2021-10-25,3152.4922
2021-10-26,1450.3203
2021-10-27,1348.2344
2021-10-28,1505.9531
2021-10-29,1063.9297
2021-10-30,716.78906
2021-10-31,577.41406
2021-11-01,466.375
2021-11-02,310.8125
2021-11-03,217.60156
2021-11-04,186.6875
2021-11-05,169.33594
2021-11-06,158.21094
2021-11-07,151.375
2021-11-08,558.90625
2021-11-09,2542.6328
2021-11-10,1708.5625
2021-11-11,737.28125
2021-11-12,622.10156
2021-11-13,1483.9453
2021-11-14,2841.5078
2021-11-15,3161.4453
2021-11-16,2327.211
2021-11-17,1706.8594
2021-11-18,1876.7031
2021-11-19,1439.8125
2021-11-20,716.5703
2021-11-21,324.23438
2021-11-22,251.375
2021-11-23,526.1172
2021-11-24,1719.3281
2021-11-25,1682.1797
2021-11-26,875.89844
2021-11-27,590.09375
2021-11-28,2795.5781
2021-11-29,6868.3125
2021-11-30,6879.0312
2021-12-01,3097.7188
2021-12-02,1126.7344
2021-12-03,658.40625
2021-12-04,514.625
2021-12-05,318.82812
2021-12-06,299.96875
2021-12-07,349.6875
2021-12-08,262.28125
2021-12-09,258.25
2021-12-10,302.85938
2021-12-11,235.125
2021-12-12,193.28125
2021-12-13,373.89062
2021-12-14,521.59375
2021-12-15,405.34375
2021-12-16,298.4375
2021-12-17,211.09375
2021-12-18,577.59375
2021-12-19,1281.2031
2021-12-20,1508.8438
2021-12-21,861.0156
2021-12-22,315.07812
2021-12-23,235.57812
2021-12-24,293.40625
2021-12-25,432.48438
2021-12-26,1270.7344
2021-12-27,2286.7656
2021-12-28,2561.1719
2021-12-29,1646.9062
2021-12-30,878.6406
2021-12-31,767.7656
2022-01-01,621.5781
2022-01-02,594.0
2022-01-03,750.4219
2022-01-04,544.7969
2022-01-05,294.46875
2022-01-06,207.03125
2022-01-07,182.875
2022-01-08,182.5625
2022-01-09,200.5625
2022-01-10,197.375
2022-01-11,170.6875
2022-01-12,233.625
2022-01-13,269.25
2022-01-14,174.6875
2022-01-15,152.46875
2022-01-16,146.84375
2022-01-17,144.375
2022-01-18,175.4375
2022-01-19,471.125
2022-01-20,616.0156
2022-01-21,365.23438
2022-01-22,203.54688
2022-01-23,167.34375
2022-01-24,159.20312
2022-01-25,155.65625
2022-01-26,152.01562
2022-01-27,147.23438
2022-01-28,144.29688
2022-01-29,142.32812
2022-01-30,142.17188
2022-01-31,176.84375
2022-02-01,249.25
2022-02-02,235.26562
2022-02-03,166.23438
2022-02-04,155.67188
2022-02-05,350.5
2022-02-06,573.03125
2022-02-07,417.5
2022-02-08,211.21875
2022-02-09,166.64062
2022-02-10,157.09375
2022-02-11,152.09375
2022-02-12,148.39062
2022-02-13,146.25
2022-02-14,163.0625
2022-02-15,226.07812
2022-02-16,254.25
2022-02-17,206.73438
2022-02-18,244.6875
2022-02-19,430.21875
2022-02-20,884.375
2022-02-21,670.59375
2022-02-22,268.59375
2022-02-23,205.21875
2022-02-24,183.75
2022-02-25,173.9375
2022-02-26,179.5625
2022-02-27,229.5625
2022-02-28,279.9375
2022-03-01,188.5625
2022-03-02,155.125
2022-03-03,148.625
2022-03-04,145.375
2022-03-05,143.0
2022-03-06,141.21875
2022-03-07,140.40625
2022-03-08,171.3125
2022-03-09,221.1875
2022-03-10,160.0625
2022-03-11,139.15625
2022-03-12,136.34375
2022-03-13,135.375
2022-03-14,134.375
2022-03-15,138.34375
2022-03-16,141.5
2022-03-17,142.4375
2022-03-18,154.125
2022-03-19,201.09375
2022-03-20,262.15625
2022-03-21,246.125
2022-03-22,241.0
2022-03-23,324.3125
2022-03-24,703.125
2022-03-25,628.15625
2022-03-26,296.53125
2022-03-27,220.28125
2022-03-28,265.40625
2022-03-29,283.59375
2022-03-30,244.84375
2022-03-31,2219.7812
2022-04-01,9356.281
2022-04-02,11014.5625
2022-04-03,4366.9375
2022-04-04,1326.3438
2022-04-05,829.03125
2022-04-06,732.28125
2022-04-07,592.0625
2022-04-08,376.875
2022-04-09,254.5625
2022-04-10,214.96875
2022-04-11,193.90625
2022-04-12,179.4375
2022-04-13,500.84375
2022-04-14,1300.5625
2022-04-15,764.21875
2022-04-16,364.53125
2022-04-17,312.3125
2022-04-18,216.53125
2022-04-19,186.09375
2022-04-20,187.78125
2022-04-21,213.84375
2022-04-22,259.53125
2022-04-23,362.40625
2022-04-24,473.34375
2022-04-25,519.21875
2022-04-26,457.75
2022-04-27,304.3125
2022-04-28,264.75
2022-04-29,201.875
2022-04-30,229.9375
2022-05-01,1109.9062
2022-05-02,2225.9062
2022-05-03,1297.875
2022-05-04,464.8125
2022-05-05,302.0625
2022-05-06,247.75
2022-05-07,252.6875
2022-05-08,304.4375
2022-05-09,504.34375
2022-05-10,739.34375
2022-05-11,616.21875
2022-05-12,434.59375
2022-05-13,350.75
2022-05-14,262.65625
2022-05-15,478.28125
2022-05-16,1187.9688
2022-05-17,1181.7812
2022-05-18,625.9375
2022-05-19,368.90625
2022-05-20,950.15625
2022-05-21,1981.75
2022-05-22,1394.6562
2022-05-23,728.375
2022-05-24,494.5
2022-05-25,434.78125
2022-05-26,426.71875
2022-05-27,407.375
2022-05-28,344.625
2022-05-29,381.4375
2022-05-30,290.125
2022-05-31,298.34375
2022-06-01,480.4375
2022-06-02,607.0
2022-06-03,494.53125
2022-06-04,399.53125
2022-06-05,247.03125
2022-06-06,184.65625
2022-06-07,168.0
2022-06-08,176.625
2022-06-09,188.125
2022-06-10,176.625
2022-06-11,160.9375
2022-06-12,154.25
2022-06-13,167.5
2022-06-14,164.59375
2022-06-15,165.90625
2022-06-16,224.34375
2022-06-17,286.34375
2022-06-18,209.625
2022-06-19,163.59375
2022-06-20,146.21875
2022-06-21,141.4375
2022-06-22,140.125
2022-06-23,150.03125
2022-06-24,229.0625
2022-06-25,374.0625
2022-06-26,483.76562
2022-06-27,496.14062
2022-06-28,360.03125
2022-06-29,240.23438
2022-06-30,198.71875
2022-07-01,195.78125
2022-07-02,225.95312
2022-07-03,229.9375
2022-07-04,180.98438
2022-07-05,151.34375
2022-07-06,145.25
2022-07-07,157.84375
2022-07-08,197.76562
2022-07-09,399.90625
2022-07-10,806.8125
2022-07-11,909.2969
2022-07-12,582.6406
2022-07-13,810.8281
2022-07-14,1255.3438
2022-07-15,1151.3438
2022-07-16,699.8125
2022-07-17,345.09375
2022-07-18,262.46875
2022-07-19,214.03125
2022-07-20,304.375
2022-07-21,872.4844
2022-07-22,793.4844
2022-07-23,439.65625
2022-07-24,434.48438
2022-07-25,336.20312
2022-07-26,213.10938
2022-07-27,176.54688
2022-07-28,192.46875
2022-07-29,252.57812
2022-07-30,227.96875
2022-07-31,282.76562
2022-08-01,792.7969
2022-08-02,905.6719
2022-08-03,775.3281
2022-08-04,626.46875
2022-08-05,418.01562
2022-08-06,436.625
2022-08-07,533.9844
2022-08-08,983.09375
2022-08-09,1983.7344
2022-08-10,1461.4531
2022-08-11,617.1719
2022-08-12,346.54688
2022-08-13,317.6875
2022-08-14,316.46875
2022-08-15,282.09375
2022-08-16,415.67188
2022-08-17,640.3125
2022-08-18,566.7031
2022-08-19,418.5625
2022-08-20,413.42188
2022-08-21,457.53125
2022-08-22,430.28125
2022-08-23,332.76562
2022-08-24,472.25
2022-08-25,623.59375
2022-08-26,546.0469
2022-08-27,380.04688
2022-08-28,260.98438
2022-08-29,272.8203
2022-08-30,225.73438
2022-08-31,271.79688
2022-09-01,235.9375
2022-09-02,181.60938
2022-09-03,214.57031
2022-09-04,373.35156
2022-09-05,645.27344
2022-09-06,738.66406
2022-09-07,846.2969
2022-09-08,1199.4141
2022-09-09,912.16406
2022-09-10,704.3203
2022-09-11,559.1328
2022-09-12,290.46875
2022-09-13,255.85156
2022-09-14,310.5625
2022-09-15,504.52344
2022-09-16,659.0156
2022-09-17,702.72656
2022-09-18,702.8125
2022-09-19,720.33594
2022-09-20,677.0078
2022-09-21,482.41406
2022-09-22,622.83594
2022-09-23,1239.7188
2022-09-24,1333.3281
2022-09-25,1297.6406
2022-09-26,1173.4062
2022-09-27,4019.711
2022-09-28,11452.828
2022-09-29,5205.383
2022-09-30,1475.4922
2022-10-01,997.65625
2022-10-02,969.1719
2022-10-03,832.84375
2022-10-04,760.97656
2022-10-05,650.66406
2022-10-06,556.1953
2022-10-07,598.75
2022-10-08,465.625
2022-10-09,420.97656
2022-10-10,1543.7656
2022-10-11,3533.6797
2022-10-12,2764.7578
2022-10-13,1287.2891
2022-10-14,3448.1719
2022-10-15,10439.836
2022-10-16,4192.6797
2022-10-17,1162.0391
2022-10-18,782.0625
2022-10-19,410.27344
2022-10-20,315.7422
2022-10-21,266.78125
2022-10-22,321.28125
2022-10-23,854.21094
2022-10-24,748.53906
2022-10-25,1526.4766
2022-10-26,3637.711
2022-10-27,2154.9453
2022-10-28,896.0
2022-10-29,530.0625
2022-10-30,609.9453
2022-10-31,511.41406
2022-11-01,280.57812
2022-11-02,223.73438
2022-11-03,202.55469
2022-11-04,189.38281
2022-11-05,180.26562
2022-11-06,173.74219
2022-11-07,168.82812
2022-11-08,164.64844
2022-11-09,161.65625
2022-11-10,159.42969
2022-11-11,157.66406
2022-11-12,157.14844
2022-11-13,161.5
2022-11-14,195.27344
2022-11-15,220.91406
2022-11-16,193.72656
2022-11-17,161.1875
2022-11-18,152.23438
2022-11-19,199.75
2022-11-20,906.2344
2022-11-21,2278.1016
2022-11-22,2731.875
2022-11-23,1394.125
2022-11-24,653.4844
2022-11-25,556.8906
2022-11-26,452.73438
2022-11-27,436.8828
2022-11-28,477.2578
2022-11-29,373.9453
2022-11-30,293.8672
2022-12-01,254.77344
2022-12-02,965.0703
2022-12-03,2455.7969
2022-12-04,1981.5078
2022-12-05,1682.8203
2022-12-06,2519.4297
2022-12-07,1918.7812
2022-12-08,1463.7344
2022-12-09,1290.2188
2022-12-10,903.03906
2022-12-11,697.6875
2022-12-12,687.71094
2022-12-13,544.8125
2022-12-14,341.5
2022-12-15,241.79688
2022-12-16,209.80469
2022-12-17,451.60156
2022-12-18,1641.5391
2022-12-19,1217.8125
2022-12-20,460.3047
2022-12-21,307.875
2022-12-22,447.6875
2022-12-23,465.90625
2022-12-24,248.8125
2022-12-25,204.35938
2022-12-26,196.97656
2022-12-27,187.30469
2022-12-28,188.9375
2022-12-29,385.78125
2022-12-30,1408.7734
2022-12-31,1157.7812
2023-01-01,506.6797
2023-01-02,286.76562
2023-01-03,288.2578
2023-01-04,639.2344
2023-01-05,1096.0312
2023-01-06,1138.375
2023-01-07,862.2969
2023-01-08,587.5469
2023-01-09,730.7031
2023-01-10,716.0469
2023-01-11,362.46875
2023-01-12,257.01562
2023-01-13,213.07812
2023-01-14,202.5
2023-01-15,181.17188
2023-01-16,226.82812
2023-01-17,757.0781
2023-01-18,1115.625
2023-01-19,871.53125
2023-01-20,524.4375
2023-01-21,312.42188
2023-01-22,224.57812
2023-01-23,197.75
2023-01-24,408.85938
2023-01-25,1700.7344
2023-01-26,1186.1719
2023-01-27,516.34375
2023-01-28,1325.0312
2023-01-29,1327.8906
2023-01-30,694.5625
2023-01-31,358.21875
2023-02-01,251.85938
2023-02-02,217.78125
2023-02-03,202.78125
2023-02-04,194.46875
2023-02-05,181.15625
2023-02-06,173.45312
2023-02-07,168.48438
2023-02-08,164.73438
2023-02-09,161.9375
2023-02-10,159.53125
2023-02-11,157.53125
2023-02-12,155.75
2023-02-13,154.1875
2023-02-14,200.59375
2023-02-15,728.8125
2023-02-16,1511.1562
2023-02-17,1128.9531
2023-02-18,548.1406
2023-02-19,313.76562
2023-02-20,253.84375
2023-02-21,247.59375
2023-02-22,237.75
2023-02-23,255.03125
2023-02-24,228.625
2023-02-25,210.09375
2023-02-26,532.9375
2023-02-27,753.8125
2023-02-28,597.71875
2023-03-01,459.4375
2023-03-02,320.875
2023-03-03,236.84375
2023-03-04,191.46875
2023-03-05,186.90625
2023-03-06,195.875
2023-03-07,173.625
2023-03-08,163.09375
2023-03-09,159.625
2023-03-10,157.53125
2023-03-11,155.6875
2023-03-12,154.4375
2023-03-13,153.96875
2023-03-14,165.53125
2023-03-15,187.5
2023-03-16,167.40625
2023-03-17,159.21875
2023-03-18,157.90625
2023-03-19,157.28125
2023-03-20,156.5625
2023-03-21,155.78125
2023-03-22,155.03125
2023-03-23,154.40625
2023-03-24,153.96875
2023-03-25,149.96875
2023-03-26,149.625
2023-03-27,161.8125
2023-03-28,272.3125
2023-03-29,326.8125
2023-03-30,275.5625
2023-03-31,242.5
2023-04-01,248.71875
2023-04-02,277.9375
2023-04-03,324.03125
2023-04-04,332.875
2023-04-05,207.28125
2023-04-06,169.4375
2023-04-07,184.8125
2023-04-08,172.1875
2023-04-09,155.4375
2023-04-10,150.21875
2023-04-11,148.375
2023-04-12,147.3125
2023-04-13,146.6875
2023-04-14,146.09375
2023-04-15,145.875
2023-04-16,149.40625
2023-04-17,155.875
2023-04-18,150.09375
2023-04-19,147.65625
2023-04-20,144.34375
2023-04-21,143.09375
2023-04-22,143.21875
2023-04-23,147.96875
2023-04-24,191.9375
2023-04-25,265.65625
2023-04-26,205.53125
2023-04-27,163.53125
2023-04-28,149.96875
2023-04-29,147.71875
2023-04-30,154.03125
2023-05-01,149.40625
2023-05-02,144.5625
2023-05-03,143.03125
2023-05-04,142.25
2023-05-05,141.65625
2023-05-06,141.09375
2023-05-07,140.625
2023-05-08,140.6875
2023-05-09,145.3125
2023-05-10,157.125
2023-05-11,200.5
2023-05-12,553.125
2023-05-13,1067.375
2023-05-14,963.5625
2023-05-15,701.46875
2023-05-16,526.65625
2023-05-17,300.5
2023-05-18,217.4375
2023-05-19,190.15625
2023-05-20,176.8125
2023-05-21,169.15625
2023-05-22,165.09375
2023-05-23,158.09375
2023-05-24,192.6875
2023-05-25,462.71875
2023-05-26,567.125
2023-05-27,462.0
2023-05-28,460.59375
2023-05-29,362.0625
2023-05-30,214.96875
2023-05-31,177.28125
2023-06-01,173.875
2023-06-02,161.8125
2023-06-03,155.40625
2023-06-04,182.0
2023-06-05,364.8125
2023-06-06,452.1875
2023-06-07,555.65625
2023-06-08,695.09375
2023-06-09,497.1875
2023-06-10,292.0625
2023-06-11,212.84375
2023-06-12,202.10938
2023-06-13,191.5
2023-06-14,169.57812
2023-06-15,156.54688
2023-06-16,156.35938
2023-06-17,219.25
2023-06-18,333.25
2023-06-19,287.14062
2023-06-20,229.17188
2023-06-21,181.84375
2023-06-22,163.15625
2023-06-23,177.10938
2023-06-24,162.73438
2023-06-25,249.71875
2023-06-26,648.1719
2023-06-27,710.7344
2023-06-28,495.75
2023-06-29,501.375
2023-06-30,482.96875
2023-07-01,314.3125
2023-07-02,269.65625
2023-07-03,289.32812
2023-07-04,230.28125
2023-07-05,255.79688
2023-07-06,337.10938
2023-07-07,322.09375
2023-07-08,286.25
2023-07-09,236.96875
2023-07-10,268.34375
2023-07-11,298.39062
2023-07-12,313.0625
2023-07-13,345.67188
2023-07-14,289.625
2023-07-15,225.07812
2023-07-16,181.03125
2023-07-17,228.375
2023-07-18,580.4375
2023-07-19,641.1875
2023-07-20,621.2969
2023-07-21,603.7344
2023-07-22,374.04688
2023-07-23,252.03125
2023-07-24,341.07812
2023-07-25,1182.5781
2023-07-26,1745.875
2023-07-27,1037.0781
2023-07-28,371.84375
2023-07-29,281.0625
2023-07-30,312.4375
2023-07-31,314.9375
2023-08-01,271.48438
2023-08-02,425.03125
2023-08-03,509.32812
2023-08-04,420.48438
2023-08-05,333.125
2023-08-06,223.59375
2023-08-07,180.17188
2023-08-08,167.74219
2023-08-09,159.16406
2023-08-10,153.875
2023-08-11,151.04688
2023-08-12,149.22656
2023-08-13,148.27344
2023-08-14,165.29688
2023-08-15,258.51562
2023-08-16,276.28125
2023-08-17,187.14844
2023-08-18,170.34375
2023-08-19,164.03125
2023-08-20,168.78125
2023-08-21,182.44531
2023-08-22,242.25
2023-08-23,269.6953
2023-08-24,250.90625
2023-08-25,256.03125
2023-08-26,212.33594
2023-08-27,170.36719
2023-08-28,154.03906
2023-08-29,163.79688
2023-08-30,288.26562
2023-08-31,520.9531
2023-09-01,552.5703
2023-09-02,351.82812
2023-09-03,207.8125
2023-09-04,189.42969
2023-09-05,361.39062
2023-09-06,962.1172
2023-09-07,872.5703
2023-09-08,570.9531
2023-09-09,426.5547
2023-09-10,368.60156
2023-09-11,387.39062
2023-09-12,267.75
2023-09-13,197.125
2023-09-14,229.44531
2023-09-15,701.4297
2023-09-16,1337.6641
2023-09-17,1189.4609
2023-09-18,1149.7422
2023-09-19,1012.4844
2023-09-20,611.64453
2023-09-21,326.11328
2023-09-22,242.77734
2023-09-23,228.58203
2023-09-24,270.3164
2023-09-25,1531.5781
2023-09-26,3164.2422
2023-09-27,1724.6406
2023-09-28,869.75
2023-09-29,1054.3945
2023-09-30,1013.8047
2023-10-01,638.9492
2023-10-02,354.01172
2023-10-03,259.1953
2023-10-04,306.01172
2023-10-05,511.64844
2023-10-06,682.1406
2023-10-07,917.75
2023-10-08,1413.7109
2023-10-09,1471.0078
2023-10-10,2422.289
2023-10-11,2201.0508
2023-10-12,1540.4297
2023-10-13,2343.0117
2023-10-14,3552.6875
2023-10-15,2964.871
2023-10-16,3140.2148
2023-10-17,3786.129
2023-10-18,3388.582
2023-10-19,1893.6523
2023-10-20,775.8008
2023-10-21,451.8125
2023-10-22,334.75
2023-10-23,314.70312
2023-10-24,619.90234
2023-10-25,651.8633
2023-10-26,467.08594
2023-10-27,341.89453
2023-10-28,328.89844
2023-10-29,350.75
2023-10-30,446.42188
2023-10-31,1031.418
2023-11-01,1609.6719
2023-11-02,1515.6758
2023-11-03,871.4258
2023-11-04,414.8203
2023-11-05,263.95312
2023-11-06,231.04688
2023-11-07,238.30469
2023-11-08,257.16406
2023-11-09,334.6836
2023-11-10,343.46484
2023-11-11,249.03516
2023-11-12,192.51562
2023-11-13,385.51172
2023-11-14,1379.4453
2023-11-15,1808.4805
2023-11-16,2004.8008
2023-11-17,2804.0117
2023-11-18,1618.7656
2023-11-19,574.7422
2023-11-20,368.52734
2023-11-21,392.58984
2023-11-22,376.65625
2023-11-23,241.99219
2023-11-24,203.48047
2023-11-25,244.45703
2023-11-26,644.33984
2023-11-27,925.96875
2023-11-28,625.47656
2023-11-29,277.92188
2023-11-30,263.6328
2023-12-01,697.2344
2023-12-02,2040.2188
2023-12-03,1953.5117
2023-12-04,1184.207
2023-12-05,779.5781
2023-12-06,507.53906
2023-12-07,321.97266
2023-12-08,504.34766
2023-12-09,483.23047
2023-12-10,240.21094
2023-12-11,191.88281
2023-12-12,177.60938
2023-12-13,169.38281
2023-12-14,169.78125
2023-12-15,168.44531
2023-12-16,177.63281
2023-12-17,414.14844
2023-12-18,893.4375
2023-12-19,716.5469
2023-12-20,531.0547
2023-12-21,1089.1719
2023-12-22,1459.6875
2023-12-23,1059.6484
2023-12-24,652.7344
2023-12-25,577.22656
2023-12-26,474.96875
2023-12-27,296.14844
2023-12-28,362.82812
2023-12-29,389.3828
2023-12-30,317.10938
2023-12-31,307.8672
