date,discharge_m3s
01/01/2010,166.17188
02/01/2010,162.64062
03/01/2010,160.23438
04/01/2010,158.54688
05/01/2010,156.84375
06/01/2010,154.95312
07/01/2010,153.92188
08/01/2010,154.20312
09/01/2010,154.15625
10/01/2010,152.21875
11/01/2010,151.875
12/01/2010,303.39062
13/01/2010,989.71875
14/01/2010,924.1094
15/01/2010,537
16/01/2010,363.85938
17/01/2010,310.875
18/01/2010,331.82812
19/01/2010,520.46875
20/01/2010,933.3594
21/01/2010,1181.5938
22/01/2010,784.96875
23/01/2010,553.53125
24/01/2010,489.42188
25/01/2010,302.8125
26/01/2010,318.46875
27/01/2010,390.125
28/01/2010,300.09375
29/01/2010,196.78125
30/01/2010,174.625
31/01/2010,168.375
01/02/2010,164.14062
02/02/2010,160.89062
03/02/2010,158.375
04/02/2010,160.26562
05/02/2010,167.875
06/02/2010,162.03125
07/02/2010,153.5
08/02/2010,151.28125
09/02/2010,150.375
10/02/2010,149.5
11/02/2010,148.625
12/02/2010,148.40625
13/02/2010,152.21875
14/02/2010,150.6875
15/02/2010,147.40625
16/02/2010,150.53125
17/02/2010,159.78125
18/02/2010,174.34375
19/02/2010,239.3125
20/02/2010,235.25
21/02/2010,172.90625
22/02/2010,155.5
23/02/2010,217.84375
24/02/2010,255.4375
25/02/2010,173.71875
26/02/2010,167.15625
27/02/2010,153.75
28/02/2010,147.71875
01/03/2010,153.34375
02/03/2010,169.84375
03/03/2010,155.1875
04/03/2010,145.71875
05/03/2010,144
06/03/2010,143.3125
07/03/2010,142.78125
08/03/2010,142.8125
09/03/2010,167.09375
10/03/2010,348.9375
11/03/2010,392.3125
12/03/2010,242.875
13/03/2010,169.34375
14/03/2010,152.375
15/03/2010,153.3125
16/03/2010,154.4375
17/03/2010,156.78125
18/03/2010,169.125
19/03/2010,173.34375
20/03/2010,157.625
21/03/2010,151.375
22/03/2010,150.0625
23/03/2010,149.25
24/03/2010,148.53125
25/03/2010,147.53125
26/03/2010,185.9375
27/03/2010,212.1875
28/03/2010,185.21875
29/03/2010,228.6875
30/03/2010,218.28125
31/03/2010,164.28125
01/04/2010,162.6875
02/04/2010,228.65625
03/04/2010,277.28125
04/04/2010,224.1875
05/04/2010,163.09375
06/04/2010,151.125
07/04/2010,143.40625
08/04/2010,149.4375
09/04/2010,162.46875
10/04/2010,163.625
11/04/2010,151.78125
12/04/2010,142.59375
13/04/2010,139.96875
14/04/2010,149.03125
15/04/2010,177.03125
16/04/2010,155.9375
17/04/2010,147.3125
18/04/2010,149.46875
19/04/2010,178.28125
20/04/2010,205
21/04/2010,221.3125
22/04/2010,168.34375
23/04/2010,148.6875
24/04/2010,175.6875
25/04/2010,192.34375
26/04/2010,151.15625
27/04/2010,152.59375
28/04/2010,245.625
29/04/2010,562.875
30/04/2010,792.96875
01/05/2010,581.6875
02/05/2010,399.6875
03/05/2010,458.84375
04/05/2010,398.40625
05/05/2010,326.5
06/05/2010,258.4375
07/05/2010,188.84375
08/05/2010,176.53125
09/05/2010,186.4375
10/05/2010,166.40625
11/05/2010,214.1875
12/05/2010,229.90625
13/05/2010,170.03125
14/05/2010,152.8125
15/05/2010,158.6875
16/05/2010,215.53125
17/05/2010,222.34375
18/05/2010,165.90625
19/05/2010,171.4375
20/05/2010,157.40625
21/05/2010,156.375
22/05/2010,212.65625
23/05/2010,228.90625
24/05/2010,167.3125
25/05/2010,210
26/05/2010,336.5625
27/05/2010,310.59375
28/05/2010,202.3125
29/05/2010,175.46875
30/05/2010,164.28125
31/05/2010,154.9375
01/06/2010,152.71875
02/06/2010,152.71875
03/06/2010,214.46875
04/06/2010,375.71875
05/06/2010,558.03125
06/06/2010,738.21875
07/06/2010,714.9375
08/06/2010,553.84375
09/06/2010,453.40625
10/06/2010,453.96875
11/06/2010,490.46875
12/06/2010,423.59375
13/06/2010,521.21875
14/06/2010,421.375
15/06/2010,223.71875
16/06/2010,182.15625
17/06/2010,176.8125
18/06/2010,177.85938
19/06/2010,170.84375
20/06/2010,189.04688
21/06/2010,244.10938
22/06/2010,242.40625
23/06/2010,273.54688
24/06/2010,179.32812
25/06/2010,152.32812
26/06/2010,148.625
27/06/2010,146.76562
28/06/2010,145.5625
29/06/2010,148.28125
30/06/2010,153.57812
01/07/2010,232.14062
02/07/2010,603.2344
03/07/2010,659.9531
04/07/2010,401.15625
05/07/2010,313.73438
06/07/2010,288.4375
07/07/2010,193.625
08/07/2010,167.3125
09/07/2010,170.03125
10/07/2010,174.21875
11/07/2010,166.5625
12/07/2010,164.09375
13/07/2010,174.84375
14/07/2010,211.67188
15/07/2010,307.75
16/07/2010,399.75
17/07/2010,387.1875
18/07/2010,305.34375
19/07/2010,206.53125
20/07/2010,215.79688
21/07/2010,200.64062
22/07/2010,221.3125
23/07/2010,219.70312
24/07/2010,452.95312
25/07/2010,1067.9219
26/07/2010,1055.4219
27/07/2010,904.0469
28/07/2010,615.7031
29/07/2010,305.79688
30/07/2010,254.82812
31/07/2010,243.51562
01/08/2010,447.23438
02/08/2010,755.9219
03/08/2010,608.4531
04/08/2010,317.21875
05/08/2010,242.85938
06/08/2010,345.96875
07/08/2010,392.25
08/08/2010,399.0625
09/08/2010,480.57812
10/08/2010,529.2031
11/08/2010,670.90625
12/08/2010,696.9219
13/08/2010,607.3594
14/08/2010,575.6875
15/08/2010,601.5781
16/08/2010,624.125
17/08/2010,704.875
18/08/2010,797.3594
19/08/2010,544.6406
20/08/2010,717.3125
21/08/2010,1891.9219
22/08/2010,1058.3281
23/08/2010,889.39844
24/08/2010,2015.9375
25/08/2010,1155.3281
26/08/2010,385.03906
27/08/2010,329.48438
28/08/2010,566.08594
29/08/2010,890.5547
30/08/2010,669.53125
31/08/2010,449.71875
01/09/2010,576.3828
02/09/2010,1268.3125
03/09/2010,1926.3359
04/09/2010,1377.0703
05/09/2010,876.5625
06/09/2010,729.625
07/09/2010,531.6172
08/09/2010,326.70312
09/09/2010,276.39844
10/09/2010,275.53906
11/09/2010,411.45312
12/09/2010,526.4844
13/09/2010,544.91406
14/09/2010,438.5
15/09/2010,460.0703
16/09/2010,427.21094
17/09/2010,357.77344
18/09/2010,661.6328
19/09/2010,765.0781
20/09/2010,584.6094
21/09/2010,356.09375
22/09/2010,245.60938
23/09/2010,363.0078
24/09/2010,614.0781
25/09/2010,456.6875
26/09/2010,235.40625
27/09/2010,253.13281
28/09/2010,369.73438
29/09/2010,344.125
30/09/2010,332.1172
01/10/2010,639.77344
02/10/2010,866.3203
03/10/2010,1148.5312
04/10/2010,1553.875
05/10/2010,1704.3984
06/10/2010,1153.7891
07/10/2010,984.84375
08/10/2010,1008.8594
09/10/2010,665.21094
10/10/2010,368.21875
11/10/2010,264.75
12/10/2010,249.60156
13/10/2010,255.76562
14/10/2010,450.3672
15/10/2010,1488.8438
16/10/2010,2190
17/10/2010,1140.4531
18/10/2010,540.7422
19/10/2010,776.1328
20/10/2010,957.96094
21/10/2010,635.03906
22/10/2010,285.78125
23/10/2010,224.96094
24/10/2010,203.21875
25/10/2010,189.29688
26/10/2010,259.95312
27/10/2010,1505.8281
28/10/2010,3404.9531
29/10/2010,2222.8594
30/10/2010,1354.375
31/10/2010,1214.0938
01/11/2010,1557.5
02/11/2010,2393.8906
03/11/2010,2069.3125
04/11/2010,1874.0234
05/11/2010,2835.3906
06/11/2010,3770.1562
07/11/2010,3117.0078
08/11/2010,1748.7734
09/11/2010,1528.2266
10/11/2010,1568.4062
11/11/2010,1327.6797
12/11/2010,992.8828
13/11/2010,1251.7266
14/11/2010,4387.047
15/11/2010,8129.164
16/11/2010,6305.039
17/11/2010,5346.6953
18/11/2010,2868.336
19/11/2010,1519.8672
20/11/2010,868.10156
21/11/2010,463.8672
22/11/2010,308.22656
23/11/2010,261.17188
24/11/2010,233.29688
25/11/2010,209.46094
26/11/2010,227.1875
27/11/2010,235.94531
28/11/2010,248.00781
29/11/2010,725.15625
30/11/2010,1025.5859
01/12/2010,685.6094
02/12/2010,376.07812
03/12/2010,258.1172
04/12/2010,272.07812
05/12/2010,389.3672
06/12/2010,520.4375
07/12/2010,588.14844
08/12/2010,672.03125
09/12/2010,638.39844
10/12/2010,408.3125
11/12/2010,219.16406
12/12/2010,181.54688
13/12/2010,170.59375
14/12/2010,223.51562
15/12/2010,603.71875
16/12/2010,550.375
17/12/2010,343.65625
18/12/2010,338.76562
19/12/2010,214.71875
20/12/2010,183.42188
21/12/2010,175.15625
22/12/2010,169.9375
23/12/2010,166.17188
24/12/2010,162.98438
25/12/2010,161.04688
26/12/2010,296.90625
27/12/2010,989.78125
28/12/2010,768.40625
29/12/2010,284.45312
30/12/2010,218.375
31/12/2010,199.26562
01/01/2011,196.85938
02/01/2011,200.01562
03/01/2011,178.42188
04/01/2011,169.45312
05/01/2011,192.29688
06/01/2011,245.78125
07/01/2011,698.71875
08/01/2011,1216.9688
09/01/2011,894.0625
10/01/2011,614.46875
11/01/2011,511.9375
12/01/2011,379.1875
13/01/2011,300.6875
14/01/2011,211.20312
15/01/2011,241.14062
16/01/2011,722.2969
17/01/2011,781.78125
18/01/2011,474.92188
19/01/2011,327.04688
20/01/2011,231.3125
21/01/2011,207
22/01/2011,256.4375
23/01/2011,312.03125
24/01/2011,601.4531
25/01/2011,1064.5781
26/01/2011,862.96875
27/01/2011,764.3906
28/01/2011,899.375
29/01/2011,1228.7188
30/01/2011,1242.7812
31/01/2011,1326.5938
01/02/2011,1277.9688
02/02/2011,925.21875
03/02/2011,613.4375
04/02/2011,398.3125
05/02/2011,254.1875
06/02/2011,211.8125
07/02/2011,194.3125
08/02/2011,183.71875
09/02/2011,176.25
10/02/2011,170.78125
11/02/2011,166.84375
12/02/2011,165.28125
13/02/2011,175.1875
14/02/2011,326.15625
15/02/2011,365.125
16/02/2011,199.4375
17/02/2011,167.6875
18/02/2011,163.71875
19/02/2011,163.03125
20/02/2011,185.71875
21/02/2011,210.375
22/02/2011,174.5
23/02/2011,159
24/02/2011,154.53125
25/02/2011,153.21875
26/02/2011,152.1875
27/02/2011,151.46875
28/02/2011,151.0625
01/03/2011,150.25
02/03/2011,149.65625
03/03/2011,149.875
04/03/2011,154.1875
05/03/2011,179.6875
06/03/2011,193.03125
07/03/2011,159.78125
08/03/2011,189.6875
09/03/2011,213.21875
10/03/2011,174.9375
11/03/2011,184.71875
12/03/2011,165.09375
13/03/2011,151.375
14/03/2011,147.9375
15/03/2011,152.0625
16/03/2011,215.9375
17/03/2011,587.1875
18/03/2011,528.6875
19/03/2011,243.21875
20/03/2011,209.90625
21/03/2011,230.125
22/03/2011,261.5625
23/03/2011,686.375
24/03/2011,1314.8125
25/03/2011,1422.875
26/03/2011,1371.4375
27/03/2011,1206.5938
28/03/2011,1044.2812
29/03/2011,888.15625
30/03/2011,681.15625
31/03/2011,498.6875
01/04/2011,326.75
02/04/2011,218.40625
03/04/2011,192
04/04/2011,180.40625
05/04/2011,172.71875
06/04/2011,167
07/04/2011,162.78125
08/04/2011,159.78125
09/04/2011,158
10/04/2011,157.40625
11/04/2011,154.53125
12/04/2011,152.34375
13/04/2011,150.9375
14/04/2011,149.65625
15/04/2011,148.75
16/04/2011,151.0625
17/04/2011,189.84375
18/04/2011,294.5625
19/04/2011,412.28125
20/04/2011,347.96875
21/04/2011,205.28125
22/04/2011,249.46875
23/04/2011,323.25
24/04/2011,409.15625
25/04/2011,341.25
26/04/2011,231.375
27/04/2011,379.375
28/04/2011,534.78125
29/04/2011,473.75
30/04/2011,370.34375
01/05/2011,242.15625
02/05/2011,234.1875
03/05/2011,251.09375
04/05/2011,194.15625
05/05/2011,168.125
06/05/2011,174.71875
07/05/2011,371.53125
08/05/2011,553.03125
09/05/2011,400
10/05/2011,257.875
11/05/2011,244.75
12/05/2011,194.875
13/05/2011,356.0625
14/05/2011,1070.625
15/05/2011,1073.0625
16/05/2011,955.0625
17/05/2011,1069.1875
18/05/2011,808.03125
19/05/2011,635.65625
20/05/2011,614.46875
21/05/2011,437.78125
22/05/2011,259.46875
23/05/2011,396.75
24/05/2011,1156.4062
25/05/2011,992
26/05/2011,727.53125
27/05/2011,608.84375
28/05/2011,364.25
29/05/2011,278.65625
30/05/2011,264.4375
31/05/2011,256.3125
01/06/2011,483.75
02/06/2011,704.21875
03/06/2011,757.84375
04/06/2011,694.0625
05/06/2011,535.9375
06/06/2011,754.3125
07/06/2011,841.75
08/06/2011,620.21875
09/06/2011,698.46875
10/06/2011,614.9375
11/06/2011,354.5
12/06/2011,400.46875
13/06/2011,549.34375
14/06/2011,531.21875
15/06/2011,509.40625
16/06/2011,386.59375
17/06/2011,243.71875
18/06/2011,258.375
19/06/2011,687.6875
20/06/2011,909.84375
21/06/2011,585.34375
22/06/2011,353.09375
23/06/2011,245.85938
24/06/2011,210.85938
25/06/2011,200.17188
26/06/2011,193.79688
27/06/2011,172.73438
28/06/2011,164.57812
29/06/2011,167
30/06/2011,176.3125
01/07/2011,193.3125
02/07/2011,193.35938
03/07/2011,177.71875
04/07/2011,170.51562
05/07/2011,183.85938
06/07/2011,199.73438
07/07/2011,177.70312
08/07/2011,155.32812
09/07/2011,150.46875
10/07/2011,159.29688
11/07/2011,254.03125
12/07/2011,313.75
13/07/2011,221.64062
14/07/2011,209.42188
15/07/2011,331.01562
16/07/2011,315.92188
17/07/2011,187.6875
18/07/2011,161.53125
19/07/2011,158.71875
20/07/2011,170.51562
21/07/2011,180.01562
22/07/2011,165.875
23/07/2011,183.875
24/07/2011,232.07812
25/07/2011,258.67188
26/07/2011,277.92188
27/07/2011,279.9375
28/07/2011,237.78125
29/07/2011,188.0625
30/07/2011,200.48438
31/07/2011,197.09375
01/08/2011,236.29688
02/08/2011,237.6875
03/08/2011,236.85938
04/08/2011,239.40625
05/08/2011,197.14062
06/08/2011,180.73438
07/08/2011,174.95312
08/08/2011,196.25
09/08/2011,206.32812
10/08/2011,165.09375
11/08/2011,155.07812
12/08/2011,169.32812
13/08/2011,192.625
14/08/2011,225.9375
15/08/2011,228.42188
16/08/2011,275.53125
17/08/2011,307.5
18/08/2011,236.17188
19/08/2011,244.5
20/08/2011,271.21875
21/08/2011,326
22/08/2011,360.45312
23/08/2011,255.375
24/08/2011,222.33594
25/08/2011,195.27344
26/08/2011,199.67969
27/08/2011,170.83594
28/08/2011,158.17969
29/08/2011,159.17969
30/08/2011,208.54688
31/08/2011,271.95312
01/09/2011,256.1875
02/09/2011,261.34375
03/09/2011,200.03906
04/09/2011,271.9297
05/09/2011,409.5625
06/09/2011,423.89844
07/09/2011,523.3125
08/09/2011,584.39844
09/09/2011,714.28125
10/09/2011,1120.5391
11/09/2011,1513.25
12/09/2011,1024.6719
13/09/2011,496.52344
14/09/2011,423.3672
15/09/2011,532.33594
16/09/2011,606.8828
17/09/2011,421.7578
18/09/2011,299.6172
19/09/2011,308.6875
20/09/2011,465.97656
21/09/2011,725.1797
22/09/2011,3636.9219
23/09/2011,10622.828
24/09/2011,10934.93
25/09/2011,6751.4062
26/09/2011,4318.4297
27/09/2011,4781.672
28/09/2011,2183.4531
29/09/2011,785.7422
30/09/2011,455.10938
01/10/2011,485.85938
02/10/2011,1785.625
03/10/2011,3584.9688
04/10/2011,3022.8984
05/10/2011,1738.1094
06/10/2011,796
07/10/2011,702.09375
08/10/2011,837.6875
09/10/2011,768.2344
10/10/2011,1099.2188
11/10/2011,1207.9609
12/10/2011,1717.5156
13/10/2011,1422.8594
14/10/2011,1274.2891
15/10/2011,1947.7266
16/10/2011,2086.3125
17/10/2011,2254.5781
18/10/2011,2634.1406
19/10/2011,3051.6172
20/10/2011,2212.9844
21/10/2011,1077.0859
22/10/2011,490.9922
23/10/2011,330.78125
24/10/2011,259.71094
25/10/2011,278.07812
26/10/2011,556.7344
27/10/2011,907.2031
28/10/2011,1293.6172
29/10/2011,1179.0703
30/10/2011,866.3125
31/10/2011,879.5547
01/11/2011,861.47656
02/11/2011,888.5781
03/11/2011,639.7578
04/11/2011,555.09375
05/11/2011,1112.7109
06/11/2011,2299.4531
07/11/2011,7964.0312
08/11/2011,12607.727
09/11/2011,4389.9062
10/11/2011,1008.0703
11/11/2011,538.27344
12/11/2011,393.47656
13/11/2011,314.0547
14/11/2011,266.90625
15/11/2011,292.92188
16/11/2011,626.875
17/11/2011,684.89844
18/11/2011,428.2422
19/11/2011,243.71875
20/11/2011,211.47656
21/11/2011,372
22/11/2011,951.8281
23/11/2011,1381.6875
24/11/2011,1503.625
25/11/2011,1491.4688
26/11/2011,1557.7031
27/11/2011,1195.1406
28/11/2011,657.4531
29/11/2011,318.76562
30/11/2011,246.67188
01/12/2011,321.375
02/12/2011,1003.5781
03/12/2011,845.0625
04/12/2011,414.15625
05/12/2011,275.875
06/12/2011,340.8125
07/12/2011,402.26562
08/12/2011,810.6719
09/12/2011,1905.375
10/12/2011,2133.7344
11/12/2011,1605.3438
12/12/2011,807.3906
13/12/2011,342.5625
14/12/2011,263.75
15/12/2011,318.54688
16/12/2011,1167.625
17/12/2011,1904.5938
18/12/2011,1628.4844
19/12/2011,1145.2188
20/12/2011,700.9219
21/12/2011,423.82812
22/12/2011,605.34375
23/12/2011,1471.9844
24/12/2011,1816.9688
25/12/2011,1289
26/12/2011,699.3906
27/12/2011,369.32812
28/12/2011,327.64062
29/12/2011,303.46875
30/12/2011,314.53125
31/12/2011,1179.9844
01/01/2012,1721.1719
02/01/2012,1391.2031
03/01/2012,738.96875
04/01/2012,347.82812
05/01/2012,326.10938
06/01/2012,303.01562
07/01/2012,265.07812
08/01/2012,556.3594
09/01/2012,599.34375
10/01/2012,346.625
11/01/2012,286.1875
12/01/2012,841.59375
13/01/2012,1321.1875
14/01/2012,780.375
15/01/2012,390.0625
16/01/2012,682.78125
17/01/2012,885.28125
18/01/2012,520.65625
19/01/2012,273.40625
20/01/2012,218.15625
21/01/2012,234.21875
22/01/2012,397.90625
23/01/2012,956.125
24/01/2012,693.625
25/01/2012,331.0625
26/01/2012,377.5625
27/01/2012,380.5
28/01/2012,228.8125
29/01/2012,196
30/01/2012,229.90625
31/01/2012,516.34375
01/02/2012,608.75
02/02/2012,391.09375
03/02/2012,244.875
04/02/2012,229.53125
05/02/2012,213.25
06/02/2012,216.71875
07/02/2012,222.5
08/02/2012,178.1875
09/02/2012,172.15625
10/02/2012,170.625
11/02/2012,166.25
12/02/2012,164.75
13/02/2012,165.3125
14/02/2012,165.0625
15/02/2012,161.15625
16/02/2012,258.71875
17/02/2012,1151.25
18/02/2012,1657.5
19/02/2012,1220.4375
20/02/2012,796.96875
21/02/2012,477.5
22/02/2012,277.84375
23/02/2012,242.09375
24/02/2012,221.09375
25/02/2012,197.4375
26/02/2012,186.875
27/02/2012,208.78125
28/02/2012,225.59375
29/02/2012,180.9375
01/03/2012,169
02/03/2012,165.71875
03/03/2012,163.625
04/03/2012,162.03125
05/03/2012,160.4375
06/03/2012,159.125
07/03/2012,168.0625
08/03/2012,312.8125
09/03/2012,794.5625
10/03/2012,895.34375
11/03/2012,515.625
12/03/2012,322.15625
13/03/2012,252.59375
14/03/2012,213.34375
15/03/2012,197.34375
16/03/2012,185.40625
17/03/2012,180.71875
18/03/2012,217.3125
19/03/2012,519.75
20/03/2012,888.09375
21/03/2012,988.09375
22/03/2012,621.34375
23/03/2012,340.21875
24/03/2012,281.9375
25/03/2012,273.71875
26/03/2012,202.625
27/03/2012,191.0625
28/03/2012,205.8125
29/03/2012,193.15625
30/03/2012,170.25
31/03/2012,183
01/04/2012,507.75
02/04/2012,819.6875
03/04/2012,582.96875
04/04/2012,583.21875
05/04/2012,577.5625
06/04/2012,410.46875
07/04/2012,461.03125
08/04/2012,559.96875
09/04/2012,476.84375
10/04/2012,296.71875
11/04/2012,283.65625
12/04/2012,347.75
13/04/2012,442.75
14/04/2012,450.75
15/04/2012,296.15625
16/04/2012,231.9375
17/04/2012,294.78125
18/04/2012,299.875
19/04/2012,253.34375
20/04/2012,297.46875
21/04/2012,320.1875
22/04/2012,490.4375
23/04/2012,512.125
24/04/2012,330.46875
25/04/2012,250.1875
26/04/2012,190.375
27/04/2012,183.96875
28/04/2012,218.0625
29/04/2012,281.03125
30/04/2012,284.9375
01/05/2012,203.71875
02/05/2012,187.96875
03/05/2012,191.46875
04/05/2012,182.6875
05/05/2012,226.875
06/05/2012,258.125
07/05/2012,196.78125
08/05/2012,199.0625
09/05/2012,214.53125
10/05/2012,229.625
11/05/2012,177.4375
12/05/2012,225.84375
13/05/2012,333.03125
14/05/2012,333.21875
15/05/2012,331.59375
16/05/2012,316.4375
17/05/2012,525.34375
18/05/2012,825.34375
19/05/2012,572.46875
20/05/2012,297.28125
21/05/2012,220.78125
22/05/2012,209.65625
23/05/2012,217.4375
24/05/2012,239.375
25/05/2012,289.875
26/05/2012,481.875
27/05/2012,583.0625
28/05/2012,652.0625
29/05/2012,622
30/05/2012,712.875
31/05/2012,1131.5312
01/06/2012,1284.625
02/06/2012,1451.6875
03/06/2012,1060.0625
04/06/2012,674.65625
05/06/2012,483.3125
06/06/2012,373.46875
07/06/2012,404.6875
08/06/2012,782.9375
09/06/2012,672
10/06/2012,347.09375
11/06/2012,250.09375
12/06/2012,204.28125
13/06/2012,187.34375
14/06/2012,179.26562
15/06/2012,174.59375
16/06/2012,285.42188
17/06/2012,1410.5625
18/06/2012,2037.3438
19/06/2012,1053.0312
20/06/2012,395.8125
21/06/2012,309.4375
22/06/2012,249.53125
23/06/2012,212.71875
24/06/2012,195.4375
25/06/2012,186.85938
26/06/2012,178.20312
27/06/2012,171.42188
28/06/2012,167.875
29/06/2012,179.32812
30/06/2012,224.39062
01/07/2012,237.125
02/07/2012,340.10938
03/07/2012,396.34375
04/07/2012,328.40625
05/07/2012,473.5625
06/07/2012,680.3906
07/07/2012,507.60938
08/07/2012,313.14062
09/07/2012,336.375
10/07/2012,432.96875
11/07/2012,474.71875
12/07/2012,484.10938
13/07/2012,384.25
14/07/2012,271.6875
15/07/2012,248.70312
16/07/2012,228.6875
17/07/2012,190.17188
18/07/2012,188.20312
19/07/2012,231.9375
20/07/2012,255.15625
21/07/2012,293.34375
22/07/2012,323.21875
23/07/2012,205.85938
24/07/2012,182.75
25/07/2012,223.17188
26/07/2012,231.28125
27/07/2012,175.14062
28/07/2012,161.17188
29/07/2012,169.53125
30/07/2012,273.29688
31/07/2012,362.375
01/08/2012,276.70312
02/08/2012,217.09375
03/08/2012,194.17188
04/08/2012,199.40625
05/08/2012,187.35938
06/08/2012,177.1875
07/08/2012,162.67188
08/08/2012,157.54688
09/08/2012,160.07812
10/08/2012,157.82812
11/08/2012,155.45312
12/08/2012,154.48438
13/08/2012,151.92188
14/08/2012,150.90625
15/08/2012,159.15625
16/08/2012,193.23438
17/08/2012,205.0625
18/08/2012,215.625
19/08/2012,200.6875
20/08/2012,182.25
21/08/2012,194.67188
22/08/2012,184.23438
23/08/2012,1476.0156
24/08/2012,2642.7031
25/08/2012,1654.9609
26/08/2012,892.8672
27/08/2012,544.1797
28/08/2012,380.70312
29/08/2012,371.52344
30/08/2012,331.64844
31/08/2012,237.22656
01/09/2012,214.74219
02/09/2012,264.375
03/09/2012,437.53906
04/09/2012,525.4922
05/09/2012,540.97656
06/09/2012,877.9297
07/09/2012,1077.8594
08/09/2012,743.7969
09/09/2012,425.27344
10/09/2012,280.57812
11/09/2012,223.79688
12/09/2012,273.83594
13/09/2012,400.3047
14/09/2012,726.6328
15/09/2012,1502.7734
16/09/2012,1338.2031
17/09/2012,642.1875
18/09/2012,396.35156
19/09/2012,321.22656
20/09/2012,242.89062
21/09/2012,214.64062
22/09/2012,207.05469
23/09/2012,265.45312
24/09/2012,257.33594
25/09/2012,187.48438
26/09/2012,234.42969
27/09/2012,693.85156
28/09/2012,815.2656
29/09/2012,539.15625
30/09/2012,327.04688
01/10/2012,237.35156
02/10/2012,234.48438
03/10/2012,276.85938
04/10/2012,437.1875
05/10/2012,381.28906
06/10/2012,782.7031
07/10/2012,2803.414
08/10/2012,1871.1562
09/10/2012,807.90625
10/10/2012,453.6875
11/10/2012,308.22656
12/10/2012,249.375
13/10/2012,229.80469
14/10/2012,208.89844
15/10/2012,191.21094
16/10/2012,182.15625
17/10/2012,176.00781
18/10/2012,171.34375
19/10/2012,167.95312
20/10/2012,165.16406
21/10/2012,163.0625
22/10/2012,161.53906
23/10/2012,161.60938
24/10/2012,170.46094
25/10/2012,178.44531
26/10/2012,163.61719
27/10/2012,245.72656
28/10/2012,717.2656
29/10/2012,611.6797
30/10/2012,284.72656
31/10/2012,382.10938
01/11/2012,546.1797
02/11/2012,505.8125
03/11/2012,343.32812
04/11/2012,230.48438
05/11/2012,206.10938
06/11/2012,187.10156
07/11/2012,208.25781
08/11/2012,209
09/11/2012,182.17188
10/11/2012,167.14062
11/11/2012,163.95312
12/11/2012,237.625
13/11/2012,397.625
14/11/2012,387.02344
15/11/2012,384.7578
16/11/2012,529.5156
17/11/2012,758.3125
18/11/2012,1169.7344
19/11/2012,771.2578
20/11/2012,342.1797
21/11/2012,240.78906
22/11/2012,208.19531
23/11/2012,199.60156
24/11/2012,208.09375
25/11/2012,181.125
26/11/2012,172.0625
27/11/2012,172.74219
28/11/2012,173.03906
29/11/2012,162.05469
30/11/2012,155.35156
01/12/2012,152.57812
02/12/2012,151.09375
03/12/2012,148.41406
04/12/2012,146.84375
05/12/2012,173.51562
06/12/2012,378.9922
07/12/2012,384.10938
08/12/2012,218.05469
09/12/2012,176.67969
10/12/2012,163.22656
11/12/2012,155.78125
12/12/2012,155.84375
13/12/2012,184.26562
14/12/2012,188.09375
15/12/2012,168.17188
16/12/2012,158.40625
17/12/2012,155.01562
18/12/2012,157.53125
19/12/2012,229.89062
20/12/2012,270.53125
21/12/2012,179.92188
22/12/2012,168.28125
23/12/2012,581.5156
24/12/2012,1484.6875
25/12/2012,961.90625
26/12/2012,378.89062
27/12/2012,279.04688
28/12/2012,249.45312
29/12/2012,232.85938
30/12/2012,412.98438
31/12/2012,553.4531
01/01/2013,415.46875
02/01/2013,238.79688
03/01/2013,193.34375
04/01/2013,198.375
05/01/2013,288.85938
06/01/2013,392.71875
07/01/2013,567.6406
08/01/2013,508.57812
09/01/2013,366.01562
10/01/2013,768.5625
11/01/2013,773.9844
12/01/2013,506
13/01/2013,309.90625
14/01/2013,213.26562
15/01/2013,189.07812
16/01/2013,179.17188
17/01/2013,172.42188
18/01/2013,170.59375
19/01/2013,205.60938
20/01/2013,223.04688
21/01/2013,177.4375
22/01/2013,160.89062
23/01/2013,157.32812
24/01/2013,155.6875
25/01/2013,154.92188
26/01/2013,155.21875
27/01/2013,154.6875
28/01/2013,153.76562
29/01/2013,164.53125
30/01/2013,163.9375
31/01/2013,152.71875
01/02/2013,150.875
02/02/2013,150.40625
03/02/2013,150.21875
04/02/2013,149.6875
05/02/2013,148.96875
06/02/2013,148.4375
07/02/2013,147.75
08/02/2013,147.4375
09/02/2013,148.03125
10/02/2013,160.875
11/02/2013,171.53125
12/02/2013,161.4375
13/02/2013,152.125
14/02/2013,150.90625
15/02/2013,149.84375
16/02/2013,148.9375
17/02/2013,152.1875
18/02/2013,154.40625
19/02/2013,148.15625
20/02/2013,146.09375
21/02/2013,147.3125
22/02/2013,174.6875
23/02/2013,305.53125
24/02/2013,602.09375
25/02/2013,621
26/02/2013,343.625
27/02/2013,203.53125
28/02/2013,177.25
01/03/2013,168.125
02/03/2013,162.3125
03/03/2013,283.46875
04/03/2013,913.0625
05/03/2013,833.6875
06/03/2013,432.15625
07/03/2013,252.59375
08/03/2013,207.46875
09/03/2013,188.75
10/03/2013,177.40625
11/03/2013,169.875
12/03/2013,179.59375
13/03/2013,243.28125
14/03/2013,373.5625
15/03/2013,442.5
16/03/2013,302.6875
17/03/2013,192.9375
18/03/2013,171.1875
19/03/2013,170.375
20/03/2013,224.25
21/03/2013,302.625
22/03/2013,322.15625
23/03/2013,378.3125
24/03/2013,322.96875
25/03/2013,218.375
26/03/2013,201.3125
27/03/2013,348.96875
28/03/2013,391.75
29/03/2013,231.59375
30/03/2013,205
31/03/2013,189.625
01/04/2013,297.75
02/04/2013,326.9375
03/04/2013,195.375
04/04/2013,160.0625
05/04/2013,154.375
06/04/2013,151.5
07/04/2013,150.6875
08/04/2013,152.96875
09/04/2013,220.8125
10/04/2013,444.5
11/04/2013,511.375
12/04/2013,532.125
13/04/2013,825.8125
14/04/2013,640.71875
15/04/2013,313.8125
16/04/2013,225.3125
17/04/2013,407.875
18/04/2013,795.875
19/04/2013,673.28125
20/04/2013,393.6875
21/04/2013,429.34375
22/04/2013,560.25
23/04/2013,447.5625
24/04/2013,476.4375
25/04/2013,506.09375
26/04/2013,697.71875
27/04/2013,1016.625
28/04/2013,685.6875
29/04/2013,450.9375
30/04/2013,598.21875
01/05/2013,560.84375
02/05/2013,453.875
03/05/2013,399.65625
04/05/2013,353.28125
05/05/2013,853.1875
06/05/2013,962.25
07/05/2013,714.84375
08/05/2013,965.34375
09/05/2013,883.53125
10/05/2013,784.28125
11/05/2013,1078.0625
12/05/2013,1321.6875
13/05/2013,814.46875
14/05/2013,411.8125
15/05/2013,256.15625
16/05/2013,225.78125
17/05/2013,216.40625
18/05/2013,216.5
19/05/2013,269.59375
20/05/2013,267.78125
21/05/2013,215.3125
22/05/2013,218.53125
23/05/2013,239
24/05/2013,210.9375
25/05/2013,237
26/05/2013,266.03125
27/05/2013,250.65625
28/05/2013,184.5625
29/05/2013,190.6875
30/05/2013,231.59375
31/05/2013,244.90625
01/06/2013,294.4375
02/06/2013,331.40625
03/06/2013,412.15625
04/06/2013,977.1875
05/06/2013,1165.625
06/06/2013,980.28125
07/06/2013,735.78125
08/06/2013,454.84375
09/06/2013,253.9375
10/06/2013,325.8125
11/06/2013,789.96875
12/06/2013,923.4375
13/06/2013,1339.2812
14/06/2013,1302.3438
15/06/2013,762.5625
16/06/2013,434.46875
17/06/2013,349.625
18/06/2013,274.09375
19/06/2013,281.375
20/06/2013,230.6875
21/06/2013,291.25
22/06/2013,700.2969
23/06/2013,699.1719
24/06/2013,364.57812
25/06/2013,241.375
26/06/2013,191.39062
27/06/2013,179.5
28/06/2013,169.73438
29/06/2013,165.57812
30/06/2013,174.92188
01/07/2013,180.73438
02/07/2013,216.01562
03/07/2013,204.85938
04/07/2013,250.79688
05/07/2013,345.96875
06/07/2013,369.85938
07/07/2013,552.3906
08/07/2013,606.5469
09/07/2013,560.7656
10/07/2013,459.875
11/07/2013,362.90625
12/07/2013,394.35938
13/07/2013,376.89062
14/07/2013,303.07812
15/07/2013,311.23438
16/07/2013,465.4375
17/07/2013,805.7656
18/07/2013,621.90625
19/07/2013,415.5625
20/07/2013,977.6094
21/07/2013,1865.7812
22/07/2013,1461.2812
23/07/2013,1178.3594
24/07/2013,1542.2969
25/07/2013,1531.625
26/07/2013,764.0781
27/07/2013,346.73438
28/07/2013,294.8125
29/07/2013,260.85938
30/07/2013,245.25
31/07/2013,422.21875
01/08/2013,622.34375
02/08/2013,472.76562
03/08/2013,319.39062
04/08/2013,322.73438
05/08/2013,383.32812
06/08/2013,499.125
07/08/2013,514.6094
08/08/2013,404.53125
09/08/2013,323.65625
10/08/2013,462.54688
11/08/2013,480.8125
12/08/2013,365.125
13/08/2013,393.79688
14/08/2013,317.60938
15/08/2013,201.98438
16/08/2013,173.67188
17/08/2013,166.51562
18/08/2013,162.65625
19/08/2013,160.09375
20/08/2013,159.20312
21/08/2013,159.20312
22/08/2013,168.01562
23/08/2013,181.65625
24/08/2013,178.75
25/08/2013,161.625
26/08/2013,182.3125
27/08/2013,279.03125
28/08/2013,318.96875
29/08/2013,268.78125
30/08/2013,221.1875
31/08/2013,174.04688
01/09/2013,185.39062
02/09/2013,271.53125
03/09/2013,315.1875
04/09/2013,216.39062
05/09/2013,261.26562
06/09/2013,381.04688
07/09/2013,494.78125
08/09/2013,399.5
09/09/2013,315.90625
10/09/2013,665.8906
11/09/2013,1416.9844
12/09/2013,1247.0781
13/09/2013,1238.7031
14/09/2013,1013.34375
15/09/2013,1011.8125
16/09/2013,1135.7656
17/09/2013,2441.7969
18/09/2013,6112.922
19/09/2013,5899.6562
20/09/2013,2260.9219
21/09/2013,2009.875
22/09/2013,3964.1094
23/09/2013,2979.4766
24/09/2013,1448.1719
25/09/2013,1352.1328
26/09/2013,3795.3203
27/09/2013,3381.1172
28/09/2013,1553.1484
29/09/2013,674.1797
30/09/2013,1503.1016
01/10/2013,2756.1406
02/10/2013,2161.664
03/10/2013,2606.6953
04/10/2013,2278.914
05/10/2013,1448.3203
06/10/2013,735.15625
07/10/2013,353.8672
08/10/2013,276.3125
09/10/2013,239.66406
10/10/2013,216.54688
11/10/2013,201.48438
12/10/2013,200.60938
13/10/2013,199.8125
14/10/2013,1495.1328
15/10/2013,5819.0625
16/10/2013,4836.0625
17/10/2013,2186.9766
18/10/2013,1219.75
19/10/2013,1002
20/10/2013,1436.9766
21/10/2013,1342.4766
22/10/2013,770.41406
23/10/2013,438.64062
24/10/2013,332.92188
25/10/2013,275.03906
26/10/2013,260.6328
27/10/2013,251.85156
28/10/2013,215.30469
29/10/2013,187.54688
30/10/2013,188.26562
31/10/2013,185.30469
01/11/2013,172.60938
02/11/2013,167.32031
03/11/2013,164.3125
04/11/2013,186.77344
05/11/2013,537.3594
06/11/2013,1609.0469
07/11/2013,3064.375
08/11/2013,2450.586
09/11/2013,1460.25
10/11/2013,2013.3984
11/11/2013,2072.3125
12/11/2013,971.83594
13/11/2013,548.0703
14/11/2013,784.64844
15/11/2013,2877.7188
16/11/2013,6415.953
17/11/2013,5364.8906
18/11/2013,2497.7344
19/11/2013,1165.8594
20/11/2013,1105.6406
21/11/2013,813.1406
22/11/2013,460.09375
23/11/2013,483.92188
24/11/2013,414.54688
25/11/2013,264.42188
26/11/2013,375.8125
27/11/2013,371.26562
28/11/2013,403.75
29/11/2013,1514.1875
30/11/2013,1524.2812
01/12/2013,937.15625
02/12/2013,573.0469
03/12/2013,376.625
04/12/2013,266.98438
05/12/2013,387.25
06/12/2013,381.89062
07/12/2013,220.51562
08/12/2013,190.65625
09/12/2013,175.9375
10/12/2013,168.75
11/12/2013,164.90625
12/12/2013,161.90625
13/12/2013,162.14062
14/12/2013,295.34375
15/12/2013,1191.8906
16/12/2013,885.1094
17/12/2013,363.48438
18/12/2013,351.07812
19/12/2013,305.17188
20/12/2013,229.5625
21/12/2013,196
22/12/2013,201.8125
23/12/2013,357.67188
24/12/2013,488.09375
25/12/2013,501.95312
26/12/2013,418.28125
27/12/2013,270.67188
28/12/2013,300.21875
29/12/2013,345.375
30/12/2013,282.76562
31/12/2013,237.03125
01/01/2014,219.46875
02/01/2014,194.01562
03/01/2014,171.65625
04/01/2014,166.57812
05/01/2014,183.73438
06/01/2014,196.07812
07/01/2014,167.1875
08/01/2014,160.76562
09/01/2014,160.89062
10/01/2014,215.71875
11/01/2014,275.23438
12/01/2014,258.125
13/01/2014,498.70312
14/01/2014,1096.2656
15/01/2014,843.1094
16/01/2014,396.95312
17/01/2014,290.54688
18/01/2014,560.9531
19/01/2014,668.8281
20/01/2014,447.9375
21/01/2014,459
22/01/2014,457.96875
23/01/2014,279.15625
24/01/2014,204.375
25/01/2014,184.46875
26/01/2014,177.5
27/01/2014,172.9375
28/01/2014,169.5
29/01/2014,166.96875
30/01/2014,165.125
31/01/2014,163
01/02/2014,161.15625
02/02/2014,159.5625
03/02/2014,158.25
04/02/2014,157.40625
05/02/2014,156.65625
06/02/2014,155.71875
07/02/2014,154.90625
08/02/2014,154.125
09/02/2014,153.4375
10/02/2014,156.3125
11/02/2014,209.65625
12/02/2014,268.96875
13/02/2014,207.6875
14/02/2014,176.5625
15/02/2014,171.40625
16/02/2014,159.375
17/02/2014,154.84375
18/02/2014,153.375
19/02/2014,155.375
20/02/2014,160.875
21/02/2014,155.96875
22/02/2014,152.75
23/02/2014,151.625
24/02/2014,151.125
25/02/2014,150.5
26/02/2014,149.75
27/02/2014,149.34375
28/02/2014,148.9375
01/03/2014,148.40625
02/03/2014,147.90625
03/03/2014,147.625
04/03/2014,147.65625
05/03/2014,148.46875
06/03/2014,147.65625
07/03/2014,147.5
08/03/2014,149.3125
09/03/2014,153.375
10/03/2014,156.125
11/03/2014,158.9375
12/03/2014,148.71875
13/03/2014,146.34375
14/03/2014,146.8125
15/03/2014,155.625
16/03/2014,162.03125
17/03/2014,155.8125
18/03/2014,153.3125
19/03/2014,152.65625
20/03/2014,152.375
21/03/2014,161.03125
22/03/2014,200.15625
23/03/2014,230.25
24/03/2014,226.5625
25/03/2014,178.9375
26/03/2014,153.53125
27/03/2014,146.78125
28/03/2014,145.46875
29/03/2014,144.78125
30/03/2014,147.6875
31/03/2014,159.84375
01/04/2014,150.59375
02/04/2014,145.40625
03/04/2014,173.90625
04/04/2014,250.46875
05/04/2014,408.78125
06/04/2014,430.53125
07/04/2014,331.5
08/04/2014,438.25
09/04/2014,518.65625
10/04/2014,411.28125
11/04/2014,328.03125
12/04/2014,330.40625
13/04/2014,247.40625
14/04/2014,180.78125
15/04/2014,161.21875
16/04/2014,155.9375
17/04/2014,152.96875
18/04/2014,151.15625
19/04/2014,149.96875
20/04/2014,147.90625
21/04/2014,146.75
22/04/2014,146.03125
23/04/2014,145.15625
24/04/2014,146.15625
25/04/2014,148.96875
26/04/2014,144.34375
27/04/2014,142.9375
28/04/2014,159.71875
29/04/2014,310.5625
30/04/2014,633.1875
01/05/2014,1199.125
02/05/2014,1370.3125
03/05/2014,899.09375
04/05/2014,646.0625
05/05/2014,562.21875
06/05/2014,645.5
07/05/2014,608.9375
08/05/2014,418.65625
09/05/2014,453.75
10/05/2014,384.90625
11/05/2014,217.125
12/05/2014,184.15625
13/05/2014,209.1875
14/05/2014,227.59375
15/05/2014,184.9375
16/05/2014,164.34375
17/05/2014,168.125
18/05/2014,182.9375
19/05/2014,183.75
20/05/2014,163.03125
21/05/2014,165.84375
22/05/2014,169.375
23/05/2014,154.59375
24/05/2014,152.40625
25/05/2014,168.25
26/05/2014,212.3125
27/05/2014,238.34375
28/05/2014,263.25
29/05/2014,279.40625
30/05/2014,190.15625
31/05/2014,200.875
01/06/2014,243.0625
02/06/2014,242.75
03/06/2014,258.875
04/06/2014,250.4375
05/06/2014,241.9375
06/06/2014,173.375
07/06/2014,154.875
08/06/2014,170.46875
09/06/2014,194.59375
10/06/2014,185.9375
11/06/2014,162.96875
12/06/2014,196.90625
13/06/2014,372.25
14/06/2014,426.125
15/06/2014,238.09375
16/06/2014,176.46875
17/06/2014,167.0625
18/06/2014,179.65625
19/06/2014,200.1875
20/06/2014,166.5
21/06/2014,155.4375
22/06/2014,154.71875
23/06/2014,186.90625
24/06/2014,253.9375
25/06/2014,237.46875
26/06/2014,174.3125
27/06/2014,159.09375
28/06/2014,151.40625
29/06/2014,232.625
30/06/2014,690.625
01/07/2014,643.75
02/07/2014,323.5
03/07/2014,260.4375
04/07/2014,265
05/07/2014,443.25
06/07/2014,469.46875
07/07/2014,298.3125
08/07/2014,215.15625
09/07/2014,248.32812
10/07/2014,294.875
11/07/2014,264.79688
12/07/2014,214.85938
13/07/2014,378.4375
14/07/2014,515.1406
15/07/2014,486.25
16/07/2014,480.04688
17/07/2014,333.70312
18/07/2014,260.01562
19/07/2014,243
20/07/2014,252.79688
21/07/2014,254.39062
22/07/2014,349.95312
23/07/2014,956.7031
24/07/2014,1223.1719
25/07/2014,723.46875
26/07/2014,337.65625
27/07/2014,380.17188
28/07/2014,513.7031
29/07/2014,766.0469
30/07/2014,1150.7344
31/07/2014,888.7969
01/08/2014,1096.7031
02/08/2014,2061.6875
03/08/2014,1267.375
04/08/2014,491.45312
05/08/2014,425.15625
06/08/2014,607.84375
07/08/2014,497.51562
08/08/2014,255.09375
09/08/2014,197.625
10/08/2014,177.625
11/08/2014,167.1875
12/08/2014,160.70312
13/08/2014,156.625
14/08/2014,153.76562
15/08/2014,155.375
16/08/2014,180.0625
17/08/2014,209.64062
18/08/2014,186.21875
19/08/2014,156.73438
20/08/2014,163.46875
21/08/2014,396.95312
22/08/2014,651.9375
23/08/2014,514.28125
24/08/2014,497.375
25/08/2014,501.15625
26/08/2014,461.3125
27/08/2014,592.4219
28/08/2014,797.6406
29/08/2014,656.8594
30/08/2014,589.4375
31/08/2014,924.1406
01/09/2014,1999.9531
02/09/2014,1942.3594
03/09/2014,1112.7344
04/09/2014,804.6406
05/09/2014,686.25
06/09/2014,458.6875
07/09/2014,267.20312
08/09/2014,218.59375
09/09/2014,263.73438
10/09/2014,344.51562
11/09/2014,387.29688
12/09/2014,394.76562
13/09/2014,252.99219
14/09/2014,272.4453
15/09/2014,449.3203
16/09/2014,454.79688
17/09/2014,254.5625
18/09/2014,193.84375
19/09/2014,170.85156
20/09/2014,161.50781
21/09/2014,158.9375
22/09/2014,165.13281
23/09/2014,691.85156
24/09/2014,2152.3984
25/09/2014,1852.6719
26/09/2014,980.6328
27/09/2014,620.8828
28/09/2014,406.6953
29/09/2014,264.90625
30/09/2014,222.94531
01/10/2014,204.02344
02/10/2014,188.38281
03/10/2014,177.38281
04/10/2014,170.15625
05/10/2014,169.39062
06/10/2014,249.05469
07/10/2014,373.5703
08/10/2014,687.16406
09/10/2014,554.3594
10/10/2014,250.38281
11/10/2014,198.17969
12/10/2014,223.53125
13/10/2014,465.98438
14/10/2014,536.28125
15/10/2014,379.25
16/10/2014,241.09375
17/10/2014,193.92969
18/10/2014,276.4453
19/10/2014,618.7344
20/10/2014,544.2031
21/10/2014,270.4453
22/10/2014,232.03906
23/10/2014,288.5
24/10/2014,498.57812
25/10/2014,945.6094
26/10/2014,2353.7344
27/10/2014,2231.875
28/10/2014,1066.6406
29/10/2014,562.14844
30/10/2014,367.29688
31/10/2014,272.7578
01/11/2014,300.5
02/11/2014,283.625
03/11/2014,206.1875
04/11/2014,252.64844
05/11/2014,265.01562
06/11/2014,186.00781
07/11/2014,168.92188
08/11/2014,162.77344
09/11/2014,159.38281
10/11/2014,157.42969
11/11/2014,156.0625
12/11/2014,160.58594
13/11/2014,389.78906
14/11/2014,1266.2188
15/11/2014,1341.9219
16/11/2014,950.2656
17/11/2014,699.1719
18/11/2014,601.6094
19/11/2014,583.1719
20/11/2014,605.4531
21/11/2014,516.6094
22/11/2014,330.6875
23/11/2014,212.375
24/11/2014,183.76562
25/11/2014,174.14062
26/11/2014,190.17188
27/11/2014,198.6875
28/11/2014,163.25
29/11/2014,159.10938
30/11/2014,235.78125
01/12/2014,660.03125
02/12/2014,1494.8125
03/12/2014,1477.0156
04/12/2014,784.3125
05/12/2014,484.34375
06/12/2014,576.0781
07/12/2014,589.25
08/12/2014,980.59375
09/12/2014,1307.1406
10/12/2014,924.7344
11/12/2014,525.0469
12/12/2014,647.5625
13/12/2014,1233.8906
14/12/2014,1043.4062
15/12/2014,669.375
16/12/2014,764.7656
17/12/2014,1563.6562
18/12/2014,1131.4062
19/12/2014,501.14062
20/12/2014,330.375
21/12/2014,389.39062
22/12/2014,1185.3438
23/12/2014,1089.5156
24/12/2014,514.0156
25/12/2014,336.98438
26/12/2014,670.4219
27/12/2014,809.125
28/12/2014,1065.2969
29/12/2014,1660.3125
30/12/2014,979.2031
31/12/2014,381.92188
01/01/2015,276.95312
02/01/2015,296.625
03/01/2015,497.6875
04/01/2015,524
05/01/2015,303.45312
06/01/2015,206.20312
07/01/2015,234.34375
08/01/2015,742.4219
09/01/2015,1480.9062
10/01/2015,1597.3281
11/01/2015,1408.5938
12/01/2015,796.8125
13/01/2015,385.34375
14/01/2015,272.5
15/01/2015,226.95312
16/01/2015,206.79688
17/01/2015,211.54688
18/01/2015,503.32812
19/01/2015,831.09375
20/01/2015,565.875
21/01/2015,275.6875
22/01/2015,206.32812
23/01/2015,188.1875
24/01/2015,178.8125
25/01/2015,172.20312
26/01/2015,167.42188
27/01/2015,163.875
28/01/2015,161
29/01/2015,158.59375
30/01/2015,156.71875
31/01/2015,156.0625
01/02/2015,180.53125
02/02/2015,345.90625
03/02/2015,459.21875
04/02/2015,321.6875
05/02/2015,195.375
06/02/2015,226
07/02/2015,289.09375
08/02/2015,258.75
09/02/2015,252.0625
10/02/2015,281.3125
11/02/2015,204.34375
12/02/2015,165.34375
13/02/2015,155.8125
14/02/2015,153.375
15/02/2015,151.96875
16/02/2015,150.9375
17/02/2015,150.1875
18/02/2015,149.625
19/02/2015,149.53125
20/02/2015,151.40625
21/02/2015,213.4375
22/02/2015,512.96875
23/02/2015,726.5
24/02/2015,523.34375
25/02/2015,246.1875
26/02/2015,194.15625
27/02/2015,183.90625
28/02/2015,186.5625
01/03/2015,167.65625
02/03/2015,159.6875
03/03/2015,156.125
04/03/2015,153.875
05/03/2015,152.21875
06/03/2015,150.65625
07/03/2015,149.40625
08/03/2015,148.5
09/03/2015,147.5625
10/03/2015,146.71875
11/03/2015,146.21875
12/03/2015,145.65625
13/03/2015,145.1875
14/03/2015,145.125
15/03/2015,164.71875
16/03/2015,196.03125
17/03/2015,180.0625
18/03/2015,173
19/03/2015,158.3125
20/03/2015,150.90625
21/03/2015,149.65625
22/03/2015,149.4375
23/03/2015,149.0625
24/03/2015,152.25
25/03/2015,254.125
26/03/2015,522.25
27/03/2015,528.28125
28/03/2015,384.3125
29/03/2015,262.8125
30/03/2015,200.90625
31/03/2015,330.3125
01/04/2015,374.09375
02/04/2015,205.78125
03/04/2015,175.59375
04/04/2015,181.96875
05/04/2015,217.71875
06/04/2015,284.15625
07/04/2015,226.03125
08/04/2015,168.625
09/04/2015,153.3125
10/04/2015,150.03125
11/04/2015,150.40625
12/04/2015,355.15625
13/04/2015,1033.75
14/04/2015,756.5625
15/04/2015,306
16/04/2015,231.5
17/04/2015,203.71875
18/04/2015,186.78125
19/04/2015,175.28125
20/04/2015,167.03125
21/04/2015,162.5625
22/04/2015,185
23/04/2015,227.34375
24/04/2015,218.34375
25/04/2015,177.875
26/04/2015,168.75
27/04/2015,173.0625
28/04/2015,154.46875
29/04/2015,160.125
30/04/2015,209.0625
01/05/2015,271.875
02/05/2015,300.3125
03/05/2015,264.125
04/05/2015,209.0625
05/05/2015,221.4375
06/05/2015,213.65625
07/05/2015,199.15625
08/05/2015,178.84375
09/05/2015,188.9375
10/05/2015,209.40625
11/05/2015,336.65625
12/05/2015,439.375
13/05/2015,541.90625
14/05/2015,495.28125
15/05/2015,320.21875
16/05/2015,251.09375
17/05/2015,259.78125
18/05/2015,248.4375
19/05/2015,269.28125
20/05/2015,308.6875
21/05/2015,201.65625
22/05/2015,163.34375
23/05/2015,156.9375
24/05/2015,151.78125
25/05/2015,148.46875
26/05/2015,170.0625
27/05/2015,218.625
28/05/2015,188.21875
29/05/2015,155.71875
30/05/2015,144.5625
31/05/2015,142.75
01/06/2015,142.21875
02/06/2015,141.65625
03/06/2015,150.96875
04/06/2015,170.53125
05/06/2015,167.75
06/06/2015,172.34375
07/06/2015,215.71875
08/06/2015,293.46875
09/06/2015,236.84375
10/06/2015,162.90625
11/06/2015,147.15625
12/06/2015,178
13/06/2015,265.875
14/06/2015,291.8125
15/06/2015,317.59375
16/06/2015,442.09375
17/06/2015,605.5
18/06/2015,569.96875
19/06/2015,422.53125
20/06/2015,361.6875
21/06/2015,447.875
22/06/2015,802.15625
23/06/2015,1087.5312
24/06/2015,795.375
25/06/2015,421.25
26/06/2015,258.96875
27/06/2015,198.40625
28/06/2015,176.59375
29/06/2015,166.6875
30/06/2015,160.1875
01/07/2015,154.96875
02/07/2015,151.15625
03/07/2015,148.40625
04/07/2015,146.375
05/07/2015,145.8125
06/07/2015,153.5625
07/07/2015,503.28125
08/07/2015,1196.2188
09/07/2015,1076.5938
10/07/2015,670.4219
11/07/2015,371.625
12/07/2015,265.125
13/07/2015,284.45312
14/07/2015,516.84375
15/07/2015,845.90625
16/07/2015,639.03125
17/07/2015,296.59375
18/07/2015,247
19/07/2015,309.4375
20/07/2015,343.42188
21/07/2015,310.15625
22/07/2015,197.25
23/07/2015,165.01562
24/07/2015,161
25/07/2015,158.42188
26/07/2015,153.57812
27/07/2015,191.625
28/07/2015,256.625
29/07/2015,237.01562
30/07/2015,253.84375
31/07/2015,213.34375
01/08/2015,194.23438
02/08/2015,274.625
03/08/2015,497.96875
04/08/2015,774.7344
05/08/2015,814.96875
06/08/2015,622.5469
07/08/2015,623.875
08/08/2015,503.39062
09/08/2015,362.51562
10/08/2015,314.03125
11/08/2015,319
12/08/2015,439.875
13/08/2015,445.5
14/08/2015,283.10938
15/08/2015,190.64062
16/08/2015,169.85938
17/08/2015,176.65625
18/08/2015,161.67188
19/08/2015,159.75
20/08/2015,160.71875
21/08/2015,239.10938
22/08/2015,282.51562
23/08/2015,180.03125
24/08/2015,162.01562
25/08/2015,183.6875
26/08/2015,258.29688
27/08/2015,383.60938
28/08/2015,383.1875
29/08/2015,225.4375
30/08/2015,176.65625
31/08/2015,177.96875
01/09/2015,188.96875
02/09/2015,173.5625
03/09/2015,232.51562
04/09/2015,261.0625
05/09/2015,205.3125
06/09/2015,218.23438
07/09/2015,193.57031
08/09/2015,162.61719
09/09/2015,160.35938
10/09/2015,166.875
11/09/2015,310.52344
12/09/2015,460.2578
13/09/2015,822.4844
14/09/2015,4141.8438
15/09/2015,5811.258
16/09/2015,2329.8984
17/09/2015,837.0156
18/09/2015,660.34375
19/09/2015,497.8203
20/09/2015,385.96094
21/09/2015,258.1953
22/09/2015,218.32812
23/09/2015,225.4375
24/09/2015,269.16406
25/09/2015,236.67969
26/09/2015,182.72656
27/09/2015,193.73438
28/09/2015,209.94531
29/09/2015,168.96875
30/09/2015,179.1875
01/10/2015,261.54688
02/10/2015,389.42188
03/10/2015,651
04/10/2015,2122.0703
05/10/2015,4201.6484
06/10/2015,2270.8828
07/10/2015,989.4922
08/10/2015,769.46875
09/10/2015,683.08594
10/10/2015,982.22656
11/10/2015,4080.164
12/10/2015,6529.2812
13/10/2015,5137.6484
14/10/2015,2100.6875
15/10/2015,1756.4844
16/10/2015,1889.1719
17/10/2015,1011.84375
18/10/2015,401.25
19/10/2015,297.96094
20/10/2015,250.74219
21/10/2015,220.80469
22/10/2015,200.89844
23/10/2015,187.17969
24/10/2015,177.53125
25/10/2015,170.32812
26/10/2015,165.63281
27/10/2015,188.66406
28/10/2015,228.32031
29/10/2015,173.22656
30/10/2015,154.77344
31/10/2015,153.71875
01/11/2015,271.89062
02/11/2015,858.46094
03/11/2015,1231.6562
04/11/2015,959.64844
05/11/2015,1522.8594
06/11/2015,3385.664
07/11/2015,1837.5312
08/11/2015,610.4219
09/11/2015,373.6172
10/11/2015,286.03125
11/11/2015,238.90625
12/11/2015,211.97656
13/11/2015,196.05469
14/11/2015,216.42969
15/11/2015,226.8125
16/11/2015,176.78125
17/11/2015,165.92188
18/11/2015,160.41406
19/11/2015,156.89844
20/11/2015,154.60938
21/11/2015,154.39062
22/11/2015,154.71094
23/11/2015,154.3125
24/11/2015,160.375
25/11/2015,198.38281
26/11/2015,386.32812
27/11/2015,841.75
28/11/2015,978.7969
29/11/2015,646.5
30/11/2015,389.34375
01/12/2015,278.04688
02/12/2015,212.48438
03/12/2015,177.98438
04/12/2015,162.47656
05/12/2015,154.22656
06/12/2015,205.67188
07/12/2015,610.3125
08/12/2015,723.8672
09/12/2015,598.53906
10/12/2015,401.45312
11/12/2015,215.40625
12/12/2015,178.07031
13/12/2015,164.47656
14/12/2015,161.89844
15/12/2015,171.49219
16/12/2015,590.5156
17/12/2015,1692.3672
18/12/2015,1174.1641
19/12/2015,620.10156
20/12/2015,930.46094
21/12/2015,1194.3516
22/12/2015,787.3672
23/12/2015,382.39844
24/12/2015,244.08594
25/12/2015,206.36719
26/12/2015,189.17969
27/12/2015,178.40625
28/12/2015,191.53906
29/12/2015,233.71875
30/12/2015,269.70312
31/12/2015,439.65625
01/01/2016,805.7578
02/01/2016,700.9219
03/01/2016,409.03125
04/01/2016,263.71875
05/01/2016,193.89844
06/01/2016,177.79688
07/01/2016,175.65625
08/01/2016,175.48438
09/01/2016,179.15625
10/01/2016,179.15625
11/01/2016,174.60938
12/01/2016,286.10938
13/01/2016,402.25
14/01/2016,314.21875
15/01/2016,198.5
16/01/2016,164.9375
17/01/2016,271.64062
18/01/2016,658.1875
19/01/2016,600.6094
20/01/2016,347.3125
21/01/2016,213.0625
22/01/2016,178.5
23/01/2016,294.75
24/01/2016,1076.375
25/01/2016,1216.6406
26/01/2016,813.2344
27/01/2016,455.35938
28/01/2016,279.59375
29/01/2016,210.26562
30/01/2016,191.29688
31/01/2016,184.375
01/02/2016,174.125
02/02/2016,183.15625
03/02/2016,210.1875
04/02/2016,180.01562
05/02/2016,353.09375
06/02/2016,773.3594
07/02/2016,717.625
08/02/2016,427.21875
09/02/2016,229.29688
10/02/2016,190.46875
11/02/2016,177.78125
12/02/2016,167.75
13/02/2016,161.84375
14/02/2016,157.5625
15/02/2016,155.29688
16/02/2016,169.35938
17/02/2016,210.10938
18/02/2016,194.98438
19/02/2016,171.09375
20/02/2016,154.51562
21/02/2016,171.40625
22/02/2016,192.15625
23/02/2016,156.20312
24/02/2016,251.84375
25/02/2016,1181.5781
26/02/2016,1501.5312
27/02/2016,867.28125
28/02/2016,414.40625
29/02/2016,286.875
01/03/2016,251.64062
02/03/2016,199.48438
03/03/2016,186.42188
04/03/2016,184.84375
05/03/2016,168.03125
06/03/2016,159.82812
07/03/2016,155.8125
08/03/2016,152.71875
09/03/2016,150.23438
10/03/2016,148.75
11/03/2016,156.03125
12/03/2016,173.5625
13/03/2016,164.35938
14/03/2016,153.71875
15/03/2016,152.53125
16/03/2016,151.375
17/03/2016,150.1875
18/03/2016,149.28125
19/03/2016,148.6875
20/03/2016,148.1875
21/03/2016,147.625
22/03/2016,147.0625
23/03/2016,146.59375
24/03/2016,142.59375
25/03/2016,168.8125
26/03/2016,236.25
27/03/2016,221.3125
28/03/2016,173.21875
29/03/2016,166.875
30/03/2016,147.25
31/03/2016,139.96875
01/04/2016,138.6875
02/04/2016,138.03125
03/04/2016,138.4375
04/04/2016,143.03125
05/04/2016,152.8125
06/04/2016,164.6875
07/04/2016,183.40625
08/04/2016,150.53125
09/04/2016,139.5
10/04/2016,143.375
11/04/2016,144.4375
12/04/2016,137.53125
13/04/2016,135.40625
14/04/2016,134.90625
15/04/2016,134.53125
16/04/2016,134.21875
17/04/2016,134.0625
18/04/2016,135.21875
19/04/2016,141.78125
20/04/2016,152.59375
21/04/2016,145
22/04/2016,141.625
23/04/2016,134.78125
24/04/2016,133.25
25/04/2016,133.09375
26/04/2016,133.25
27/04/2016,135.71875
28/04/2016,151.3125
29/04/2016,159.9375
30/04/2016,148.65625
01/05/2016,171.75
02/05/2016,221.53125
03/05/2016,208.78125
04/05/2016,239
05/05/2016,268.1875
06/05/2016,289.96875
07/05/2016,250.6875
08/05/2016,201.90625
09/05/2016,165.125
10/05/2016,168.5
11/05/2016,154.96875
12/05/2016,174.0625
13/05/2016,197.34375
14/05/2016,228.3125
15/05/2016,248.34375
16/05/2016,179.40625
17/05/2016,176.21875
18/05/2016,171.625
19/05/2016,218
20/05/2016,271.875
21/05/2016,272.78125
22/05/2016,259.40625
23/05/2016,588.0625
24/05/2016,960.34375
25/05/2016,940
26/05/2016,815.5625
27/05/2016,544.28125
28/05/2016,341.78125
29/05/2016,322.34375
30/05/2016,335.46875
31/05/2016,308.71875
01/06/2016,207.8125
02/06/2016,185.625
03/06/2016,164.71875
04/06/2016,174.875
05/06/2016,355.8125
06/06/2016,530.71875
07/06/2016,404.03125
08/06/2016,263.15625
09/06/2016,234.84375
10/06/2016,181.78125
11/06/2016,157.03125
12/06/2016,151.875
13/06/2016,162.25
14/06/2016,149.8125
15/06/2016,141.34375
16/06/2016,170.70312
17/06/2016,406.90625
18/06/2016,507.51562
19/06/2016,387.85938
20/06/2016,295.53125
21/06/2016,206.20312
22/06/2016,364
23/06/2016,677.5156
24/06/2016,764.8906
25/06/2016,570.78125
26/06/2016,548.84375
27/06/2016,1119.9531
28/06/2016,1086.5781
29/06/2016,785.625
30/06/2016,515.75
01/07/2016,364.04688
02/07/2016,258.15625
03/07/2016,222.04688
04/07/2016,202.25
05/07/2016,293
06/07/2016,807.4531
07/07/2016,672.875
08/07/2016,547.7344
09/07/2016,474.26562
10/07/2016,271.84375
11/07/2016,202.04688
12/07/2016,176.84375
13/07/2016,188.32812
14/07/2016,217.6875
15/07/2016,190.3125
16/07/2016,161.70312
17/07/2016,155.5625
18/07/2016,162.48438
19/07/2016,183.85938
20/07/2016,199.92188
21/07/2016,206.20312
22/07/2016,289.20312
23/07/2016,341.71875
24/07/2016,308.54688
25/07/2016,347.53125
26/07/2016,286.4375
27/07/2016,226.14062
28/07/2016,193.1875
29/07/2016,301.40625
30/07/2016,437.15625
31/07/2016,403.04688
01/08/2016,261.71875
02/08/2016,177.21875
03/08/2016,185.65625
04/08/2016,417.85938
05/08/2016,518.8594
06/08/2016,366.73438
07/08/2016,300.73438
08/08/2016,244.1875
09/08/2016,172.48438
10/08/2016,154.21875
11/08/2016,154.79688
12/08/2016,154.73438
13/08/2016,157.01562
14/08/2016,152
15/08/2016,154.09375
16/08/2016,165.8125
17/08/2016,172.26562
18/08/2016,167.125
19/08/2016,182.01562
20/08/2016,186.64062
21/08/2016,160.23438
22/08/2016,179.54688
23/08/2016,323.84375
24/08/2016,556.85156
25/08/2016,706.91406
26/08/2016,894.9297
27/08/2016,847.1719
28/08/2016,667.15625
29/08/2016,534.0625
30/08/2016,666.9219
31/08/2016,608.2344
01/09/2016,368.35938
02/09/2016,219.15625
03/09/2016,195.6875
04/09/2016,199.46094
05/09/2016,189.82812
06/09/2016,291.42188
07/09/2016,480.9297
08/09/2016,606.03125
09/09/2016,664.35156
10/09/2016,468.89062
11/09/2016,324.34375
12/09/2016,2228.4375
13/09/2016,4497.758
14/09/2016,2123.1094
15/09/2016,773.6406
16/09/2016,486.98438
17/09/2016,371.21875
18/09/2016,279.71875
19/09/2016,252.26562
20/09/2016,342.79688
21/09/2016,515.6719
22/09/2016,497.90625
23/09/2016,457.28125
24/09/2016,544.3281
25/09/2016,670.5781
26/09/2016,501.35156
27/09/2016,311.75
28/09/2016,257.125
29/09/2016,253.94531
30/09/2016,395.1953
01/10/2016,376.8125
02/10/2016,230.48438
03/10/2016,181.53125
04/10/2016,315.22656
05/10/2016,602.91406
06/10/2016,792.53906
07/10/2016,806.78125
08/10/2016,555.5156
09/10/2016,326.5703
10/10/2016,216.79688
11/10/2016,315.3203
12/10/2016,1026.6016
13/10/2016,823.6406
14/10/2016,609.08594
15/10/2016,1137.0625
16/10/2016,1995.9609
17/10/2016,1431.8438
18/10/2016,676.34375
19/10/2016,318.6953
20/10/2016,247.80469
21/10/2016,217.33594
22/10/2016,196.42969
23/10/2016,183.11719
24/10/2016,188.0625
25/10/2016,262.15625
26/10/2016,370.75
27/10/2016,288.1953
28/10/2016,184.71875
29/10/2016,162.57812
30/10/2016,254.1875
31/10/2016,832.5156
01/11/2016,2028.3984
02/11/2016,4012.7656
03/11/2016,4685.461
04/11/2016,3000.789
05/11/2016,1331.3906
06/11/2016,545.8125
07/11/2016,441.08594
08/11/2016,616.9844
09/11/2016,546.72656
10/11/2016,437.04688
11/11/2016,1059.7734
12/11/2016,1090.2969
13/11/2016,545.4375
14/11/2016,270.0625
15/11/2016,217.53906
16/11/2016,197.6875
17/11/2016,219.21875
18/11/2016,421.26562
19/11/2016,413.04688
20/11/2016,258.96875
21/11/2016,408.59375
22/11/2016,420.29688
23/11/2016,384.73438
24/11/2016,484.34375
25/11/2016,458.09375
26/11/2016,364.53125
27/11/2016,660.8125
28/11/2016,562.1094
29/11/2016,531.96875
30/11/2016,2129.8125
01/12/2016,3065.9062
02/12/2016,2006.0469
03/12/2016,2275.875
04/12/2016,2074.8594
05/12/2016,2104.6406
06/12/2016,2332.4062
07/12/2016,2675.7188
08/12/2016,2266.125
09/12/2016,1138.7656
10/12/2016,477.60938
11/12/2016,303.53125
12/12/2016,412.34375
13/12/2016,994.5469
14/12/2016,4220.4375
15/12/2016,11097.3125
16/12/2016,12486.094
17/12/2016,5236.6875
18/12/2016,1667.6562
19/12/2016,784.8125
20/12/2016,518.90625
21/12/2016,365.26562
22/12/2016,293.9375
23/12/2016,494.35938
24/12/2016,861.6875
25/12/2016,729.5781
26/12/2016,395.9375
27/12/2016,324.375
28/12/2016,961.5469
29/12/2016,758.78125
30/12/2016,347.28125
31/12/2016,776.3281
01/01/2017,2574.9688
02/01/2017,1857.6562
03/01/2017,1129.8438
04/01/2017,688.9531
05/01/2017,389.67188
06/01/2017,306.92188
07/01/2017,232.15625
08/01/2017,203
09/01/2017,191.32812
10/01/2017,190.4375
11/01/2017,192.0625
12/01/2017,182.96875
13/01/2017,168.75
14/01/2017,165.96875
15/01/2017,243.71875
16/01/2017,552.5
17/01/2017,435.1875
18/01/2017,247.78125
19/01/2017,188.84375
20/01/2017,177.25
21/01/2017,323.375
22/01/2017,673.84375
23/01/2017,683.59375
24/01/2017,579.09375
25/01/2017,804.8125
26/01/2017,1486
27/01/2017,1039.2188
28/01/2017,453.375
29/01/2017,260.84375
30/01/2017,218.71875
31/01/2017,200.96875
01/02/2017,313.75
02/02/2017,1194.1562
03/02/2017,1535.0312
04/02/2017,1002.875
05/02/2017,509.78125
06/02/2017,295.71875
07/02/2017,228
08/02/2017,202.9375
09/02/2017,248.6875
10/02/2017,803.6875
11/02/2017,1173.0625
12/02/2017,1017.9375
13/02/2017,694.96875
14/02/2017,400.1875
15/02/2017,338.09375
16/02/2017,331.28125
17/02/2017,238.125
18/02/2017,190.71875
19/02/2017,177.40625
20/02/2017,171.0625
21/02/2017,166.03125
22/02/2017,162.625
23/02/2017,177.3125
24/02/2017,414.40625
25/02/2017,579.3125
26/02/2017,388.4375
27/02/2017,334.53125
28/02/2017,428.65625
01/03/2017,369.3125
02/03/2017,228.96875
03/03/2017,190.65625
04/03/2017,179.5
05/03/2017,166.40625
06/03/2017,161.125
07/03/2017,158.40625
08/03/2017,157.4375
09/03/2017,180.21875
10/03/2017,194.53125
11/03/2017,158.65625
12/03/2017,152.625
13/03/2017,151.6875
14/03/2017,153.78125
15/03/2017,187
16/03/2017,195.6875
17/03/2017,168.71875
18/03/2017,262.09375
19/03/2017,392.78125
20/03/2017,476.53125
21/03/2017,436.03125
22/03/2017,252.28125
23/03/2017,243.15625
24/03/2017,318.03125
25/03/2017,390.4375
26/03/2017,537.5
27/03/2017,790.0625
28/03/2017,864.625
29/03/2017,501.71875
30/03/2017,414.75
31/03/2017,1208.7188
01/04/2017,2863.2188
02/04/2017,1462.2812
03/04/2017,523.03125
04/04/2017,413.46875
05/04/2017,580.21875
06/04/2017,1891.3438
07/04/2017,1386.1562
08/04/2017,726.40625
09/04/2017,442.25
10/04/2017,292.875
11/04/2017,263.03125
12/04/2017,433.90625
13/04/2017,1593.5625
14/04/2017,1783.6875
15/04/2017,971.96875
16/04/2017,394.5625
17/04/2017,272.09375
18/04/2017,230.6875
19/04/2017,206.90625
20/04/2017,191.375
21/04/2017,182.9375
22/04/2017,181.21875
23/04/2017,224.5
24/04/2017,410.4375
25/04/2017,634.375
26/04/2017,686.5625
27/04/2017,503.65625
28/04/2017,543.6875
29/04/2017,725.65625
30/04/2017,506.375
01/05/2017,335.09375
02/05/2017,285.03125
03/05/2017,221.03125
04/05/2017,204.09375
05/05/2017,317.90625
06/05/2017,356.34375
07/05/2017,253.65625
08/05/2017,208.1875
09/05/2017,338.3125
10/05/2017,445.25
11/05/2017,307.40625
12/05/2017,214.65625
13/05/2017,385.78125
14/05/2017,979
15/05/2017,1284.1562
16/05/2017,1584.4375
17/05/2017,1218.3438
18/05/2017,1034.0312
19/05/2017,821
20/05/2017,888.34375
21/05/2017,958.71875
22/05/2017,569.625
23/05/2017,391.46875
24/05/2017,662
25/05/2017,992.5
26/05/2017,1378.4062
27/05/2017,951.125
28/05/2017,614.3125
29/05/2017,1041.5625
30/05/2017,997.875
31/05/2017,682.59375
01/06/2017,468.65625
02/06/2017,261.90625
03/06/2017,209.90625
04/06/2017,192.125
05/06/2017,181.65625
06/06/2017,176.65625
07/06/2017,408.40625
08/06/2017,1352.9062
09/06/2017,1558.1875
10/06/2017,974.125
11/06/2017,593.46875
12/06/2017,419.59375
13/06/2017,295.34375
14/06/2017,241.375
15/06/2017,273.5625
16/06/2017,276.3125
17/06/2017,203.0625
18/06/2017,194.3125
19/06/2017,336.25
20/06/2017,433.6875
21/06/2017,332.85938
22/06/2017,266.32812
23/06/2017,280.9375
24/06/2017,366.75
25/06/2017,562.78125
26/06/2017,488.76562
27/06/2017,296.71875
28/06/2017,252.42188
29/06/2017,436.98438
30/06/2017,515.0156
01/07/2017,430.54688
02/07/2017,333.65625
03/07/2017,221.54688
04/07/2017,258.89062
05/07/2017,339.46875
06/07/2017,332.48438
07/07/2017,333
08/07/2017,257.09375
09/07/2017,197.67188
10/07/2017,206.79688
11/07/2017,470.76562
12/07/2017,787.125
13/07/2017,1052.9844
14/07/2017,737.9531
15/07/2017,484.70312
16/07/2017,892.71875
17/07/2017,1087.1562
18/07/2017,668.4531
19/07/2017,788.2656
20/07/2017,798.96875
21/07/2017,584.6875
22/07/2017,706.9531
23/07/2017,655.125
24/07/2017,529.75
25/07/2017,938.90625
26/07/2017,2547.875
27/07/2017,2438.7656
28/07/2017,1388.2969
29/07/2017,724.34375
30/07/2017,407.90625
31/07/2017,288.79688
01/08/2017,241.46875
02/08/2017,215.3125
03/08/2017,198.5625
04/08/2017,188.9375
05/08/2017,184.89062
06/08/2017,184.96875
07/08/2017,261.46875
08/08/2017,360.35938
09/08/2017,278.85938
10/08/2017,200.09375
11/08/2017,182.17188
12/08/2017,168.375
13/08/2017,161.5
14/08/2017,159.46875
15/08/2017,172.3125
16/08/2017,236.46875
17/08/2017,467.29688
18/08/2017,757.78125
19/08/2017,708.7344
20/08/2017,444.60938
21/08/2017,271.53125
22/08/2017,232.30469
23/08/2017,204.17188
24/08/2017,174.26562
25/08/2017,177.32031
26/08/2017,385.70312
27/08/2017,1078.8438
28/08/2017,874.21094
29/08/2017,464.73438
30/08/2017,355.64844
31/08/2017,454.45312
01/09/2017,574.1328
02/09/2017,383.3203
03/09/2017,253.79688
04/09/2017,203.14844
05/09/2017,210.89062
06/09/2017,363.21875
07/09/2017,476.64062
08/09/2017,400.92188
09/09/2017,289.83594
10/09/2017,228.10156
11/09/2017,227.46875
12/09/2017,203.4375
13/09/2017,172.78906
14/09/2017,436.54688
15/09/2017,1401.8125
16/09/2017,915.66406
17/09/2017,376
18/09/2017,357.14844
19/09/2017,311.96875
20/09/2017,238.42188
21/09/2017,203.24219
22/09/2017,187.52344
23/09/2017,229.10938
24/09/2017,383.5
25/09/2017,394.66406
26/09/2017,311.20312
27/09/2017,284.625
28/09/2017,199.70312
29/09/2017,206.10938
30/09/2017,302.5078
01/10/2017,500.20312
02/10/2017,474.23438
03/10/2017,603.1953
04/10/2017,738.8203
05/10/2017,716.8281
06/10/2017,614.16406
07/10/2017,700.8672
08/10/2017,855.8828
09/10/2017,2034.5703
10/10/2017,2369.1172
11/10/2017,1264.3594
12/10/2017,627.28906
13/10/2017,516.8672
14/10/2017,426.04688
15/10/2017,307.9922
16/10/2017,227.82031
17/10/2017,203.0625
18/10/2017,196.59375
19/10/2017,306.125
20/10/2017,511.48438
21/10/2017,414.1328
22/10/2017,223.10938
23/10/2017,200.89062
24/10/2017,425.48438
25/10/2017,761.6328
26/10/2017,619.71875
27/10/2017,376.5703
28/10/2017,284.40625
29/10/2017,219.42188
30/10/2017,487.8203
31/10/2017,2337.6016
01/11/2017,3744.4375
02/11/2017,2128.7578
03/11/2017,1692.0469
04/11/2017,7012.422
05/11/2017,12044.617
06/11/2017,8561.242
07/11/2017,5888.0625
08/11/2017,2553.4219
09/11/2017,1584.2656
10/11/2017,1405.9141
11/11/2017,996.22656
12/11/2017,654.3672
13/11/2017,414.83594
14/11/2017,273.75
15/11/2017,239.73438
16/11/2017,278.6328
17/11/2017,289.5
18/11/2017,206.66406
19/11/2017,432.67188
20/11/2017,1764.7031
21/11/2017,1534.7969
22/11/2017,2684.5938
23/11/2017,5855.117
24/11/2017,4665.3125
25/11/2017,1987.875
26/11/2017,1025.2344
27/11/2017,1248.875
28/11/2017,1240.3438
29/11/2017,944.7969
30/11/2017,643.25
01/12/2017,773.25
02/12/2017,2408.8438
03/12/2017,4620.422
04/12/2017,3519.4531
05/12/2017,2100.7656
06/12/2017,1384.8125
07/12/2017,728.1094
08/12/2017,446.60938
09/12/2017,587.5781
10/12/2017,502.07812
11/12/2017,272.59375
12/12/2017,211.20312
13/12/2017,193.21875
14/12/2017,188.26562
15/12/2017,185.48438
16/12/2017,342.40625
17/12/2017,1291.1094
18/12/2017,1080.4375
19/12/2017,532.84375
20/12/2017,318
21/12/2017,236
22/12/2017,212.20312
23/12/2017,199.375
24/12/2017,255.3125
25/12/2017,551.5625
26/12/2017,629.03125
27/12/2017,1015.875
28/12/2017,1541.2344
29/12/2017,1077.3125
30/12/2017,946.625
31/12/2017,799.2969
01/01/2018,616.6406
02/01/2018,463.60938
03/01/2018,305.20312
04/01/2018,342.42188
05/01/2018,370.0625
06/01/2018,292.32812
07/01/2018,206.96875
08/01/2018,200.29688
09/01/2018,292.6875
10/01/2018,324.64062
11/01/2018,244.625
12/01/2018,533.6719
13/01/2018,1021.0781
14/01/2018,997.5469
15/01/2018,733.21875
16/01/2018,491.625
17/01/2018,286.23438
18/01/2018,216.25
19/01/2018,197.8125
20/01/2018,191.78125
21/01/2018,196.84375
22/01/2018,198.60938
23/01/2018,179.96875
24/01/2018,188.89062
25/01/2018,211.84375
26/01/2018,190.73438
27/01/2018,180.21875
28/01/2018,193.1875
29/01/2018,203.8125
30/01/2018,242.40625
31/01/2018,266.59375
01/02/2018,195.40625
02/02/2018,192.03125
03/02/2018,210.28125
04/02/2018,254.65625
05/02/2018,197
06/02/2018,222.6875
07/02/2018,255.65625
08/02/2018,183.1875
09/02/2018,165
10/02/2018,162.15625
11/02/2018,167.6875
12/02/2018,334.90625
13/02/2018,552.21875
14/02/2018,413.90625
15/02/2018,216.0625
16/02/2018,179.75
17/02/2018,172.34375
18/02/2018,168.6875
19/02/2018,166.0625
20/02/2018,163.8125
21/02/2018,161.96875
22/02/2018,174.625
23/02/2018,208.65625
24/02/2018,272.03125
25/02/2018,273.28125
26/02/2018,184.125
27/02/2018,171.25
28/02/2018,174.0625
01/03/2018,161.28125
02/03/2018,160.09375
03/03/2018,225
04/03/2018,330.125
05/03/2018,289.09375
06/03/2018,189.65625
07/03/2018,165.5
08/03/2018,165.34375
09/03/2018,275.34375
10/03/2018,366.28125
11/03/2018,280.8125
12/03/2018,198.6875
13/03/2018,171.5
14/03/2018,228.875
15/03/2018,755.40625
16/03/2018,912.5625
17/03/2018,549
18/03/2018,313.25
19/03/2018,234.59375
20/03/2018,233.1875
21/03/2018,397.34375
22/03/2018,477.4375
23/03/2018,298.71875
24/03/2018,219.03125
25/03/2018,182.90625
26/03/2018,172
27/03/2018,167.6875
28/03/2018,164.6875
29/03/2018,166.65625
30/03/2018,240.1875
31/03/2018,278.375
01/04/2018,192.21875
02/04/2018,164.5625
03/04/2018,159.625
04/04/2018,157.78125
05/04/2018,156.625
06/04/2018,156.46875
07/04/2018,347.8125
08/04/2018,1052.7188
09/04/2018,806.5625
10/04/2018,346.0625
11/04/2018,238.25
12/04/2018,207.46875
13/04/2018,191.875
14/04/2018,186.59375
15/04/2018,186.8125
16/04/2018,176.4375
17/04/2018,186.90625
18/04/2018,205.78125
19/04/2018,229.09375
20/04/2018,235.125
21/04/2018,320.53125
22/04/2018,385.6875
23/04/2018,396.5625
24/04/2018,307.8125
25/04/2018,262.3125
26/04/2018,388.625
27/04/2018,673.6875
28/04/2018,594.65625
29/04/2018,396.0625
30/04/2018,695.625
01/05/2018,1387.125
02/05/2018,997.84375
03/05/2018,476.71875
04/05/2018,296.0625
05/05/2018,268.375
06/05/2018,561.59375
07/05/2018,817.34375
08/05/2018,554.1875
09/05/2018,273.03125
10/05/2018,239.75
11/05/2018,357.125
12/05/2018,375.84375
13/05/2018,236.875
14/05/2018,195.28125
15/05/2018,183.90625
16/05/2018,187.5625
17/05/2018,308.0625
18/05/2018,400.625
19/05/2018,335.03125
20/05/2018,329.53125
21/05/2018,296.34375
22/05/2018,210.28125
23/05/2018,197.46875
24/05/2018,292.9375
25/05/2018,670.9375
26/05/2018,619.4375
27/05/2018,279.28125
28/05/2018,222.5625
29/05/2018,238.65625
30/05/2018,261.96875
31/05/2018,313.71875
01/06/2018,265.15625
02/06/2018,190.28125
03/06/2018,246.90625
04/06/2018,601.65625
05/06/2018,638.53125
06/06/2018,369.9375
07/06/2018,247.6875
08/06/2018,243.625
09/06/2018,237.21875
10/06/2018,232.09375
11/06/2018,206.1875
12/06/2018,210.40625
13/06/2018,198.625
14/06/2018,175.34375
15/06/2018,176.59375
16/06/2018,229.375
17/06/2018,316.3125
18/06/2018,298.3125
19/06/2018,252.25
20/06/2018,211.46875
21/06/2018,174.8125
22/06/2018,162.8125
23/06/2018,159.3125
24/06/2018,173.75
25/06/2018,216.28125
26/06/2018,285
27/06/2018,408.40625
28/06/2018,425.71875
29/06/2018,336.65625
30/06/2018,221.9375
01/07/2018,175.34375
02/07/2018,167.34375
03/07/2018,172.46875
04/07/2018,162.4375
05/07/2018,158.65625
06/07/2018,155.25
07/07/2018,154.75
08/07/2018,206.04688
09/07/2018,432.45312
10/07/2018,779.3594
11/07/2018,1390.8281
12/07/2018,1297.3906
13/07/2018,726.75
14/07/2018,479.32812
15/07/2018,694.7656
16/07/2018,806.0781
17/07/2018,613.9219
18/07/2018,592.2969
19/07/2018,737.125
20/07/2018,525.875
21/07/2018,318.32812
22/07/2018,291.5625
23/07/2018,396.78125
24/07/2018,405.1875
25/07/2018,250.75
26/07/2018,219.25
27/07/2018,352.125
28/07/2018,546.1094
29/07/2018,428.71875
30/07/2018,361.75
31/07/2018,368.375
01/08/2018,289.125
02/08/2018,215.4375
03/08/2018,184.26562
04/08/2018,187.90625
05/08/2018,197.53125
06/08/2018,395.76562
07/08/2018,615.4844
08/08/2018,420.45312
09/08/2018,352.03125
10/08/2018,384.67188
11/08/2018,242.23438
12/08/2018,199.17188
13/08/2018,209.42188
14/08/2018,554.3281
15/08/2018,982.0156
16/08/2018,645.875
17/08/2018,315
18/08/2018,234.46875
19/08/2018,254.45312
20/08/2018,303.98438
21/08/2018,244.9375
22/08/2018,219.21875
23/08/2018,196.10938
24/08/2018,205.42188
25/08/2018,199.71875
26/08/2018,172.8125
27/08/2018,203.625
28/08/2018,374.84375
29/08/2018,397.89062
30/08/2018,218.29688
31/08/2018,181.98438
01/09/2018,169.60938
02/09/2018,163.57812
03/09/2018,189.51562
04/09/2018,229.98438
05/09/2018,182.82812
06/09/2018,159.04688
07/09/2018,158.32812
08/09/2018,222.78125
09/09/2018,302.9375
10/09/2018,477.54688
11/09/2018,702.1875
12/09/2018,570.28125
13/09/2018,572.25
14/09/2018,528.625
15/09/2018,336.1875
16/09/2018,220.20312
17/09/2018,203.15625
18/09/2018,274.39062
19/09/2018,410.125
20/09/2018,352.42188
21/09/2018,208.98438
22/09/2018,224.40625
23/09/2018,351.5703
24/09/2018,397.46094
25/09/2018,325.3203
26/09/2018,217.78906
27/09/2018,175.88281
28/09/2018,186.64062
29/09/2018,211.33594
30/09/2018,199.96875
01/10/2018,269.6797
02/10/2018,647.5703
03/10/2018,1245.7109
04/10/2018,2049.0781
05/10/2018,1301.5312
06/10/2018,548.10156
07/10/2018,306.45312
08/10/2018,246.99219
09/10/2018,218.66406
10/10/2018,201.07812
11/10/2018,222.71094
12/10/2018,422.64844
13/10/2018,642.09375
14/10/2018,594.6719
15/10/2018,358.71094
16/10/2018,211.96094
17/10/2018,183.69531
18/10/2018,189.44531
19/10/2018,197.34375
20/10/2018,204.53906
21/10/2018,212.51562
22/10/2018,179.35938
23/10/2018,164.21094
24/10/2018,163.55469
25/10/2018,158.72656
26/10/2018,155.79688
27/10/2018,158.55469
28/10/2018,238.17188
29/10/2018,336.59375
30/10/2018,267.03906
31/10/2018,178.53125
01/11/2018,157.25781
02/11/2018,153.94531
03/11/2018,152.78125
04/11/2018,152.17188
05/11/2018,151.51562
06/11/2018,151.34375
07/11/2018,174.25
08/11/2018,296.5
09/11/2018,369.6172
10/11/2018,286.59375
11/11/2018,190.3125
12/11/2018,159.96094
13/11/2018,154.53906
14/11/2018,152.90625
15/11/2018,151.57812
16/11/2018,150.57031
17/11/2018,149.99219
18/11/2018,149.8125
19/11/2018,149.53125
20/11/2018,148.78125
21/11/2018,148.05469
22/11/2018,169.3125
23/11/2018,453.0625
24/11/2018,904.1875
25/11/2018,1704.7969
26/11/2018,1540.5625
27/11/2018,817.7656
28/11/2018,440.90625
29/11/2018,499.125
30/11/2018,386.96875
01/12/2018,241.8125
02/12/2018,198.09375
03/12/2018,181.5
04/12/2018,170.25
05/12/2018,161.67188
06/12/2018,156.1875
07/12/2018,154.85938
08/12/2018,203.07812
09/12/2018,453.40625
10/12/2018,807.25
11/12/2018,905.0156
12/12/2018,1342.7656
13/12/2018,1992.9375
14/12/2018,2569.3906
15/12/2018,3003.3438
16/12/2018,3076.6406
17/12/2018,2068.5312
18/12/2018,1274.9688
19/12/2018,651.4844
20/12/2018,333.29688
21/12/2018,262.67188
22/12/2018,228.98438
23/12/2018,210.79688
24/12/2018,262.625
25/12/2018,458.73438
26/12/2018,410.10938
27/12/2018,223.95312
28/12/2018,359.34375
29/12/2018,1661.1562
30/12/2018,2874.9531
31/12/2018,2225.0781
01/01/2019,1315.375
02/01/2019,815.375
03/01/2019,569.9375
04/01/2019,407.25
05/01/2019,287.78125
06/01/2019,302.84375
07/01/2019,350.59375
08/01/2019,260.84375
09/01/2019,196.625
10/01/2019,180.15625
11/01/2019,172.09375
12/01/2019,167.15625
13/01/2019,163.8125
14/01/2019,161
15/01/2019,158.9375
16/01/2019,273.375
17/01/2019,1354.75
18/01/2019,2227.625
19/01/2019,1182.5625
20/01/2019,433.28125
21/01/2019,414.625
22/01/2019,1044.0625
23/01/2019,897.71875
24/01/2019,433.03125
25/01/2019,256.40625
26/01/2019,221.21875
27/01/2019,298.8125
28/01/2019,335.8125
29/01/2019,209.03125
30/01/2019,180.15625
31/01/2019,172.96875
01/02/2019,167.78125
02/02/2019,163.8125
03/02/2019,160.25
04/02/2019,157.71875
05/02/2019,156
06/02/2019,154.4375
07/02/2019,152.84375
08/02/2019,151.53125
09/02/2019,150.5625
10/02/2019,149.71875
11/02/2019,149.15625
12/02/2019,148.875
13/02/2019,148.4375
14/02/2019,147.59375
15/02/2019,146.75
16/02/2019,146.125
17/02/2019,145.65625
18/02/2019,145.21875
19/02/2019,144.71875
20/02/2019,144.28125
21/02/2019,144.59375
22/02/2019,147.34375
23/02/2019,146.3125
24/02/2019,143.84375
25/02/2019,143.28125
26/02/2019,142.84375
27/02/2019,142.375
28/02/2019,141.84375
01/03/2019,141.40625
02/03/2019,141.09375
03/03/2019,140.71875
04/03/2019,140.4375
05/03/2019,140.15625
06/03/2019,139.875
07/03/2019,139.6875
08/03/2019,139.5625
09/03/2019,140.0625
10/03/2019,140.90625
11/03/2019,139.34375
12/03/2019,140.40625
13/03/2019,141.9375
14/03/2019,138.9375
15/03/2019,145.8125
16/03/2019,153.21875
17/03/2019,147.75
18/03/2019,145.65625
19/03/2019,145.03125
20/03/2019,144.65625
21/03/2019,144.3125
22/03/2019,144
23/03/2019,144.15625
24/03/2019,148.25
25/03/2019,192.6875
26/03/2019,226.4375
27/03/2019,158.25
28/03/2019,139.4375
29/03/2019,137.625
30/03/2019,154
31/03/2019,203.15625
01/04/2019,222.5
02/04/2019,192.71875
03/04/2019,156.90625
04/04/2019,142.0625
05/04/2019,140.0625
06/04/2019,138.1875
07/04/2019,138
08/04/2019,138.59375
09/04/2019,144.84375
10/04/2019,150.75
11/04/2019,151.375
12/04/2019,157.46875
13/04/2019,180.84375
14/04/2019,194.5625
15/04/2019,201.34375
16/04/2019,237.59375
17/04/2019,239.71875
18/04/2019,192.75
19/04/2019,178.15625
20/04/2019,151.5625
21/04/2019,156.90625
22/04/2019,183.6875
23/04/2019,156.96875
24/04/2019,140.25
25/04/2019,136.125
26/04/2019,134.9375
27/04/2019,134.5625
28/04/2019,144.28125
29/04/2019,183.34375
30/04/2019,202.21875
01/05/2019,175.5625
02/05/2019,161.6875
03/05/2019,183.3125
04/05/2019,219.3125
05/05/2019,274.8125
06/05/2019,236.21875
07/05/2019,170.625
08/05/2019,312.21875
09/05/2019,655.25
10/05/2019,792.71875
11/05/2019,721.03125
12/05/2019,693.03125
13/05/2019,628.90625
14/05/2019,460.75
15/05/2019,306.125
16/05/2019,205.96875
17/05/2019,176.8125
18/05/2019,160.96875
19/05/2019,153
20/05/2019,148.5625
21/05/2019,145.96875
22/05/2019,161.59375
23/05/2019,417.625
24/05/2019,740.4375
25/05/2019,615.78125
26/05/2019,685.03125
27/05/2019,595.0625
28/05/2019,354.4375
29/05/2019,434.1875
30/05/2019,589.53125
31/05/2019,582.375
01/06/2019,717.53125
02/06/2019,815.375
03/06/2019,585.84375
04/06/2019,411.75
05/06/2019,464.4375
06/06/2019,386.21875
07/06/2019,326.84375
08/06/2019,478.15625
09/06/2019,404.3125
10/06/2019,229.84375
11/06/2019,191.8125
12/06/2019,165.28125
13/06/2019,159
14/06/2019,171.5
15/06/2019,167.78125
16/06/2019,152.59375
17/06/2019,147.40625
18/06/2019,175.5625
19/06/2019,252.78125
20/06/2019,233.09375
21/06/2019,163.875
22/06/2019,151.5625
23/06/2019,165.375
24/06/2019,152.03125
25/06/2019,151.6875
26/06/2019,184.28125
27/06/2019,175.21875
28/06/2019,147.15625
29/06/2019,137.53125
30/06/2019,136.03125
01/07/2019,136.40625
02/07/2019,285.1875
03/07/2019,757.5625
04/07/2019,586.09375
05/07/2019,260.5
06/07/2019,195.07812
07/07/2019,174.34375
08/07/2019,163.01562
09/07/2019,155.23438
10/07/2019,149.8125
11/07/2019,146.26562
12/07/2019,146.5
13/07/2019,153.39062
14/07/2019,144.09375
15/07/2019,138.79688
16/07/2019,139.46875
17/07/2019,143.35938
18/07/2019,158.89062
19/07/2019,146.10938
20/07/2019,136.09375
21/07/2019,135.15625
22/07/2019,140.76562
23/07/2019,148.4375
24/07/2019,142.32812
25/07/2019,147.03125
26/07/2019,144.76562
27/07/2019,165.5625
28/07/2019,203.45312
29/07/2019,224.0625
30/07/2019,196.375
31/07/2019,205.625
01/08/2019,281.8125
02/08/2019,329.25
03/08/2019,202.25
04/08/2019,156.42188
05/08/2019,145.625
06/08/2019,146.03125
07/08/2019,164.20312
08/08/2019,180.23438
09/08/2019,160.23438
10/08/2019,176.65625
11/08/2019,214.40625
12/08/2019,211.09375
13/08/2019,157.4375
14/08/2019,138.79688
15/08/2019,135.125
16/08/2019,134.57812
17/08/2019,134.34375
18/08/2019,135.45312
19/08/2019,132.5625
20/08/2019,131.21875
21/08/2019,135
22/08/2019,138.53125
23/08/2019,150.64062
24/08/2019,173.85938
25/08/2019,202.01562
26/08/2019,227.0625
27/08/2019,197.96875
28/08/2019,182.8125
29/08/2019,910.3281
30/08/2019,1582.4688
31/08/2019,920.8906
01/09/2019,452.10938
02/09/2019,1472.9844
03/09/2019,3591.375
04/09/2019,3285.4531
05/09/2019,1589.1875
06/09/2019,655.5625
07/09/2019,400.60938
08/09/2019,320.54688
09/09/2019,276.60938
10/09/2019,238.8125
11/09/2019,202.86719
12/09/2019,184.08594
13/09/2019,182.28125
14/09/2019,191.46875
15/09/2019,175.19531
16/09/2019,152.625
17/09/2019,150.64062
18/09/2019,166.60938
19/09/2019,194.10938
20/09/2019,604.40625
21/09/2019,893.0703
22/09/2019,709.0078
23/09/2019,421.64844
24/09/2019,234.6875
25/09/2019,209.34375
26/09/2019,216.9375
27/09/2019,225.59375
28/09/2019,178.88281
29/09/2019,150.99219
30/09/2019,142.67188
01/10/2019,139.125
02/10/2019,137.38281
03/10/2019,140.21094
04/10/2019,152.42969
05/10/2019,155
06/10/2019,139.73438
07/10/2019,133.5
08/10/2019,132.32812
09/10/2019,134.82031
10/10/2019,158.30469
11/10/2019,184.36719
12/10/2019,162.1875
13/10/2019,138.32031
14/10/2019,136.40625
15/10/2019,235.65625
16/10/2019,497.625
17/10/2019,833.0703
18/10/2019,850.7578
19/10/2019,674.78125
20/10/2019,545.1719
21/10/2019,360.97656
22/10/2019,213.5625
23/10/2019,173.00781
24/10/2019,159.55469
25/10/2019,152.96875
26/10/2019,173.32031
27/10/2019,195.98438
28/10/2019,160.51562
29/10/2019,164.38281
30/10/2019,2090.8984
31/10/2019,5899.9375
01/11/2019,4075.8984
02/11/2019,1773.8203
03/11/2019,890.21094
04/11/2019,523.03125
05/11/2019,336.0078
06/11/2019,264.73438
07/11/2019,222.88281
08/11/2019,203.26562
09/11/2019,202.49219
10/11/2019,768.65625
11/11/2019,3004.8984
12/11/2019,2302.5625
13/11/2019,991.35156
14/11/2019,510.73438
15/11/2019,404.83594
16/11/2019,285.60938
17/11/2019,217.15625
18/11/2019,191.52344
19/11/2019,181.5625
20/11/2019,206.48438
21/11/2019,294.10938
22/11/2019,277.375
23/11/2019,176.26562
24/11/2019,149.95312
25/11/2019,146.65625
26/11/2019,224.51562
27/11/2019,709.15625
28/11/2019,1818.9062
29/11/2019,2786.5625
30/11/2019,1909.2656
01/12/2019,946.2656
02/12/2019,505.60938
03/12/2019,610.46875
04/12/2019,632.7656
05/12/2019,411.17188
06/12/2019,291.65625
07/12/2019,223.125
08/12/2019,177.01562
09/12/2019,166.26562
10/12/2019,172.17188
11/12/2019,154.15625
12/12/2019,146.90625
13/12/2019,185.73438
14/12/2019,229.21875
15/12/2019,179.79688
16/12/2019,180.29688
17/12/2019,152.10938
18/12/2019,142.45312
19/12/2019,140.5625
20/12/2019,139.9375
21/12/2019,139.45312
22/12/2019,137.9375
23/12/2019,136.78125
24/12/2019,136.0625
25/12/2019,135.64062
26/12/2019,135
27/12/2019,134.875
28/12/2019,143
29/12/2019,152.75
30/12/2019,145.60938
31/12/2019,151.04688
01/01/2020,264.3125
02/01/2020,361.48438
03/01/2020,335.1875
04/01/2020,279.07812
05/01/2020,170.0625
06/01/2020,146.03125
07/01/2020,141.09375
08/01/2020,139.21875
09/01/2020,137.96875
10/01/2020,136.6875
11/01/2020,135.84375
12/01/2020,135.5
13/01/2020,136.65625
14/01/2020,135.5
15/01/2020,133.5
16/01/2020,132.6875
17/01/2020,132.375
18/01/2020,132.15625
19/01/2020,132.0625
20/01/2020,131.84375
21/01/2020,131.3125
22/01/2020,130.5625
23/01/2020,129.90625
24/01/2020,129.53125
25/01/2020,129.28125
26/01/2020,129.20312
27/01/2020,129.45312
28/01/2020,132.60938
29/01/2020,199.75
30/01/2020,342.51562
31/01/2020,305.92188
01/02/2020,179.20312
02/02/2020,144.67188
03/02/2020,136.625
04/02/2020,134.48438
05/02/2020,133.26562
06/02/2020,132.01562
07/02/2020,130.82812
08/02/2020,130.60938
09/02/2020,135.64062
10/02/2020,154.82812
11/02/2020,164.1875
12/02/2020,140.98438
13/02/2020,130.51562
14/02/2020,128.5
15/02/2020,127.78125
16/02/2020,127.375
17/02/2020,144.0625
18/02/2020,336.92188
19/02/2020,517.0781
20/02/2020,362.9375
21/02/2020,191.21875
22/02/2020,162.96875
23/02/2020,157.85938
24/02/2020,147.39062
25/02/2020,139.5
26/02/2020,135.875
27/02/2020,133.84375
28/02/2020,132.21875
29/02/2020,130.78125
01/03/2020,129.57812
02/03/2020,128.59375
03/03/2020,127.96875
04/03/2020,128.1875
05/03/2020,142.78125
06/03/2020,154.4375
07/03/2020,133.0625
08/03/2020,130.15625
09/03/2020,126.28125
10/03/2020,125.15625
11/03/2020,125.34375
12/03/2020,125.125
13/03/2020,124.40625
14/03/2020,128.40625
15/03/2020,131.25
16/03/2020,131.375
17/03/2020,130.9375
18/03/2020,130.6875
19/03/2020,132.5
20/03/2020,137.9375
21/03/2020,136.78125
22/03/2020,131.125
23/03/2020,129.71875
24/03/2020,125.125
25/03/2020,124.34375
26/03/2020,127.875
27/03/2020,123.34375
28/03/2020,122.875
29/03/2020,121.1875
30/03/2020,120.625
31/03/2020,120.34375
01/04/2020,120
02/04/2020,119.75
03/04/2020,119.71875
04/04/2020,120.09375
05/04/2020,119.5625
06/04/2020,119.625
07/04/2020,120.375
08/04/2020,121.53125
09/04/2020,122.90625
10/04/2020,121.5625
11/04/2020,119.5625
12/04/2020,142.9375
13/04/2020,209.71875
14/04/2020,215.875
15/04/2020,148.125
16/04/2020,129.40625
17/04/2020,125.125
18/04/2020,131.125
19/04/2020,156.09375
20/04/2020,148.09375
21/04/2020,127.28125
22/04/2020,121.625
23/04/2020,122.625
24/04/2020,124.375
25/04/2020,132.9375
26/04/2020,147.5625
27/04/2020,136.8125
28/04/2020,137.8125
29/04/2020,127.4375
30/04/2020,120.8125
01/05/2020,118.96875
02/05/2020,118.375
03/05/2020,118
04/05/2020,117.65625
05/05/2020,117.1875
06/05/2020,116.78125
07/05/2020,116.65625
08/05/2020,116.8125
09/05/2020,116.21875
10/05/2020,115.875
11/05/2020,115.65625
12/05/2020,115.46875
13/05/2020,115.1875
14/05/2020,115
15/05/2020,115.0625
16/05/2020,115.46875
17/05/2020,115.34375
18/05/2020,115.34375
19/05/2020,115.90625
20/05/2020,118.21875
21/05/2020,127.4375
22/05/2020,135.6875
23/05/2020,650.3125
24/05/2020,733.28125
25/05/2020,455.375
26/05/2020,356.84375
27/05/2020,546.28125
28/05/2020,467.40625
29/05/2020,263
30/05/2020,262.53125
31/05/2020,296.53125
01/06/2020,438.28125
02/06/2020,445.25
03/06/2020,309.125
04/06/2020,314.1875
05/06/2020,274.375
06/06/2020,182.65625
07/06/2020,161.25
08/06/2020,146
09/06/2020,132.875
10/06/2020,126.875
11/06/2020,131.9375
12/06/2020,177.15625
13/06/2020,197.625
14/06/2020,153.59375
15/06/2020,252.8125
16/06/2020,324
17/06/2020,208.1875
18/06/2020,183.96875
19/06/2020,145.84375
20/06/2020,133.65625
21/06/2020,126.96875
22/06/2020,123.375
23/06/2020,122.09375
24/06/2020,123.28125
25/06/2020,120.5625
26/06/2020,119.171875
27/06/2020,135.07812
28/06/2020,193.01562
29/06/2020,224.57812
30/06/2020,188.20312
01/07/2020,175.78125
02/07/2020,144.15625
03/07/2020,170.01562
04/07/2020,275.78125
05/07/2020,291.3125
06/07/2020,210.65625
07/07/2020,167.125
08/07/2020,170.28125
09/07/2020,148.09375
10/07/2020,127.828125
11/07/2020,121.078125
12/07/2020,123.734375
13/07/2020,143.5625
14/07/2020,175.95312
15/07/2020,223.1875
16/07/2020,253.15625
17/07/2020,284.26562
18/07/2020,241.39062
19/07/2020,238.54688
20/07/2020,197.125
21/07/2020,164.46875
22/07/2020,174.96875
23/07/2020,224.28125
24/07/2020,354.9375
25/07/2020,317.84375
26/07/2020,185.29688
27/07/2020,198.75
28/07/2020,396.1875
29/07/2020,723.65625
30/07/2020,612.5
31/07/2020,550.6719
01/08/2020,957.1875
02/08/2020,866.9531
03/08/2020,507.82812
04/08/2020,289.54688
05/08/2020,249.8125
06/08/2020,444.51562
07/08/2020,577.84375
08/08/2020,452.28125
09/08/2020,560.6094
10/08/2020,602.5469
11/08/2020,359.59375
12/08/2020,239.23438
13/08/2020,425.42188
14/08/2020,428.57812
15/08/2020,247.21875
16/08/2020,278.89062
17/08/2020,409.73438
18/08/2020,703.53125
19/08/2020,1123.7344
20/08/2020,1208.5
21/08/2020,838.9531
22/08/2020,680.21875
23/08/2020,781
24/08/2020,571.21875
25/08/2020,320.1328
26/08/2020,207.14062
27/08/2020,170.95312
28/08/2020,158.26562
29/08/2020,157.32031
30/08/2020,177.66406
31/08/2020,194.11719
01/09/2020,199.08594
02/09/2020,200.85938
03/09/2020,167.21875
04/09/2020,163.13281
05/09/2020,143.57812
06/09/2020,152.32812
07/09/2020,144.29688
08/09/2020,139.57031
09/09/2020,162.80469
10/09/2020,321.7578
11/09/2020,530.52344
12/09/2020,443.91406
13/09/2020,298.125
14/09/2020,225.46875
15/09/2020,179.17188
16/09/2020,152.83594
17/09/2020,1561.8984
18/09/2020,4098.8203
19/09/2020,2365.289
20/09/2020,886.60156
21/09/2020,581.1953
22/09/2020,570.08594
23/09/2020,474.8203
24/09/2020,313.29688
25/09/2020,215.33594
26/09/2020,208.1875
27/09/2020,205.15625
28/09/2020,206.8125
29/09/2020,255.01562
30/09/2020,371.71875
01/10/2020,452.77344
02/10/2020,391.8047
03/10/2020,302.8125
04/10/2020,372.89062
05/10/2020,473.6328
06/10/2020,601.125
07/10/2020,2600.3125
08/10/2020,4854.258
09/10/2020,4189.0625
10/10/2020,5139.5
11/10/2020,8163.3047
12/10/2020,8150.992
13/10/2020,3207.1875
14/10/2020,1399.3594
15/10/2020,1448.1562
16/10/2020,2083.1172
17/10/2020,4154.242
18/10/2020,5669
19/10/2020,3470.5625
20/10/2020,2387.1562
21/10/2020,2298.7812
22/10/2020,1353.5781
23/10/2020,601.03125
24/10/2020,373.60938
25/10/2020,633.75
26/10/2020,778.71094
27/10/2020,1121.0625
28/10/2020,5923.539
29/10/2020,9431.547
30/10/2020,3384.6172
31/10/2020,1161.7656
01/11/2020,1415.5156
02/11/2020,977.58594
03/11/2020,493.85938
04/11/2020,293.0703
05/11/2020,654.8672
06/11/2020,2893.8438
07/11/2020,3347.6484
08/11/2020,1403.4297
09/11/2020,977.9297
10/11/2020,4440.1094
11/11/2020,9681.445
12/11/2020,6014.9688
13/11/2020,2187.3047
14/11/2020,1126.9297
15/11/2020,1907.5547
16/11/2020,1203.6641
17/11/2020,537.9531
18/11/2020,354.08594
19/11/2020,248.98438
20/11/2020,211.70312
21/11/2020,191.14062
22/11/2020,177.20312
23/11/2020,164.55469
24/11/2020,192.19531
25/11/2020,312.52344
26/11/2020,367.92188
27/11/2020,518.72656
28/11/2020,1831.1484
29/11/2020,5004.664
30/11/2020,5944.2734
01/12/2020,5931.5156
02/12/2020,3735.2188
03/12/2020,1604.2109
04/12/2020,897.7031
05/12/2020,641.14844
06/12/2020,434
07/12/2020,330.85156
08/12/2020,295.8828
09/12/2020,314.25
10/12/2020,208.99219
11/12/2020,174.47656
12/12/2020,192.94531
13/12/2020,184.71094
14/12/2020,245.75781
15/12/2020,854.46094
16/12/2020,1201.6406
17/12/2020,1675.0938
18/12/2020,1565.5312
19/12/2020,1727.8594
20/12/2020,1529.0781
21/12/2020,974.5781
22/12/2020,542.28125
23/12/2020,299.35938
24/12/2020,247.5625
25/12/2020,437.14062
26/12/2020,586.65625
27/12/2020,399.4375
28/12/2020,216.0625
29/12/2020,179.07812
30/12/2020,219.09375
31/12/2020,789.46875
01/01/2021,857
02/01/2021,441.90625
03/01/2021,250.46875
04/01/2021,265.09375
05/01/2021,309.875
06/01/2021,393.67188
07/01/2021,518.7031
08/01/2021,694.2344
09/01/2021,1305.5781
10/01/2021,1094.2188
11/01/2021,680.59375
12/01/2021,540.34375
13/01/2021,377.35938
14/01/2021,223.95312
15/01/2021,187.76562
16/01/2021,174.26562
17/01/2021,205.0625
18/01/2021,641.65625
19/01/2021,631.4844
20/01/2021,267.82812
21/01/2021,191.51562
22/01/2021,173.48438
23/01/2021,165.34375
24/01/2021,159.9375
25/01/2021,153.82812
26/01/2021,149.6875
27/01/2021,147.17188
28/01/2021,147.15625
29/01/2021,165.1875
30/01/2021,185.45312
31/01/2021,155.5625
01/02/2021,144.21875
02/02/2021,142.53125
03/02/2021,139.5625
04/02/2021,138.75
05/02/2021,140.0625
06/02/2021,144.78125
07/02/2021,142.46875
08/02/2021,137.625
09/02/2021,137.21875
10/02/2021,150.25
11/02/2021,170.375
12/02/2021,145.03125
13/02/2021,135.9375
14/02/2021,134.6875
15/02/2021,133.96875
16/02/2021,133.3125
17/02/2021,133.1875
18/02/2021,134.34375
19/02/2021,161.59375
20/02/2021,189.40625
21/02/2021,147.6875
22/02/2021,134.21875
23/02/2021,132.375
24/02/2021,131.84375
25/02/2021,131.34375
26/02/2021,131
27/02/2021,130.84375
28/02/2021,130.96875
01/03/2021,131.84375
02/03/2021,138.65625
03/03/2021,223.0625
04/03/2021,241.5
05/03/2021,150.375
06/03/2021,132.90625
07/03/2021,131.03125
08/03/2021,130.71875
09/03/2021,130.40625
10/03/2021,129.96875
11/03/2021,129.53125
12/03/2021,129.21875
13/03/2021,128.96875
14/03/2021,128.6875
15/03/2021,132.5625
16/03/2021,134.875
17/03/2021,134.875
18/03/2021,134.5
19/03/2021,134.21875
20/03/2021,134
21/03/2021,134.53125
22/03/2021,243.34375
23/03/2021,644.15625
24/03/2021,561.21875
25/03/2021,280.1875
26/03/2021,194.03125
27/03/2021,168.25
28/03/2021,156.25
29/03/2021,148.53125
30/03/2021,143.15625
31/03/2021,139.125
01/04/2021,136.15625
02/04/2021,137.71875
03/04/2021,143.1875
04/04/2021,140.375
05/04/2021,133.75
06/04/2021,129.75
07/04/2021,128.53125
08/04/2021,127.84375
09/04/2021,132.59375
10/04/2021,139.875
11/04/2021,129.1875
12/04/2021,126.34375
13/04/2021,125.6875
14/04/2021,125.3125
15/04/2021,131.40625
16/04/2021,160.625
17/04/2021,170.34375
18/04/2021,144.9375
19/04/2021,146.15625
20/04/2021,447.375
21/04/2021,782.8125
22/04/2021,569.65625
23/04/2021,387.28125
24/04/2021,283.40625
25/04/2021,180.875
26/04/2021,161.71875
27/04/2021,154.96875
28/04/2021,144.75
29/04/2021,138.90625
30/04/2021,135.5
01/05/2021,134.96875
02/05/2021,158.125
03/05/2021,193.1875
04/05/2021,166.5625
05/05/2021,144.3125
06/05/2021,131.40625
07/05/2021,126.84375
08/05/2021,125.3125
09/05/2021,124.40625
10/05/2021,124
11/05/2021,144.875
12/05/2021,179.15625
13/05/2021,153.5625
14/05/2021,158.875
15/05/2021,171.125
16/05/2021,216.65625
17/05/2021,155.09375
18/05/2021,131.53125
19/05/2021,128.46875
20/05/2021,151.9375
21/05/2021,172.53125
22/05/2021,136
23/05/2021,135.0625
24/05/2021,157.59375
25/05/2021,245.25
26/05/2021,328.1875
27/05/2021,262.6875
28/05/2021,290.96875
29/05/2021,294.125
30/05/2021,172.3125
31/05/2021,138.78125
01/06/2021,131.875
02/06/2021,129.03125
03/06/2021,131.6875
04/06/2021,142.53125
05/06/2021,132.28125
06/06/2021,126.59375
07/06/2021,132.65625
08/06/2021,153.40625
09/06/2021,186.0625
10/06/2021,158.875
11/06/2021,168.40625
12/06/2021,422.4375
13/06/2021,577.125
14/06/2021,407.96875
15/06/2021,201.90625
16/06/2021,153.5625
17/06/2021,142.28125
18/06/2021,157.53125
19/06/2021,189.03125
20/06/2021,147.03125
21/06/2021,129.5
22/06/2021,125.96875
23/06/2021,124.4375
24/06/2021,123.46875
25/06/2021,124.1875
26/06/2021,130.875
27/06/2021,139.75
28/06/2021,128.32812
29/06/2021,121.578125
30/06/2021,119.96875
01/07/2021,119.453125
02/07/2021,119.03125
03/07/2021,118.640625
04/07/2021,118.359375
05/07/2021,118.734375
06/07/2021,120.484375
07/07/2021,123.109375
08/07/2021,140.21875
09/07/2021,205.5
10/07/2021,270.8125
11/07/2021,193.3125
12/07/2021,158.42188
13/07/2021,195.65625
14/07/2021,303.04688
15/07/2021,322.73438
16/07/2021,242.20312
17/07/2021,240.25
18/07/2021,300.90625
19/07/2021,234.34375
20/07/2021,248.54688
21/07/2021,249.76562
22/07/2021,167.07812
23/07/2021,142.84375
24/07/2021,167.82812
25/07/2021,249.90625
26/07/2021,258.15625
27/07/2021,169.32812
28/07/2021,134.71875
29/07/2021,125.640625
30/07/2021,123.59375
31/07/2021,121.609375
01/08/2021,119.765625
02/08/2021,119.21875
03/08/2021,118.59375
04/08/2021,118.625
05/08/2021,118.96875
06/08/2021,118.015625
07/08/2021,116.703125
08/08/2021,116.125
09/08/2021,115.84375
10/08/2021,115.828125
11/08/2021,116.890625
12/08/2021,122.609375
13/08/2021,134.35938
14/08/2021,123.53125
15/08/2021,118.34375
16/08/2021,121.84375
17/08/2021,122.640625
18/08/2021,128.64062
19/08/2021,128.53125
20/08/2021,136.09375
21/08/2021,148.01562
22/08/2021,160.59375
23/08/2021,156.51562
24/08/2021,145.78125
25/08/2021,173.25781
26/08/2021,211.55469
27/08/2021,369.40625
28/08/2021,519.125
29/08/2021,458.67188
30/08/2021,347.3203
31/08/2021,354.41406
01/09/2021,332.8203
02/09/2021,659.3281
03/09/2021,796.39844
04/09/2021,597.0547
05/09/2021,513.83594
06/09/2021,561.46094
07/09/2021,435.71875
08/09/2021,348.26562
09/09/2021,597.8828
10/09/2021,1158.2422
11/09/2021,3913.3672
12/09/2021,9072.203
13/09/2021,7237.867
14/09/2021,2457.4844
15/09/2021,1023.4297
16/09/2021,755.03125
17/09/2021,491.09375
18/09/2021,454.27344
19/09/2021,363.85938
20/09/2021,271.5
21/09/2021,660.0781
22/09/2021,976.0078
23/09/2021,1923.5625
24/09/2021,4077.2734
25/09/2021,2224.375
26/09/2021,1088.4922
27/09/2021,700.6094
28/09/2021,375.28906
29/09/2021,272.15625
30/09/2021,224.28125
01/10/2021,189.15625
02/10/2021,171.875
03/10/2021,160.05469
04/10/2021,153.00781
05/10/2021,192.46875
06/10/2021,2323.664
07/10/2021,8260.195
08/10/2021,7857.4297
09/10/2021,2954.461
10/10/2021,952.28906
11/10/2021,503.46875
12/10/2021,384.71094
13/10/2021,412.8203
14/10/2021,629.5781
15/10/2021,1718.375
16/10/2021,6791.9297
17/10/2021,9372.633
18/10/2021,5472.1953
19/10/2021,1810.2812
20/10/2021,653.21875
21/10/2021,479.64062
22/10/2021,734.1172
23/10/2021,2934.6562
24/10/2021,4888.836
25/10/2021,3061.1797
26/10/2021,1395.875
27/10/2021,1370.4375
28/10/2021,1492.5156
29/10/2021,1035.7422
30/10/2021,702.8594
31/10/2021,571.375
01/11/2021,454.875
02/11/2021,300.22656
03/11/2021,212.23438
04/11/2021,184.24219
05/11/2021,167.55469
06/11/2021,156.9375
07/11/2021,150.44531
08/11/2021,605.6797
09/11/2021,2616.3203
10/11/2021,1621.2109
11/11/2021,720.39844
12/11/2021,618.09375
13/11/2021,1537.8594
14/11/2021,2867.0312
15/11/2021,3141.914
16/11/2021,2281.0938
17/11/2021,1688.0234
18/11/2021,1884.9453
19/11/2021,1403.0859
20/11/2021,680.96875
21/11/2021,310.91406
22/11/2021,247.99219
23/11/2021,557.22656
24/11/2021,1770.4453
25/11/2021,1651.1016
26/11/2021,835.5781
27/11/2021,597.125
28/11/2021,2898.8906
29/11/2021,6951.5156
30/11/2021,6820.422
01/12/2021,2959.2344
02/12/2021,1082.0469
03/12/2021,651.9219
04/12/2021,499.98438
05/12/2021,310.29688
06/12/2021,304.17188
07/12/2021,347.25
08/12/2021,255.45312
09/12/2021,263.48438
10/12/2021,301.1875
11/12/2021,228.35938
12/12/2021,194.26562
13/12/2021,396.0625
14/12/2021,516.1094
15/12/2021,398.14062
16/12/2021,288.125
17/12/2021,208.78125
18/12/2021,617.625
19/12/2021,1301.625
20/12/2021,1505.7656
21/12/2021,811.9375
22/12/2021,299.39062
23/12/2021,232.15625
24/12/2021,302.10938
25/12/2021,435.5625
26/12/2021,1317.6875
27/12/2021,2299.2031
28/12/2021,2550.75
29/12/2021,1588.25
30/12/2021,858.21875
31/12/2021,766.09375
01/01/2022,604.15625
02/01/2022,604.625
03/01/2022,749.7969
04/01/2022,523.8281
05/01/2022,282.79688
06/01/2022,202.1875
07/01/2022,181.1875
08/01/2022,181.625
09/01/2022,201.28125
10/01/2022,193.53125
11/01/2022,168.75
12/01/2022,243.46875
13/01/2022,261.625
14/01/2022,169.21875
15/01/2022,151.09375
16/01/2022,146.04688
17/01/2022,143.8125
18/01/2022,180.70312
19/01/2022,500.01562
20/01/2022,604.1406
21/01/2022,348.01562
22/01/2022,195.71875
23/01/2022,165.40625
24/01/2022,158.3125
25/01/2022,154.95312
26/01/2022,151.1875
27/01/2022,146.46875
28/01/2022,143.71875
29/01/2022,141.8125
30/01/2022,141.64062
31/01/2022,182.26562
01/02/2022,251.71875
02/02/2022,230.46875
03/02/2022,160.90625
04/02/2022,156.82812
05/02/2022,374.57812
06/02/2022,573.375
07/02/2022,399.64062
08/02/2022,201.51562
09/02/2022,164.5
10/02/2022,156.07812
11/02/2022,151.28125
12/02/2022,147.6875
13/02/2022,145.6875
14/02/2022,166.07812
15/02/2022,231.53125
16/02/2022,251.875
17/02/2022,202.6875
18/02/2022,254.625
19/02/2022,441.9375
20/02/2022,911.96875
21/02/2022,633.15625
22/02/2022,255.78125
23/02/2022,202.28125
24/02/2022,181.75
25/02/2022,173.21875
26/02/2022,180.03125
27/02/2022,237.15625
28/02/2022,275.84375
01/03/2022,182.0625
02/03/2022,153.34375
03/03/2022,147.9375
04/03/2022,144.78125
05/03/2022,142.5
06/03/2022,140.78125
07/03/2022,140.09375
08/03/2022,177.75
09/03/2022,219.1875
10/03/2022,155.15625
11/03/2022,138.0625
12/03/2022,135.9375
13/03/2022,135
14/03/2022,134.03125
15/03/2022,138.03125
16/03/2022,140.625
17/03/2022,141.6875
18/03/2022,155.34375
19/03/2022,206.1875
20/03/2022,262.9375
21/03/2022,243.71875
22/03/2022,240.40625
23/03/2022,335.6875
24/03/2022,727.59375
25/03/2022,602.125
26/03/2022,283.65625
27/03/2022,217.03125
28/03/2022,274.03125
29/03/2022,275.09375
30/03/2022,248.1875
31/03/2022,2334.7188
01/04/2022,9523.125
02/04/2022,10955.719
03/04/2022,4121.5938
04/04/2022,1270.4688
05/04/2022,817.09375
06/04/2022,726.1875
07/04/2022,578.84375
08/04/2022,363.09375
09/04/2022,248.3125
10/04/2022,212
11/04/2022,191.78125
12/04/2022,177.8125
13/04/2022,535.03125
14/04/2022,1328.875
15/04/2022,714.8125
16/04/2022,362.40625
17/04/2022,303.5625
18/04/2022,211.0625
19/04/2022,184.3125
20/04/2022,188.46875
21/04/2022,216.03125
22/04/2022,263.53125
23/04/2022,372.21875
24/04/2022,475.9375
25/04/2022,523.21875
26/04/2022,444.875
27/04/2022,299.84375
28/04/2022,259.75
29/04/2022,196.9375
30/04/2022,239.90625
01/05/2022,1172
02/05/2022,2248.5938
03/05/2022,1225.9688
04/05/2022,444.8125
05/05/2022,294.625
06/05/2022,244.4375
07/05/2022,255.96875
08/05/2022,304.96875
09/05/2022,529.28125
10/05/2022,736.9375
11/05/2022,606.5625
12/05/2022,424.90625
13/05/2022,343.46875
14/05/2022,259.375
15/05/2022,503.96875
16/05/2022,1223.875
17/05/2022,1156.1875
18/05/2022,596.96875
19/05/2022,366.4375
20/05/2022,993.71875
21/05/2022,2011.5
22/05/2022,1347.9688
23/05/2022,704.15625
24/05/2022,488.71875
25/05/2022,427.6875
26/05/2022,431.8125
27/05/2022,396.0625
28/05/2022,348.4375
29/05/2022,376.53125
30/05/2022,284.21875
31/05/2022,303.75
01/06/2022,496.5
02/06/2022,602.6875
03/06/2022,489.40625
04/06/2022,388.75
05/06/2022,238.09375
06/06/2022,181.125
07/06/2022,167.1875
08/06/2022,177.59375
09/06/2022,187.84375
10/06/2022,174.84375
11/06/2022,159.34375
12/06/2022,154.28125
13/06/2022,168.1875
14/06/2022,163.75
15/06/2022,166.4375
16/06/2022,233.4375
17/06/2022,283.46875
18/06/2022,203.78125
19/06/2022,160.375
20/06/2022,145.03125
21/06/2022,140.9375
22/06/2022,139.78125
23/06/2022,152.46875
24/06/2022,238.34375
25/06/2022,384.125
26/06/2022,488.75
27/06/2022,491.70312
28/06/2022,348.76562
29/06/2022,233.54688
30/06/2022,196.0625
01/07/2022,196.65625
02/07/2022,228
03/07/2022,227.0625
04/07/2022,176.65625
05/07/2022,149.3125
06/07/2022,145.125
07/07/2022,159.48438
08/07/2022,202.92188
09/07/2022,420.29688
10/07/2022,826.28125
11/07/2022,901.40625
12/07/2022,563.6875
13/07/2022,841.4375
14/07/2022,1262.9844
15/07/2022,1138.75
16/07/2022,670
17/07/2022,333.21875
18/07/2022,257.65625
19/07/2022,210.59375
20/07/2022,321.20312
21/07/2022,907.9531
22/07/2022,760.6719
23/07/2022,436.1875
24/07/2022,430.95312
25/07/2022,326.625
26/07/2022,205.89062
27/07/2022,175.04688
28/07/2022,196.375
29/07/2022,255.01562
30/07/2022,223.71875
31/07/2022,295.67188
01/08/2022,828.0625
02/08/2022,892.09375
03/08/2022,773.71875
04/08/2022,610.9375
05/08/2022,409.73438
06/08/2022,439.89062
07/08/2022,539.2344
08/08/2022,1011.2031
09/08/2022,2014.8125
10/08/2022,1404.4688
11/08/2022,588.9531
12/08/2022,337.76562
13/08/2022,318.39062
14/08/2022,312.4375
15/08/2022,282.57812
16/08/2022,428.67188
17/08/2022,647.8906
18/08/2022,552.6875
19/08/2022,412.21875
20/08/2022,413.10938
21/08/2022,459.92188
22/08/2022,422.17188
23/08/2022,328.82812
24/08/2022,488.9375
25/08/2022,623.4219
26/08/2022,537.8125
27/08/2022,366.5
28/08/2022,259.39062
29/08/2022,269.9297
30/08/2022,224.89844
31/08/2022,274.67188
01/09/2022,229.47656
02/09/2022,178.63281
03/09/2022,222.59375
04/09/2022,384.08594
05/09/2022,664.4219
06/09/2022,732.40625
07/09/2022,855.10156
08/09/2022,1213.1562
09/09/2022,878.33594
10/09/2022,709.6797
11/09/2022,535.7422
12/09/2022,279.72656
13/09/2022,257.7578
14/09/2022,313.9922
15/09/2022,522.71875
16/09/2022,656.4531
17/09/2022,710.0547
18/09/2022,694.02344
19/09/2022,728.5156
20/09/2022,664.27344
21/09/2022,472.07812
22/09/2022,643.5703
23/09/2022,1262.4062
24/09/2022,1322.1094
25/09/2022,1295.9922
26/09/2022,1161.9375
27/09/2022,4135.1484
28/09/2022,11620.406
29/09/2022,4916
30/09/2022,1423.2656
01/10/2022,992.5703
02/10/2022,965.4531
03/10/2022,820.6406
04/10/2022,760.3281
05/10/2022,637.8125
06/10/2022,556.3281
07/10/2022,596.96875
08/10/2022,450.60938
09/10/2022,430.22656
10/10/2022,1609.1719
11/10/2022,3589.4766
12/10/2022,2698.211
13/10/2022,1230.9062
14/10/2022,3557.9766
15/10/2022,10589.07
16/10/2022,3891.2422
17/10/2022,1149.2344
18/10/2022,750.1094
19/10/2022,397.28125
20/10/2022,310.4922
21/10/2022,262.41406
22/10/2022,330.26562
23/10/2022,889.1875
24/10/2022,715.7344
25/10/2022,1581.8281
26/10/2022,3690.5625
27/10/2022,2056.5156
28/10/2022,857.3828
29/10/2022,525.5703
30/10/2022,615.02344
31/10/2022,493.15625
01/11/2022,270.6172
02/11/2022,220.54688
03/11/2022,200.60156
04/11/2022,187.89062
05/11/2022,179.09375
06/11/2022,172.75781
07/11/2022,167.97656
08/11/2022,163.875
09/11/2022,161
10/11/2022,158.78125
11/11/2022,157.13281
12/11/2022,156.63281
13/11/2022,162.01562
14/11/2022,198.64844
15/11/2022,220.19531
16/11/2022,189.95312
17/11/2022,158.73438
18/11/2022,151.50781
19/11/2022,207.58594
20/11/2022,961.4922
21/11/2022,2311.7656
22/11/2022,2723.2188
23/11/2022,1323.0781
24/11/2022,639.5547
25/11/2022,554.03906
26/11/2022,441.5625
27/11/2022,446.25
28/11/2022,470.01562
29/11/2022,370.10938
30/11/2022,285.89844
01/12/2022,257.875
02/12/2022,1020.9219
03/12/2022,2498.461
04/12/2022,1931.4766
05/12/2022,1686.0781
06/12/2022,2552.0938
07/12/2022,1866.5312
08/12/2022,1462.9688
09/12/2022,1273.7578
10/12/2022,881.7031
11/12/2022,692.78906
12/12/2022,687.375
13/12/2022,528.6406
14/12/2022,330.89844
15/12/2022,235.92969
16/12/2022,208.20312
17/12/2022,482.60156
18/12/2022,1696.3516
19/12/2022,1156.6562
20/12/2022,439.96094
21/12/2022,302.47656
22/12/2022,464.47656
23/12/2022,448.66406
24/12/2022,239.34375
25/12/2022,202.54688
26/12/2022,195.45312
27/12/2022,186.44531
28/12/2022,188.19531
29/12/2022,410.8125
30/12/2022,1459.5391
31/12/2022,1108.4375
01/01/2023,484.28906
02/01/2023,277.35156
03/01/2023,294.29688
04/01/2023,667.59375
05/01/2023,1110.1562
06/01/2023,1130.7969
07/01/2023,844.75
08/01/2023,573.5781
09/01/2023,753.4219
10/01/2023,691.0156
11/01/2023,348.78125
12/01/2023,251.125
13/01/2023,210.95312
14/01/2023,200.51562
15/01/2023,179.3125
16/01/2023,233.6875
17/01/2023,797.6406
18/01/2023,1112.8906
19/01/2023,850.9531
20/01/2023,506.04688
21/01/2023,301.64062
22/01/2023,219.70312
23/01/2023,195.89062
24/01/2023,437.98438
25/01/2023,1763.6094
26/01/2023,1115.7656
27/01/2023,514.6406
28/01/2023,1377.7812
29/01/2023,1295.1719
30/01/2023,666
31/01/2023,344.98438
01/02/2023,246.59375
02/02/2023,215.42188
03/02/2023,201.5625
04/02/2023,193.04688
05/02/2023,179.76562
06/02/2023,172.53125
07/02/2023,167.71875
08/02/2023,164.07812
09/02/2023,161.34375
10/02/2023,158.98438
11/02/2023,157.01562
12/02/2023,155.26562
13/02/2023,153.73438
14/02/2023,206.42188
15/02/2023,772.0625
16/02/2023,1530.9062
17/02/2023,1087.5938
18/02/2023,524.7344
19/02/2023,303.6875
20/02/2023,251.8125
21/02/2023,245.5
22/02/2023,238.1875
23/02/2023,254.5625
24/02/2023,224.4375
25/02/2023,211.84375
26/02/2023,566.96875
27/02/2023,745.6875
28/02/2023,590.34375
01/03/2023,448.375
02/03/2023,312.75
03/03/2023,230.9375
04/03/2023,188.6875
05/03/2023,187.53125
06/03/2023,194.71875
07/03/2023,171.375
08/03/2023,162.15625
09/03/2023,159.03125
10/03/2023,157
11/03/2023,155.1875
12/03/2023,153.96875
13/03/2023,153.5625
14/03/2023,167.46875
15/03/2023,186.4375
16/03/2023,164.625
17/03/2023,157.875
18/03/2023,156.78125
19/03/2023,156.1875
20/03/2023,155.46875
21/03/2023,154.6875
22/03/2023,153.96875
23/03/2023,153.375
24/03/2023,152.9375
25/03/2023,149.21875
26/03/2023,149.34375
27/03/2023,164.125
28/03/2023,285.25
29/03/2023,322.03125
30/03/2023,273.6875
31/03/2023,237.78125
01/04/2023,254.15625
02/04/2023,275.625
03/04/2023,331.96875
04/04/2023,324.5625
05/04/2023,199.59375
06/04/2023,168.625
07/04/2023,185.59375
08/04/2023,169.84375
09/04/2023,154.09375
10/04/2023,149.65625
11/04/2023,147.9375
12/04/2023,146.96875
13/04/2023,146.34375
14/04/2023,145.75
15/04/2023,145.59375
16/04/2023,149.84375
17/04/2023,155.59375
18/04/2023,149.3125
19/04/2023,147.125
20/04/2023,143.8125
21/04/2023,142.78125
22/04/2023,143.03125
23/04/2023,148.53125
24/04/2023,199.5
25/04/2023,265.75
26/04/2023,199.5
27/04/2023,160.90625
28/04/2023,148.875
29/04/2023,147.71875
30/04/2023,154.0625
01/05/2023,148.40625
02/05/2023,143.96875
03/05/2023,142.65625
04/05/2023,141.9375
05/05/2023,141.34375
06/05/2023,140.78125
07/05/2023,140.34375
08/05/2023,140.53125
09/05/2023,145.9375
10/05/2023,157.59375
11/05/2023,208.59375
12/05/2023,582.71875
13/05/2023,1087.5
14/05/2023,941.75
15/05/2023,695.21875
16/05/2023,510.0625
17/05/2023,289.46875
18/05/2023,213.0625
19/05/2023,188.25
20/05/2023,175.5
21/05/2023,168.4375
22/05/2023,164.25
23/05/2023,157.28125
24/05/2023,200.3125
25/05/2023,486.4375
26/05/2023,558.3125
27/05/2023,460.96875
28/05/2023,458.375
29/05/2023,350.53125
30/05/2023,207.03125
31/05/2023,175.84375
01/06/2023,173.09375
02/06/2023,160.40625
03/06/2023,154.8125
04/06/2023,187.53125
05/06/2023,382.375
06/06/2023,447.375
07/06/2023,569.625
08/06/2023,692.59375
09/06/2023,479.40625
10/06/2023,281.875
11/06/2023,209.1875
12/06/2023,201.21875
13/06/2023,189.79688
14/06/2023,167.26562
15/06/2023,155.53125
16/06/2023,156.64062
17/06/2023,229.40625
18/06/2023,335.5
19/06/2023,281.6875
20/06/2023,224.45312
21/06/2023,178.17188
22/06/2023,162.85938
23/06/2023,177.39062
24/06/2023,161.20312
25/06/2023,264.84375
26/06/2023,675.1719
27/06/2023,698.1094
28/06/2023,485.73438
29/06/2023,508.5625
30/06/2023,472.48438
01/07/2023,304.73438
02/07/2023,270.95312
03/07/2023,286.96875
04/07/2023,226.21875
05/07/2023,262.625
06/07/2023,338.625
07/07/2023,320.40625
08/07/2023,281.45312
09/07/2023,235.625
10/07/2023,271.85938
11/07/2023,298.65625
12/07/2023,315.15625
13/07/2023,346.15625
14/07/2023,282.84375
15/07/2023,220.53125
16/07/2023,177.98438
17/07/2023,238.28125
18/07/2023,606.5781
19/07/2023,628.09375
20/07/2023,633.0781
21/07/2023,588.125
22/07/2023,362.375
23/07/2023,245.73438
24/07/2023,358.76562
25/07/2023,1234.7188
26/07/2023,1748.4062
27/07/2023,983.0469
28/07/2023,357.5
29/07/2023,278.42188
30/07/2023,316.8125
31/07/2023,310.01562
01/08/2023,270.54688
02/08/2023,442.3125
03/08/2023,502.42188
04/08/2023,416.14062
05/08/2023,323.75
06/08/2023,217.23438
07/08/2023,177.59375
08/08/2023,166.75
09/08/2023,158.1875
10/08/2023,153.28125
11/08/2023,150.57812
12/08/2023,148.83594
13/08/2023,148
14/08/2023,169.17969
15/08/2023,267.1172
16/08/2023,270.22656
17/08/2023,182.04688
18/08/2023,169.66406
19/08/2023,163.46875
20/08/2023,168.79688
21/08/2023,184.89844
22/08/2023,247.28125
23/08/2023,267.22656
24/08/2023,251.28125
25/08/2023,253.91406
26/08/2023,207.88281
27/08/2023,167.21094
28/08/2023,152.92188
29/08/2023,166.00781
30/08/2023,299.58594
31/08/2023,531.9844
01/09/2023,543.22656
02/09/2023,334.4922
03/09/2023,201.78906
04/09/2023,187.77344
05/09/2023,385.27344
06/09/2023,989.7969
07/09/2023,843.375
08/09/2023,561.625
09/09/2023,412.6328
10/09/2023,371.875
11/09/2023,379.76562
12/09/2023,259.03125
13/09/2023,193.08594
14/09/2023,234.57812
15/09/2023,735.6094
16/09/2023,1352.5156
17/09/2023,1167.7188
18/09/2023,1156.8828
19/09/2023,992.95703
20/09/2023,588.97266
21/09/2023,312.78906
22/09/2023,240.41016
23/09/2023,225.67969
24/09/2023,277.33594
25/09/2023,1608.8281
26/09/2023,3195.7578
27/09/2023,1628.2656
28/09/2023,869.8125
29/09/2023,1060.3086
30/09/2023,1000.7969
01/10/2023,614.47266
02/10/2023,340.3789
03/10/2023,255.82422
04/10/2023,311.32422
05/10/2023,528.0508
06/10/2023,681.66797
07/10/2023,935.33594
08/10/2023,1425.7109
09/10/2023,1453.8828
10/10/2023,2459.0703
11/10/2023,2165.1367
12/10/2023,1510.1445
13/10/2023,2378.707
14/10/2023,3567.4648
15/10/2023,2922.2734
16/10/2023,3143.6133
17/10/2023,3791.7031
18/10/2023,3350.793
19/10/2023,1820.4727
20/10/2023,739.6133
21/10/2023,439.875
22/10/2023,327.07812
23/10/2023,315.28906
24/10/2023,644.3164
25/10/2023,634.8281
26/10/2023,457.42578
27/10/2023,334.54688
28/10/2023,331.09375
29/10/2023,348.3203
30/10/2023,458.2461
31/10/2023,1065.3828
01/11/2023,1617.8711
02/11/2023,1498.4297
03/11/2023,833.52734
04/11/2023,396.5664
05/11/2023,257.40234
06/11/2023,229.54297
07/11/2023,237.51172
08/11/2023,259.60938
09/11/2023,339.90234
10/11/2023,337.15234
11/11/2023,241.98047
12/11/2023,188.96094
13/11/2023,409.58203
14/11/2023,1425.4922
15/11/2023,1799.5469
16/11/2023,2009.0273
17/11/2023,2829.336
18/11/2023,1533.1641
19/11/2023,550
20/11/2023,362.4297
21/11/2023,397
22/11/2023,366.84766
23/11/2023,234.73438
24/11/2023,202.04297
25/11/2023,248.98047
26/11/2023,675.76953
27/11/2023,924.7422
28/11/2023,595.6953
29/11/2023,266.1289
30/11/2023,267.3203
01/12/2023,730.375
02/12/2023,2087.2969
03/12/2023,1916.3477
04/12/2023,1150.418
05/12/2023,766.4375
06/12/2023,487.33984
07/12/2023,318.05078
08/12/2023,523.29297
09/12/2023,463.17578
10/12/2023,231.36719
11/12/2023,190.41406
12/12/2023,177.17188
13/12/2023,169.38281
14/12/2023,169.57812
15/12/2023,167.67969
16/12/2023,178.5
17/12/2023,439.09375
18/12/2023,908.2031
19/12/2023,686.28125
20/12/2023,535.7969
21/12/2023,1121.8984
22/12/2023,1460.6562
23/12/2023,1028.5391
24/12/2023,640.2578
25/12/2023,577.6406
26/12/2023,458.96875
27/12/2023,288.4375
28/12/2023,366.72656
29/12/2023,380.71094
30/12/2023,311.96094
31/12/2023,304.0703
