date,discharge_m3s
2010-01-01,94.078125
2010-01-02,92.6875
2010-01-03,91.71875
2010-01-04,91.15625
2010-01-05,90.328125
2010-01-06,89.375
2010-01-07,88.890625
2010-01-08,89.6875
2010-01-09,89.234375
2010-01-10,87.890625
2010-01-11,87.640625
2010-01-12,178.95312
2010-01-13,511.48438
2010-01-14,357.4375
2010-01-15,204.79688
2010-01-16,160.21875
2010-01-17,138.90625
2010-01-18,143.59375
2010-01-19,187.17188
2010-01-20,307.48438
2010-01-21,507.85938
2010-01-22,343.92188
2010-01-23,338.6875
2010-01-24,255.0625
2010-01-25,142.45312
2010-01-26,178.98438
2010-01-27,187.90625
2010-01-28,132.96875
2010-01-29,100.65625
2010-01-30,96.609375
2010-01-31,94.515625
2010-02-01,92.890625
2010-02-02,91.59375
2010-02-03,90.59375
2010-02-04,95.71875
2010-02-05,100.75
2010-02-06,94.25
2010-02-07,88.46875
2010-02-08,87.65625
2010-02-09,87.25
2010-02-10,86.84375
2010-02-11,86.40625
2010-02-12,86.21875
2010-02-13,89.375
2010-02-14,86.875
2010-02-15,85.65625
2010-02-16,90.65625
2010-02-17,93.8125
2010-02-18,94.1875
2010-02-19,112.9375
2010-02-20,105.75
2010-02-21,87.53125
2010-02-22,91.375
2010-02-23,176.90625
2010-02-24,151.5625
2010-02-25,92.5625
2010-02-26,88.09375
2010-02-27,87.03125
2010-02-28,86.375
2010-03-01,89.3125
2010-03-02,93.03125
2010-03-03,87.0625
2010-03-04,84.59375
2010-03-05,84.15625
2010-03-06,83.8125
2010-03-07,83.5
2010-03-08,83.53125
2010-03-09,103.65625
2010-03-10,238.8125
2010-03-11,178.09375
2010-03-12,102.28125
2010-03-13,88.8125
2010-03-14,86.53125
2010-03-15,86.3125
2010-03-16,85.78125
2010-03-17,85.84375
2010-03-18,88.1875
2010-03-19,87.46875
2010-03-20,84.5625
2010-03-21,84.0625
2010-03-22,83.75
2010-03-23,83.375
2010-03-24,83.0625
2010-03-25,82.78125
2010-03-26,94.8125
2010-03-27,89.90625
2010-03-28,90.53125
2010-03-29,100.53125
2010-03-30,89.75
2010-03-31,83.0
2010-04-01,93.1875
2010-04-02,139.28125
2010-04-03,157.90625
2010-04-04,114.25
2010-04-05,89.96875
2010-04-06,88.40625
2010-04-07,82.71875
2010-04-08,94.53125
2010-04-09,105.46875
2010-04-10,102.15625
2010-04-11,87.9375
2010-04-12,81.625
2010-04-13,81.09375
2010-04-14,86.6875
2010-04-15,92.21875
2010-04-16,87.34375
2010-04-17,86.0625
2010-04-18,88.03125
2010-04-19,99.0
2010-04-20,128.21875
2010-04-21,119.65625
2010-04-22,86.28125
2010-04-23,82.375
2010-04-24,103.78125
2010-04-25,95.96875
2010-04-26,82.25
2010-04-27,99.5
2010-04-28,202.15625
2010-04-29,438.59375
2010-04-30,486.53125
2010-05-01,284.375
2010-05-02,235.15625
2010-05-03,299.9375
2010-05-04,262.6875
2010-05-05,187.6875
2010-05-06,126.65625
2010-05-07,102.375
2010-05-08,111.09375
2010-05-09,113.3125
2010-05-10,95.96875
2010-05-11,137.75
2010-05-12,123.71875
2010-05-13,94.9375
2010-05-14,90.59375
2010-05-15,103.75
2010-05-16,171.75
2010-05-17,141.5625
2010-05-18,102.8125
2010-05-19,105.3125
2010-05-20,90.34375
2010-05-21,87.34375
2010-05-22,125.40625
2010-05-23,123.90625
2010-05-24,91.21875
2010-05-25,129.53125
2010-05-26,153.09375
2010-05-27,118.25
2010-05-28,93.09375
2010-05-29,87.15625
2010-05-30,83.8125
2010-05-31,82.6875
2010-06-01,82.125
2010-06-02,82.53125
2010-06-03,105.03125
2010-06-04,154.4375
2010-06-05,352.6875
2010-06-06,451.65625
2010-06-07,344.59375
2010-06-08,226.75
2010-06-09,163.5625
2010-06-10,155.5625
2010-06-11,175.4375
2010-06-12,182.5625
2010-06-13,331.0625
2010-06-14,215.875
2010-06-15,114.34375
2010-06-16,99.6875
2010-06-17,96.5625
2010-06-18,97.953125
2010-06-19,95.125
2010-06-20,111.671875
2010-06-21,125.125
2010-06-22,141.96875
2010-06-23,135.57812
2010-06-24,92.046875
2010-06-25,86.390625
2010-06-26,85.03125
2010-06-27,84.6875
2010-06-28,84.125
2010-06-29,85.09375
2010-06-30,87.890625
2010-07-01,159.10938
2010-07-02,418.76562
2010-07-03,279.53125
2010-07-04,141.14062
2010-07-05,142.10938
2010-07-06,131.71875
2010-07-07,97.53125
2010-07-08,91.34375
2010-07-09,91.40625
2010-07-10,92.9375
2010-07-11,88.703125
2010-07-12,86.640625
2010-07-13,95.46875
2010-07-14,127.828125
2010-07-15,215.07812
2010-07-16,229.01562
2010-07-17,239.09375
2010-07-18,163.76562
2010-07-19,100.28125
2010-07-20,103.890625
2010-07-21,119.421875
2010-07-22,131.70312
2010-07-23,108.984375
2010-07-24,147.65625
2010-07-25,395.21875
2010-07-26,470.23438
2010-07-27,480.48438
2010-07-28,260.40625
2010-07-29,131.85938
2010-07-30,111.953125
2010-07-31,119.5
2010-08-01,261.76562
2010-08-02,400.5
2010-08-03,245.39062
2010-08-04,123.890625
2010-08-05,120.609375
2010-08-06,211.1875
2010-08-07,210.4375
2010-08-08,240.98438
2010-08-09,299.875
2010-08-10,222.09375
2010-08-11,224.96875
2010-08-12,195.0625
2010-08-13,224.26562
2010-08-14,312.07812
2010-08-15,391.84375
2010-08-16,368.03125
2010-08-17,279.85938
2010-08-18,316.6875
2010-08-19,216.5625
2010-08-20,465.15625
2010-08-21,1319.3594
2010-08-22,532.0
2010-08-23,598.0625
2010-08-24,1423.5234
2010-08-25,561.0
2010-08-26,206.75
2010-08-27,168.67188
2010-08-28,228.53906
2010-08-29,309.6172
2010-08-30,188.6875
2010-08-31,163.8125
2010-09-01,300.76562
2010-09-02,794.75
2010-09-03,1146.75
2010-09-04,682.4922
2010-09-05,429.15625
2010-09-06,383.32812
2010-09-07,242.0
2010-09-08,147.79688
2010-09-09,130.38281
2010-09-10,124.25
2010-09-11,199.76562
2010-09-12,208.02344
2010-09-13,215.27344
2010-09-14,200.86719
2010-09-15,281.23438
2010-09-16,215.88281
2010-09-17,203.36719
2010-09-18,326.54688
2010-09-19,320.1328
2010-09-20,275.82812
2010-09-21,170.34375
2010-09-22,115.296875
2010-09-23,175.66406
2010-09-24,322.84375
2010-09-25,214.85156
2010-09-26,120.36719
2010-09-27,155.01562
2010-09-28,180.25
2010-09-29,141.51562
2010-09-30,164.10938
2010-10-01,303.10938
2010-10-02,474.4453
2010-10-03,743.8203
2010-10-04,955.0781
2010-10-05,857.8906
2010-10-06,523.625
2010-10-07,487.98438
2010-10-08,464.89844
2010-10-09,282.10156
2010-10-10,167.70312
2010-10-11,151.32031
2010-10-12,145.57031
2010-10-13,147.375
2010-10-14,276.8125
2010-10-15,992.2344
2010-10-16,1430.25
2010-10-17,558.33594
2010-10-18,256.8125
2010-10-19,442.10938
2010-10-20,543.46875
2010-10-21,281.1953
2010-10-22,143.36719
2010-10-23,124.36719
2010-10-24,114.24219
2010-10-25,107.359375
2010-10-26,160.11719
2010-10-27,949.3594
2010-10-28,1966.8359
2010-10-29,1009.83594
2010-10-30,599.52344
2010-10-31,502.53125
2010-11-01,647.52344
2010-11-02,940.6094
2010-11-03,712.5703
2010-11-04,613.4297
2010-11-05,1307.8516
2010-11-06,1788.1094
2010-11-07,1439.8672
2010-11-08,641.9219
2010-11-09,645.7031
2010-11-10,625.5625
2010-11-11,423.65625
2010-11-12,277.85156
2010-11-13,394.4375
2010-11-14,2109.3594
2010-11-15,5053.5156
2010-11-16,3476.8984
2010-11-17,3068.0156
2010-11-18,1241.9922
2010-11-19,594.40625
2010-11-20,343.1875
2010-11-21,209.07031
2010-11-22,157.35156
2010-11-23,139.70312
2010-11-24,124.72656
2010-11-25,114.99219
2010-11-26,129.94531
2010-11-27,124.47656
2010-11-28,117.984375
2010-11-29,262.25
2010-11-30,372.52344
2010-12-01,262.79688
2010-12-02,165.29688
2010-12-03,134.32812
2010-12-04,125.234375
2010-12-05,146.27344
2010-12-06,205.88281
2010-12-07,240.54688
2010-12-08,293.0703
2010-12-09,325.54688
2010-12-10,192.0
2010-12-11,109.36719
2010-12-12,98.890625
2010-12-13,95.90625
2010-12-14,141.125
2010-12-15,379.875
2010-12-16,247.96875
2010-12-17,174.21875
2010-12-18,152.51562
2010-12-19,107.21875
2010-12-20,100.578125
2010-12-21,97.75
2010-12-22,95.59375
2010-12-23,93.96875
2010-12-24,92.59375
2010-12-25,91.65625
2010-12-26,174.9375
2010-12-27,500.8125
2010-12-28,288.5625
2010-12-29,127.1875
2010-12-30,112.53125
2010-12-31,106.40625
2011-01-01,108.9375
2011-01-02,105.09375
2011-01-03,97.453125
2011-01-04,94.9375
2011-01-05,113.140625
2011-01-06,138.23438
2011-01-07,439.45312
2011-01-08,602.6719
2011-01-09,405.5625
2011-01-10,335.1875
2011-01-11,254.0
2011-01-12,180.59375
2011-01-13,137.15625
2011-01-14,112.078125
2011-01-15,126.171875
2011-01-16,307.98438
2011-01-17,279.26562
2011-01-18,196.92188
2011-01-19,145.46875
2011-01-20,112.421875
2011-01-21,108.40625
2011-01-22,105.234375
2011-01-23,120.5
2011-01-24,301.34375
2011-01-25,407.15625
2011-01-26,324.375
2011-01-27,320.625
2011-01-28,389.84375
2011-01-29,573.9844
2011-01-30,524.375
2011-01-31,530.59375
2011-02-01,463.3125
2011-02-02,338.0625
2011-02-03,215.17188
2011-02-04,147.09375
2011-02-05,117.40625
2011-02-06,107.8125
2011-02-07,102.6875
2011-02-08,99.34375
2011-02-09,96.84375
2011-02-10,94.96875
2011-02-11,93.5
2011-02-12,93.75
2011-02-13,98.5625
2011-02-14,195.6875
2011-02-15,162.5
2011-02-16,98.5
2011-02-17,92.4375
2011-02-18,93.09375
2011-02-19,92.9375
2011-02-20,122.0
2011-02-21,120.15625
2011-02-22,94.71875
2011-02-23,89.65625
2011-02-24,88.65625
2011-02-25,88.15625
2011-02-26,87.6875
2011-02-27,87.34375
2011-02-28,87.15625
2011-03-01,86.75
2011-03-02,86.5
2011-03-03,86.5625
2011-03-04,90.6875
2011-03-05,107.9375
2011-03-06,100.40625
2011-03-07,86.96875
2011-03-08,103.59375
2011-03-09,99.3125
2011-03-10,100.78125
2011-03-11,105.15625
2011-03-12,92.71875
2011-03-13,86.625
2011-03-14,85.46875
2011-03-15,86.25
2011-03-16,97.28125
2011-03-17,169.625
2011-03-18,148.1875
2011-03-19,95.53125
2011-03-20,110.375
2011-03-21,127.84375
2011-03-22,127.03125
2011-03-23,270.6875
2011-03-24,354.5625
2011-03-25,470.65625
2011-03-26,505.78125
2011-03-27,423.71875
2011-03-28,358.5
2011-03-29,324.3125
2011-03-30,275.25
2011-03-31,227.75
2011-04-01,145.4375
2011-04-02,106.34375
2011-04-03,100.03125
2011-04-04,96.59375
2011-04-05,94.25
2011-04-06,92.375
2011-04-07,91.0
2011-04-08,90.03125
2011-04-09,89.3125
2011-04-10,88.5
2011-04-11,87.78125
2011-04-12,87.1875
2011-04-13,86.625
2011-04-14,86.125
2011-04-15,85.96875
2011-04-16,90.28125
2011-04-17,142.125
2011-04-18,218.5625
2011-04-19,274.03125
2011-04-20,173.8125
2011-04-21,111.375
2011-04-22,174.0625
2011-04-23,233.96875
2011-04-24,297.53125
2011-04-25,187.6875
2011-04-26,145.75
2011-04-27,348.09375
2011-04-28,399.28125
2011-04-29,304.65625
2011-04-30,222.71875
2011-05-01,146.90625
2011-05-02,171.59375
2011-05-03,158.5
2011-05-04,117.1875
2011-05-05,100.0
2011-05-06,116.875
2011-05-07,293.375
2011-05-08,289.8125
2011-05-09,172.34375
2011-05-10,121.25
2011-05-11,108.15625
2011-05-12,96.90625
2011-05-13,197.65625
2011-05-14,610.25
2011-05-15,526.84375
2011-05-16,530.4375
2011-05-17,689.28125
2011-05-18,505.5625
2011-05-19,418.34375
2011-05-20,357.84375
2011-05-21,197.21875
2011-05-22,131.5
2011-05-23,226.21875
2011-05-24,607.28125
2011-05-25,452.9375
2011-05-26,402.875
2011-05-27,287.1875
2011-05-28,171.1875
2011-05-29,153.0
2011-05-30,151.03125
2011-05-31,165.28125
2011-06-01,302.8125
2011-06-02,402.0
2011-06-03,415.78125
2011-06-04,367.625
2011-06-05,298.03125
2011-06-06,495.5625
2011-06-07,504.1875
2011-06-08,310.1875
2011-06-09,393.90625
2011-06-10,275.6875
2011-06-11,176.40625
2011-06-12,232.21875
2011-06-13,328.90625
2011-06-14,292.3125
2011-06-15,256.46875
2011-06-16,157.28125
2011-06-17,118.71875
2011-06-18,153.8125
2011-06-19,455.59375
2011-06-20,520.65625
2011-06-21,309.71875
2011-06-22,173.03125
2011-06-23,131.29688
2011-06-24,123.09375
2011-06-25,122.859375
2011-06-26,114.921875
2011-06-27,99.296875
2011-06-28,95.421875
2011-06-29,94.015625
2011-06-30,97.546875
2011-07-01,106.640625
2011-07-02,104.375
2011-07-03,92.515625
2011-07-04,94.28125
2011-07-05,108.421875
2011-07-06,121.828125
2011-07-07,103.140625
2011-07-08,89.46875
2011-07-09,87.9375
2011-07-10,92.203125
2011-07-11,116.328125
2011-07-12,113.921875
2011-07-13,96.34375
2011-07-14,113.890625
2011-07-15,236.90625
2011-07-16,170.75
2011-07-17,99.546875
2011-07-18,92.46875
2011-07-19,94.5
2011-07-20,110.375
2011-07-21,110.859375
2011-07-22,94.078125
2011-07-23,96.828125
2011-07-24,120.609375
2011-07-25,148.75
2011-07-26,160.25
2011-07-27,161.79688
2011-07-28,132.04688
2011-07-29,109.9375
2011-07-30,115.71875
2011-07-31,130.20312
2011-08-01,163.625
2011-08-02,145.0625
2011-08-03,119.125
2011-08-04,102.203125
2011-08-05,95.328125
2011-08-06,98.96875
2011-08-07,102.28125
2011-08-08,124.5625
2011-08-09,111.296875
2011-08-10,90.296875
2011-08-11,89.125
2011-08-12,94.40625
2011-08-13,113.0625
2011-08-14,135.92188
2011-08-15,132.5625
2011-08-16,191.53125
2011-08-17,165.17188
2011-08-18,117.78125
2011-08-19,122.828125
2011-08-20,131.5
2011-08-21,199.75
2011-08-22,161.21094
2011-08-23,130.96094
2011-08-24,123.07031
2011-08-25,122.46875
2011-08-26,121.4375
2011-08-27,97.171875
2011-08-28,89.47656
2011-08-29,91.171875
2011-08-30,117.40625
2011-08-31,118.89844
2011-09-01,124.14844
2011-09-02,129.14062
2011-09-03,99.00781
2011-09-04,130.5625
2011-09-05,193.27344
2011-09-06,195.77344
2011-09-07,219.27344
2011-09-08,219.86719
2011-09-09,339.04688
2011-09-10,517.35156
2011-09-11,765.14844
2011-09-12,464.60156
2011-09-13,218.92188
2011-09-14,209.41406
2011-09-15,328.96094
2011-09-16,296.15625
2011-09-17,180.54688
2011-09-18,122.484375
2011-09-19,132.48438
2011-09-20,251.96875
2011-09-21,438.4453
2011-09-22,2434.0938
2011-09-23,6584.742
2011-09-24,6175.164
2011-09-25,3301.336
2011-09-26,2439.7656
2011-09-27,3236.3438
2011-09-28,1018.8906
2011-09-29,363.3203
2011-09-30,250.57031
2011-10-01,319.91406
2011-10-02,1341.1094
2011-10-03,2406.9844
2011-10-04,1748.7734
2011-10-05,1019.6172
2011-10-06,442.1328
2011-10-07,480.21875
2011-10-08,459.34375
2011-10-09,380.59375
2011-10-10,605.71094
2011-10-11,679.625
2011-10-12,990.0
2011-10-13,661.09375
2011-10-14,704.28906
2011-10-15,1223.8594
2011-10-16,1196.6875
2011-10-17,1267.5859
2011-10-18,1327.0938
2011-10-19,1363.9609
2011-10-20,878.72656
2011-10-21,396.1953
2011-10-22,211.01562
2011-10-23,160.83594
2011-10-24,135.14844
2011-10-25,152.92188
2011-10-26,275.47656
2011-10-27,393.15625
2011-10-28,584.28906
2011-10-29,480.39062
2011-10-30,350.32812
2011-10-31,382.42188
2011-11-01,362.375
2011-11-02,409.73438
2011-11-03,235.21094
2011-11-04,228.21094
2011-11-05,555.1797
2011-11-06,1156.2656
2011-11-07,4751.922
2011-11-08,7895.1562
2011-11-09,2284.1875
2011-11-10,575.21875
2011-11-11,301.16406
2011-11-12,221.53125
2011-11-13,177.89844
2011-11-14,151.89844
2011-11-15,155.27344
2011-11-16,278.15625
2011-11-17,228.21094
2011-11-18,153.45312
2011-11-19,114.64844
2011-11-20,113.66406
2011-11-21,236.5
2011-11-22,469.875
2011-11-23,573.4453
2011-11-24,595.41406
2011-11-25,540.6875
2011-11-26,647.34375
2011-11-27,452.23438
2011-11-28,235.0625
2011-11-29,138.98438
2011-11-30,122.609375
2011-12-01,180.71875
2011-12-02,568.1406
2011-12-03,334.625
2011-12-04,173.95312
2011-12-05,131.35938
2011-12-06,162.14062
2011-12-07,169.01562
2011-12-08,363.14062
2011-12-09,847.0
2011-12-10,831.15625
2011-12-11,620.21875
2011-12-12,303.51562
2011-12-13,154.98438
2011-12-14,131.70312
2011-12-15,147.6875
2011-12-16,433.59375
2011-12-17,677.1719
2011-12-18,638.3906
2011-12-19,473.45312
2011-12-20,276.53125
2011-12-21,165.54688
2011-12-22,224.3125
2011-12-23,667.7969
2011-12-24,843.6406
2011-12-25,592.15625
2011-12-26,335.35938
2011-12-27,187.23438
2011-12-28,166.125
2011-12-29,146.15625
2011-12-30,159.76562
2011-12-31,530.7031
2012-01-01,700.6719
2012-01-02,586.0
2012-01-03,289.35938
2012-01-04,155.875
2012-01-05,165.625
2012-01-06,140.04688
2012-01-07,148.0
2012-01-08,324.6875
2012-01-09,286.17188
2012-01-10,165.26562
2012-01-11,139.84375
2012-01-12,351.67188
2012-01-13,478.84375
2012-01-14,257.25
2012-01-15,163.53125
2012-01-16,406.90625
2012-01-17,464.53125
2012-01-18,252.0625
2012-01-19,141.6875
2012-01-20,120.28125
2012-01-21,160.875
2012-01-22,327.125
2012-01-23,765.4375
2012-01-24,362.03125
2012-01-25,170.25
2012-01-26,184.8125
2012-01-27,159.0625
2012-01-28,118.46875
2012-01-29,110.3125
2012-01-30,130.03125
2012-01-31,289.9375
2012-02-01,281.84375
2012-02-02,171.65625
2012-02-03,126.84375
2012-02-04,122.5
2012-02-05,113.09375
2012-02-06,150.0
2012-02-07,135.625
2012-02-08,101.59375
2012-02-09,101.25
2012-02-10,99.53125
2012-02-11,96.40625
2012-02-12,95.625
2012-02-13,97.625
2012-02-14,96.5
2012-02-15,93.65625
2012-02-16,117.96875
2012-02-17,360.0625
2012-02-18,586.4375
2012-02-19,491.125
2012-02-20,330.71875
2012-02-21,189.78125
2012-02-22,127.25
2012-02-23,120.59375
2012-02-24,114.125
2012-02-25,105.34375
2012-02-26,102.53125
2012-02-27,122.6875
2012-02-28,117.96875
2012-02-29,98.59375
2012-03-01,95.96875
2012-03-02,94.875
2012-03-03,94.15625
2012-03-04,93.53125
2012-03-05,92.71875
2012-03-06,92.125
2012-03-07,98.03125
2012-03-08,220.40625
2012-03-09,497.21875
2012-03-10,541.8125
2012-03-11,271.625
2012-03-12,152.8125
2012-03-13,130.375
2012-03-14,118.75
2012-03-15,111.6875
2012-03-16,105.5625
2012-03-17,103.3125
2012-03-18,158.875
2012-03-19,459.25
2012-03-20,640.59375
2012-03-21,707.1875
2012-03-22,370.625
2012-03-23,188.78125
2012-03-24,160.15625
2012-03-25,142.34375
2012-03-26,114.15625
2012-03-27,116.34375
2012-03-28,120.25
2012-03-29,108.21875
2012-03-30,98.5
2012-03-31,107.59375
2012-04-01,292.8125
2012-04-02,410.9375
2012-04-03,279.78125
2012-04-04,386.0
2012-04-05,300.65625
2012-04-06,235.375
2012-04-07,292.03125
2012-04-08,394.34375
2012-04-09,280.75
2012-04-10,179.71875
2012-04-11,216.53125
2012-04-12,274.90625
2012-04-13,310.6875
2012-04-14,272.40625
2012-04-15,176.84375
2012-04-16,156.1875
2012-04-17,219.96875
2012-04-18,183.5625
2012-04-19,158.0625
2012-04-20,183.34375
2012-04-21,173.8125
2012-04-22,259.21875
2012-04-23,247.78125
2012-04-24,164.28125
2012-04-25,111.53125
2012-04-26,100.0
2012-04-27,112.03125
2012-04-28,129.65625
2012-04-29,168.21875
2012-04-30,153.625
2012-05-01,107.9375
2012-05-02,98.53125
2012-05-03,98.625
2012-05-04,101.3125
2012-05-05,174.09375
2012-05-06,165.90625
2012-05-07,117.6875
2012-05-08,126.1875
2012-05-09,134.34375
2012-05-10,122.75
2012-05-11,98.9375
2012-05-12,176.21875
2012-05-13,228.46875
2012-05-14,237.78125
2012-05-15,238.625
2012-05-16,214.375
2012-05-17,341.90625
2012-05-18,489.34375
2012-05-19,266.6875
2012-05-20,135.9375
2012-05-21,116.84375
2012-05-22,117.84375
2012-05-23,119.90625
2012-05-24,127.1875
2012-05-25,133.0
2012-05-26,202.28125
2012-05-27,203.46875
2012-05-28,204.21875
2012-05-29,212.3125
2012-05-30,385.71875
2012-05-31,837.15625
2012-06-01,933.34375
2012-06-02,1049.5
2012-06-03,573.28125
2012-06-04,330.21875
2012-06-05,220.90625
2012-06-06,166.1875
2012-06-07,262.84375
2012-06-08,450.875
2012-06-09,287.3125
2012-06-10,146.0625
2012-06-11,120.46875
2012-06-12,111.6875
2012-06-13,106.5625
2012-06-14,103.21875
2012-06-15,101.703125
2012-06-16,217.70312
2012-06-17,1043.9062
2012-06-18,1326.3281
2012-06-19,538.5625
2012-06-20,238.23438
2012-06-21,186.79688
2012-06-22,147.51562
2012-06-23,126.71875
2012-06-24,117.671875
2012-06-25,112.125
2012-06-26,106.015625
2012-06-27,102.40625
2012-06-28,99.9375
2012-06-29,100.625
2012-06-30,106.734375
2012-07-01,108.484375
2012-07-02,154.9375
2012-07-03,152.71875
2012-07-04,140.57812
2012-07-05,246.70312
2012-07-06,250.65625
2012-07-07,154.59375
2012-07-08,114.15625
2012-07-09,125.3125
2012-07-10,248.78125
2012-07-11,336.45312
2012-07-12,329.92188
2012-07-13,216.71875
2012-07-14,130.96875
2012-07-15,110.265625
2012-07-16,105.40625
2012-07-17,100.484375
2012-07-18,111.578125
2012-07-19,151.65625
2012-07-20,138.95312
2012-07-21,202.57812
2012-07-22,171.90625
2012-07-23,106.078125
2012-07-24,113.46875
2012-07-25,159.78125
2012-07-26,140.20312
2012-07-27,99.25
2012-07-28,95.15625
2012-07-29,105.671875
2012-07-30,173.125
2012-07-31,186.14062
2012-08-01,145.89062
2012-08-02,119.265625
2012-08-03,114.953125
2012-08-04,115.453125
2012-08-05,108.96875
2012-08-06,103.15625
2012-08-07,93.890625
2012-08-08,93.90625
2012-08-09,96.703125
2012-08-10,94.0625
2012-08-11,92.484375
2012-08-12,91.3125
2012-08-13,89.109375
2012-08-14,88.609375
2012-08-15,91.78125
2012-08-16,102.875
2012-08-17,110.140625
2012-08-18,119.171875
2012-08-19,106.390625
2012-08-20,95.90625
2012-08-21,99.125
2012-08-22,111.796875
2012-08-23,1401.7344
2012-08-24,1990.9062
2012-08-25,952.5469
2012-08-26,508.42188
2012-08-27,300.60156
2012-08-28,215.71094
2012-08-29,227.54688
2012-08-30,172.33594
2012-08-31,128.49219
2012-09-01,118.8125
2012-09-02,160.10938
2012-09-03,297.8047
2012-09-04,310.78125
2012-09-05,368.85938
2012-09-06,589.2656
2012-09-07,633.8281
2012-09-08,351.46875
2012-09-09,209.67969
2012-09-10,150.14844
2012-09-11,125.234375
2012-09-12,177.71094
2012-09-13,223.70312
2012-09-14,361.96875
2012-09-15,800.08594
2012-09-16,678.35156
2012-09-17,301.1328
2012-09-18,214.07031
2012-09-19,171.22656
2012-09-20,137.85156
2012-09-21,122.96875
2012-09-22,123.21094
2012-09-23,167.4375
2012-09-24,134.72656
2012-09-25,103.92969
2012-09-26,145.75781
2012-09-27,431.6953
2012-09-28,409.71094
2012-09-29,253.39062
2012-09-30,143.5625
2012-10-01,122.109375
2012-10-02,144.22656
2012-10-03,202.29688
2012-10-04,355.91406
2012-10-05,220.5
2012-10-06,396.58594
2012-10-07,1306.9062
2012-10-08,743.6719
2012-10-09,342.53906
2012-10-10,199.78906
2012-10-11,146.42188
2012-10-12,133.27344
2012-10-13,124.90625
2012-10-14,112.90625
2012-10-15,106.91406
2012-10-16,103.28906
2012-10-17,100.53906
2012-10-18,98.390625
2012-10-19,96.78125
2012-10-20,95.46094
2012-10-21,94.38281
2012-10-22,93.609375
2012-10-23,93.11719
2012-10-24,95.19531
2012-10-25,93.234375
2012-10-26,91.515625
2012-10-27,160.07031
2012-10-28,477.32812
2012-10-29,285.33594
2012-10-30,155.98438
2012-10-31,218.66406
2012-11-01,213.80469
2012-11-02,157.27344
2012-11-03,117.85156
2012-11-04,106.46875
2012-11-05,102.74219
2012-11-06,100.13281
2012-11-07,125.30469
2012-11-08,108.58594
2012-11-09,96.24219
2012-11-10,93.125
2012-11-11,93.171875
2012-11-12,138.4375
2012-11-13,181.75
2012-11-14,146.48438
2012-11-15,154.25
2012-11-16,262.95312
2012-11-17,462.8672
2012-11-18,652.6953
2012-11-19,296.76562
2012-11-20,138.48438
2012-11-21,119.953125
2012-11-22,111.640625
2012-11-23,115.515625
2012-11-24,116.99219
2012-11-25,102.265625
2012-11-26,100.40625
2012-11-27,107.03125
2012-11-28,101.078125
2012-11-29,93.85156
2012-11-30,90.47656
2012-12-01,89.38281
2012-12-02,88.671875
2012-12-03,87.38281
2012-12-04,86.86719
2012-12-05,88.88281
2012-12-06,127.07031
2012-12-07,115.74219
2012-12-08,91.75781
2012-12-09,90.08594
2012-12-10,87.46094
2012-12-11,85.828125
2012-12-12,85.875
2012-12-13,98.375
2012-12-14,92.078125
2012-12-15,88.796875
2012-12-16,88.328125
2012-12-17,87.984375
2012-12-18,88.484375
2012-12-19,133.07812
2012-12-20,122.453125
2012-12-21,91.25
2012-12-22,93.265625
2012-12-23,297.17188
2012-12-24,624.84375
2012-12-25,337.26562
2012-12-26,155.40625
2012-12-27,138.42188
2012-12-28,124.84375
2012-12-29,119.984375
2012-12-30,226.92188
2012-12-31,194.03125
2013-01-01,136.5
2013-01-02,103.8125
2013-01-03,98.40625
2013-01-04,106.4375
2013-01-05,168.48438
2013-01-06,181.98438
2013-01-07,239.9375
2013-01-08,193.04688
2013-01-09,145.09375
2013-01-10,226.1875
2013-01-11,206.59375
2013-01-12,164.07812
2013-01-13,118.609375
2013-01-14,98.671875
2013-01-15,95.625
2013-01-16,93.875
2013-01-17,92.46875
2013-01-18,92.109375
2013-01-19,112.65625
2013-01-20,109.671875
2013-01-21,93.96875
2013-01-22,89.671875
2013-01-23,89.03125
2013-01-24,88.515625
2013-01-25,88.28125
2013-01-26,88.546875
2013-01-27,88.125
2013-01-28,87.859375
2013-01-29,99.125
2013-01-30,93.0
2013-01-31,87.3125
2013-02-01,86.875
2013-02-02,86.75
2013-02-03,86.65625
2013-02-04,86.375
2013-02-05,86.15625
2013-02-06,85.96875
2013-02-07,85.59375
2013-02-08,85.4375
2013-02-09,85.59375
2013-02-10,92.75
2013-02-11,92.96875
2013-02-12,88.15625
2013-02-13,87.0625
2013-02-14,88.375
2013-02-15,86.90625
2013-02-16,86.8125
2013-02-17,88.78125
2013-02-18,87.15625
2013-02-19,84.75
2013-02-20,84.5625
2013-02-21,84.8125
2013-02-22,100.21875
2013-02-23,135.09375
2013-02-24,211.375
2013-02-25,200.6875
2013-02-26,117.9375
2013-02-27,91.84375
2013-02-28,89.03125
2013-03-01,87.78125
2013-03-02,86.875
2013-03-03,141.3125
2013-03-04,410.4375
2013-03-05,298.15625
2013-03-06,162.25
2013-03-07,114.65625
2013-03-08,103.4375
2013-03-09,98.03125
2013-03-10,94.75
2013-03-11,92.6875
2013-03-12,115.15625
2013-03-13,189.34375
2013-03-14,311.59375
2013-03-15,280.84375
2013-03-16,154.0625
2013-03-17,103.71875
2013-03-18,97.28125
2013-03-19,98.8125
2013-03-20,140.625
2013-03-21,148.4375
2013-03-22,185.84375
2013-03-23,239.28125
2013-03-24,177.21875
2013-03-25,118.5
2013-03-26,125.15625
2013-03-27,253.96875
2013-03-28,203.21875
2013-03-29,128.4375
2013-03-30,119.71875
2013-03-31,101.84375
2013-04-01,197.8125
2013-04-02,165.75
2013-04-03,104.4375
2013-04-04,91.4375
2013-04-05,89.34375
2013-04-06,87.90625
2013-04-07,87.5
2013-04-08,91.0
2013-04-09,164.65625
2013-04-10,239.8125
2013-04-11,232.34375
2013-04-12,230.6875
2013-04-13,356.71875
2013-04-14,228.625
2013-04-15,124.0625
2013-04-16,110.25
2013-04-17,245.59375
2013-04-18,400.625
2013-04-19,325.375
2013-04-20,201.78125
2013-04-21,300.15625
2013-04-22,377.34375
2013-04-23,259.3125
2013-04-24,321.75
2013-04-25,344.75
2013-04-26,594.4375
2013-04-27,698.6875
2013-04-28,356.0
2013-04-29,329.875
2013-04-30,409.53125
2013-05-01,344.9375
2013-05-02,264.21875
2013-05-03,205.96875
2013-05-04,209.09375
2013-05-05,570.375
2013-05-06,545.21875
2013-05-07,406.65625
2013-05-08,602.0
2013-05-09,492.78125
2013-05-10,530.875
2013-05-11,748.53125
2013-05-12,815.75
2013-05-13,409.09375
2013-05-14,209.5
2013-05-15,139.75
2013-05-16,137.375
2013-05-17,131.28125
2013-05-18,136.5625
2013-05-19,154.96875
2013-05-20,128.25
2013-05-21,105.84375
2013-05-22,99.46875
2013-05-23,96.375
2013-05-24,95.9375
2013-05-25,107.0
2013-05-26,113.1875
2013-05-27,101.15625
2013-05-28,90.5625
2013-05-29,105.0625
2013-05-30,134.375
2013-05-31,145.78125
2013-06-01,190.3125
2013-06-02,187.0625
2013-06-03,248.6875
2013-06-04,606.59375
2013-06-05,628.21875
2013-06-06,508.0625
2013-06-07,397.75
2013-06-08,227.96875
2013-06-09,135.71875
2013-06-10,212.71875
2013-06-11,536.25
2013-06-12,469.40625
2013-06-13,665.09375
2013-06-14,620.15625
2013-06-15,335.375
2013-06-16,194.1875
2013-06-17,155.125
2013-06-18,128.625
2013-06-19,123.09375
2013-06-20,119.984375
2013-06-21,175.20312
2013-06-22,437.85938
2013-06-23,386.84375
2013-06-24,212.65625
2013-06-25,136.28125
2013-06-26,107.09375
2013-06-27,99.828125
2013-06-28,96.46875
2013-06-29,96.484375
2013-06-30,99.421875
2013-07-01,111.6875
2013-07-02,133.73438
2013-07-03,109.53125
2013-07-04,155.45312
2013-07-05,206.40625
2013-07-06,214.42188
2013-07-07,300.03125
2013-07-08,295.625
2013-07-09,259.23438
2013-07-10,174.375
2013-07-11,114.765625
2013-07-12,146.25
2013-07-13,163.76562
2013-07-14,147.34375
2013-07-15,155.32812
2013-07-16,232.26562
2013-07-17,397.09375
2013-07-18,255.76562
2013-07-19,246.25
2013-07-20,596.65625
2013-07-21,1042.2188
2013-07-22,702.8906
2013-07-23,662.5781
2013-07-24,988.0625
2013-07-25,942.3281
2013-07-26,387.84375
2013-07-27,188.82812
2013-07-28,176.95312
2013-07-29,155.20312
2013-07-30,138.76562
2013-07-31,178.875
2013-08-01,297.48438
2013-08-02,217.76562
2013-08-03,192.09375
2013-08-04,187.90625
2013-08-05,234.125
2013-08-06,278.1875
2013-08-07,349.67188
2013-08-08,203.14062
2013-08-09,125.828125
2013-08-10,227.3125
2013-08-11,246.46875
2013-08-12,186.5
2013-08-13,206.625
2013-08-14,154.32812
2013-08-15,106.75
2013-08-16,97.640625
2013-08-17,95.25
2013-08-18,93.46875
2013-08-19,92.6875
2013-08-20,92.421875
2013-08-21,93.96875
2013-08-22,105.1875
2013-08-23,113.96875
2013-08-24,105.90625
2013-08-25,92.53125
2013-08-26,101.328125
2013-08-27,153.76562
2013-08-28,182.03125
2013-08-29,164.45312
2013-08-30,125.0
2013-08-31,95.34375
2013-09-01,97.21875
2013-09-02,170.875
2013-09-03,172.32812
2013-09-04,115.8125
2013-09-05,134.54688
2013-09-06,192.15625
2013-09-07,294.375
2013-09-08,212.90625
2013-09-09,208.10938
2013-09-10,489.82812
2013-09-11,1041.8438
2013-09-12,678.84375
2013-09-13,714.9531
2013-09-14,508.40625
2013-09-15,480.98438
2013-09-16,572.09375
2013-09-17,1390.1719
2013-09-18,3385.2188
2013-09-19,3244.3281
2013-09-20,1006.16406
2013-09-21,1127.4844
2013-09-22,2540.039
2013-09-23,1909.1328
2013-09-24,921.2969
2013-09-25,672.2031
2013-09-26,1586.0391
2013-09-27,1218.1562
2013-09-28,539.78906
2013-09-29,304.8203
2013-09-30,971.8828
2013-10-01,1964.1953
2013-10-02,1235.25
2013-10-03,1459.7422
2013-10-04,1095.6562
2013-10-05,613.47656
2013-10-06,294.96875
2013-10-07,174.625
2013-10-08,147.0
2013-10-09,130.78125
2013-10-10,120.27344
2013-10-11,113.28125
2013-10-12,122.90625
2013-10-13,115.90625
2013-10-14,958.4453
2013-10-15,3730.75
2013-10-16,3148.0625
2013-10-17,1147.5078
2013-10-18,654.7031
2013-10-19,477.8203
2013-10-20,641.4297
2013-10-21,552.5781
2013-10-22,310.8672
2013-10-23,207.6875
2013-10-24,172.54688
2013-10-25,145.70312
2013-10-26,133.35156
2013-10-27,126.60156
2013-10-28,112.92969
2013-10-29,103.75781
2013-10-30,106.97656
2013-10-31,101.5
2013-11-01,97.61719
2013-11-02,96.03906
2013-11-03,94.88281
2013-11-04,106.80469
2013-11-05,306.72656
2013-11-06,844.52344
2013-11-07,1566.9531
2013-11-08,1091.6484
2013-11-09,622.09375
2013-11-10,1041.0312
2013-11-11,1180.8906
2013-11-12,473.2578
2013-11-13,344.70312
2013-11-14,429.6953
2013-11-15,1561.5938
2013-11-16,3656.25
2013-11-17,2572.7812
2013-11-18,1050.5469
2013-11-19,502.51562
2013-11-20,514.7656
2013-11-21,339.67188
2013-11-22,217.04688
2013-11-23,265.51562
2013-11-24,199.42188
2013-11-25,139.4375
2013-11-26,234.10938
2013-11-27,175.0
2013-11-28,216.625
2013-11-29,716.9219
2013-11-30,602.7969
2013-12-01,413.53125
2013-12-02,289.98438
2013-12-03,183.5
2013-12-04,142.21875
2013-12-05,200.89062
2013-12-06,157.71875
2013-12-07,112.890625
2013-12-08,105.859375
2013-12-09,99.21875
2013-12-10,97.0625
2013-12-11,95.578125
2013-12-12,94.078125
2013-12-13,96.71875
2013-12-14,148.85938
2013-12-15,503.71875
2013-12-16,299.95312
2013-12-17,166.6875
2013-12-18,177.34375
2013-12-19,151.96875
2013-12-20,119.078125
2013-12-21,106.0625
2013-12-22,114.328125
2013-12-23,187.26562
2013-12-24,223.07812
2013-12-25,258.65625
2013-12-26,191.90625
2013-12-27,132.07812
2013-12-28,190.42188
2013-12-29,206.64062
2013-12-30,165.84375
2013-12-31,148.34375
2014-01-01,132.01562
2014-01-02,108.890625
2014-01-03,97.828125
2014-01-04,96.890625
2014-01-05,119.984375
2014-01-06,114.765625
2014-01-07,95.375
2014-01-08,93.53125
2014-01-09,93.453125
2014-01-10,136.71875
2014-01-11,141.54688
2014-01-12,141.84375
2014-01-13,261.10938
2014-01-14,525.59375
2014-01-15,333.21875
2014-01-16,167.8125
2014-01-17,156.875
2014-01-18,294.42188
2014-01-19,297.98438
2014-01-20,202.90625
2014-01-21,246.5625
2014-01-22,191.21875
2014-01-23,120.5625
2014-01-24,105.28125
2014-01-25,101.34375
2014-01-26,99.125
2014-01-27,97.59375
2014-01-28,96.28125
2014-01-29,95.53125
2014-01-30,94.6875
2014-01-31,93.71875
2014-02-01,92.9375
2014-02-02,92.25
2014-02-03,91.6875
2014-02-04,91.375
2014-02-05,91.0
2014-02-06,90.5625
2014-02-07,90.1875
2014-02-08,89.8125
2014-02-09,89.46875
2014-02-10,89.625
2014-02-11,97.25
2014-02-12,106.125
2014-02-13,97.625
2014-02-14,94.84375
2014-02-15,94.3125
2014-02-16,89.375
2014-02-17,88.5625
2014-02-18,88.1875
2014-02-19,90.75
2014-02-20,92.9375
2014-02-21,89.25
2014-02-22,88.1875
2014-02-23,87.8125
2014-02-24,87.65625
2014-02-25,87.40625
2014-02-26,87.125
2014-02-27,86.9375
2014-02-28,86.75
2014-03-01,86.5
2014-03-02,86.3125
2014-03-03,86.1875
2014-03-04,86.59375
2014-03-05,86.875
2014-03-06,86.125
2014-03-07,86.15625
2014-03-08,88.6875
2014-03-09,90.84375
2014-03-10,96.65625
2014-03-11,95.125
2014-03-12,86.28125
2014-03-13,85.5625
2014-03-14,86.0
2014-03-15,90.5625
2014-03-16,90.375
2014-03-17,86.6875
2014-03-18,86.1875
2014-03-19,86.0
2014-03-20,85.9375
2014-03-21,95.75
2014-03-22,120.5
2014-03-23,125.34375
2014-03-24,106.0625
2014-03-25,89.4375
2014-03-26,85.8125
2014-03-27,85.21875
2014-03-28,84.90625
2014-03-29,84.6875
2014-03-30,86.75
2014-03-31,88.65625
2014-04-01,84.84375
2014-04-02,85.40625
2014-04-03,125.125
2014-04-04,168.5
2014-04-05,274.9375
2014-04-06,233.25
2014-04-07,204.78125
2014-04-08,266.9375
2014-04-09,278.71875
2014-04-10,218.3125
2014-04-11,205.625
2014-04-12,184.0
2014-04-13,130.40625
2014-04-14,98.34375
2014-04-15,92.78125
2014-04-16,90.78125
2014-04-17,89.5
2014-04-18,89.03125
2014-04-19,88.375
2014-04-20,86.9375
2014-04-21,86.40625
2014-04-22,86.0
2014-04-23,85.59375
2014-04-24,88.375
2014-04-25,89.53125
2014-04-26,84.9375
2014-04-27,84.40625
2014-04-28,108.65625
2014-04-29,250.40625
2014-04-30,401.625
2014-05-01,868.84375
2014-05-02,991.03125
2014-05-03,569.3125
2014-05-04,439.375
2014-05-05,334.9375
2014-05-06,475.75
2014-05-07,389.6875
2014-05-08,295.53125
2014-05-09,327.65625
2014-05-10,200.59375
2014-05-11,121.1875
2014-05-12,111.71875
2014-05-13,154.875
2014-05-14,141.0
2014-05-15,104.84375
2014-05-16,96.28125
2014-05-17,108.09375
2014-05-18,122.15625
2014-05-19,113.1875
2014-05-20,93.78125
2014-05-21,101.8125
2014-05-22,101.8125
2014-05-23,89.5625
2014-05-24,94.40625
2014-05-25,113.40625
2014-05-26,146.84375
2014-05-27,152.25
2014-05-28,205.71875
2014-05-29,166.53125
2014-05-30,108.1875
2014-05-31,128.34375
2014-06-01,135.21875
2014-06-02,166.15625
2014-06-03,159.5
2014-06-04,155.21875
2014-06-05,136.25
2014-06-06,95.6875
2014-06-07,90.125
2014-06-08,90.15625
2014-06-09,91.0625
2014-06-10,89.3125
2014-06-11,95.25
2014-06-12,137.625
2014-06-13,226.125
2014-06-14,189.0
2014-06-15,110.59375
2014-06-16,93.71875
2014-06-17,91.84375
2014-06-18,92.21875
2014-06-19,91.78125
2014-06-20,88.9375
2014-06-21,88.59375
2014-06-22,92.46875
2014-06-23,120.625
2014-06-24,145.65625
2014-06-25,119.9375
2014-06-26,91.40625
2014-06-27,86.90625
2014-06-28,86.4375
2014-06-29,172.78125
2014-06-30,508.03125
2014-07-01,303.59375
2014-07-02,135.625
2014-07-03,113.6875
2014-07-04,128.78125
2014-07-05,215.4375
2014-07-06,208.96875
2014-07-07,140.73438
2014-07-08,117.1875
2014-07-09,131.51562
2014-07-10,124.328125
2014-07-11,111.5625
2014-07-12,106.71875
2014-07-13,167.82812
2014-07-14,242.95312
2014-07-15,271.0
2014-07-16,222.0
2014-07-17,136.40625
2014-07-18,120.734375
2014-07-19,143.42188
2014-07-20,161.71875
2014-07-21,142.23438
2014-07-22,197.375
2014-07-23,452.10938
2014-07-24,521.9219
2014-07-25,270.25
2014-07-26,139.75
2014-07-27,188.98438
2014-07-28,269.125
2014-07-29,348.40625
2014-07-30,535.5781
2014-07-31,360.8125
2014-08-01,450.48438
2014-08-02,802.2656
2014-08-03,418.45312
2014-08-04,208.17188
2014-08-05,224.10938
2014-08-06,331.46875
2014-08-07,222.85938
2014-08-08,124.21875
2014-08-09,104.90625
2014-08-10,97.09375
2014-08-11,93.34375
2014-08-12,90.984375
2014-08-13,89.46875
2014-08-14,88.34375
2014-08-15,88.96875
2014-08-16,113.921875
2014-08-17,129.8125
2014-08-18,103.28125
2014-08-19,88.84375
2014-08-20,95.609375
2014-08-21,236.67188
2014-08-22,328.03125
2014-08-23,260.75
2014-08-24,378.0625
2014-08-25,331.92188
2014-08-26,300.1875
2014-08-27,362.59375
2014-08-28,508.0
2014-08-29,368.42188
2014-08-30,344.64062
2014-08-31,587.78125
2014-09-01,1265.8438
2014-09-02,1002.2344
2014-09-03,535.4531
2014-09-04,451.9375
2014-09-05,438.75
2014-09-06,253.89062
2014-09-07,147.04688
2014-09-08,123.484375
2014-09-09,136.15625
2014-09-10,171.85938
2014-09-11,266.875
2014-09-12,217.70312
2014-09-13,132.89844
2014-09-14,131.22656
2014-09-15,221.46875
2014-09-16,217.07031
2014-09-17,133.28906
2014-09-18,108.27344
2014-09-19,95.58594
2014-09-20,92.359375
2014-09-21,90.921875
2014-09-22,92.46875
2014-09-23,434.21094
2014-09-24,1246.8672
2014-09-25,897.59375
2014-09-26,496.10938
2014-09-27,392.6328
2014-09-28,232.1875
2014-09-29,144.85938
2014-09-30,124.984375
2014-10-01,115.640625
2014-10-02,107.32031
2014-10-03,102.03125
2014-10-04,98.390625
2014-10-05,98.50781
2014-10-06,177.5625
2014-10-07,195.57812
2014-10-08,327.64062
2014-10-09,198.3125
2014-10-10,110.42969
2014-10-11,100.72656
2014-10-12,105.671875
2014-10-13,180.98438
2014-10-14,186.16406
2014-10-15,142.14062
2014-10-16,103.828125
2014-10-17,93.765625
2014-10-18,111.85156
2014-10-19,222.96875
2014-10-20,173.59375
2014-10-21,104.96094
2014-10-22,123.44531
2014-10-23,152.13281
2014-10-24,308.3203
2014-10-25,450.85156
2014-10-26,1086.4062
2014-10-27,1253.3125
2014-10-28,574.46094
2014-10-29,313.35156
2014-10-30,193.90625
2014-10-31,142.79688
2014-11-01,153.64844
2014-11-02,133.10938
2014-11-03,110.21875
2014-11-04,152.72656
2014-11-05,127.25781
2014-11-06,99.41406
2014-11-07,95.59375
2014-11-08,93.765625
2014-11-09,92.47656
2014-11-10,91.625
2014-11-11,90.546875
2014-11-12,92.34375
2014-11-13,217.14062
2014-11-14,598.5469
2014-11-15,511.76562
2014-11-16,366.64062
2014-11-17,282.03125
2014-11-18,237.67188
2014-11-19,235.40625
2014-11-20,228.0
2014-11-21,197.90625
2014-11-22,136.85938
2014-11-23,102.15625
2014-11-24,96.859375
2014-11-25,96.375
2014-11-26,125.234375
2014-11-27,117.21875
2014-11-28,92.546875
2014-11-29,90.75
2014-11-30,100.15625
2014-12-01,296.4375
2014-12-02,702.34375
2014-12-03,715.59375
2014-12-04,338.85938
2014-12-05,212.875
2014-12-06,213.46875
2014-12-07,181.78125
2014-12-08,296.03125
2014-12-09,422.95312
2014-12-10,301.90625
2014-12-11,174.625
2014-12-12,327.03125
2014-12-13,561.90625
2014-12-14,365.40625
2014-12-15,268.23438
2014-12-16,381.78125
2014-12-17,814.09375
2014-12-18,464.53125
2014-12-19,208.0625
2014-12-20,144.95312
2014-12-21,184.17188
2014-12-22,584.4375
2014-12-23,424.28125
2014-12-24,203.57812
2014-12-25,151.42188
2014-12-26,290.5
2014-12-27,323.32812
2014-12-28,479.07812
2014-12-29,702.0469
2014-12-30,334.04688
2014-12-31,148.625
2015-01-01,133.28125
2015-01-02,144.34375
2015-01-03,249.70312
2015-01-04,217.57812
2015-01-05,132.29688
2015-01-06,105.046875
2015-01-07,147.59375
2015-01-08,465.625
2015-01-09,696.0469
2015-01-10,672.7969
2015-01-11,559.40625
2015-01-12,274.76562
2015-01-13,159.375
2015-01-14,133.48438
2015-01-15,119.734375
2015-01-16,112.0
2015-01-17,115.578125
2015-01-18,277.04688
2015-01-19,401.76562
2015-01-20,240.8125
2015-01-21,130.75
2015-01-22,108.4375
2015-01-23,103.21875
2015-01-24,99.78125
2015-01-25,97.1875
2015-01-26,95.28125
2015-01-27,93.8125
2015-01-28,92.59375
2015-01-29,91.53125
2015-01-30,90.65625
2015-01-31,90.25
2015-02-01,104.53125
2015-02-02,201.53125
2015-02-03,223.46875
2015-02-04,139.40625
2015-02-05,98.59375
2015-02-06,136.65625
2015-02-07,155.5625
2015-02-08,122.375
2015-02-09,143.375
2015-02-10,140.53125
2015-02-11,104.59375
2015-02-12,90.59375
2015-02-13,88.875
2015-02-14,88.3125
2015-02-15,87.8125
2015-02-16,87.5
2015-02-17,87.25
2015-02-18,86.96875
2015-02-19,87.09375
2015-02-20,89.78125
2015-02-21,158.21875
2015-02-22,407.0
2015-02-23,485.4375
2015-02-24,263.46875
2015-02-25,130.21875
2015-02-26,110.71875
2015-02-27,111.875
2015-02-28,109.1875
2015-03-01,97.28125
2015-03-02,94.375
2015-03-03,92.375
2015-03-04,91.03125
2015-03-05,90.0
2015-03-06,89.0625
2015-03-07,88.28125
2015-03-08,87.71875
2015-03-09,87.0625
2015-03-10,86.5625
2015-03-11,86.21875
2015-03-12,85.78125
2015-03-13,85.53125
2015-03-14,85.9375
2015-03-15,108.5
2015-03-16,118.03125
2015-03-17,100.53125
2015-03-18,93.875
2015-03-19,86.625
2015-03-20,85.125
2015-03-21,84.75
2015-03-22,84.625
2015-03-23,84.375
2015-03-24,85.1875
2015-03-25,139.9375
2015-03-26,248.40625
2015-03-27,220.28125
2015-03-28,163.15625
2015-03-29,115.625
2015-03-30,108.8125
2015-03-31,236.4375
2015-04-01,195.84375
2015-04-02,105.15625
2015-04-03,97.5
2015-04-04,96.0625
2015-04-05,116.96875
2015-04-06,145.71875
2015-04-07,118.9375
2015-04-08,91.09375
2015-04-09,87.34375
2015-04-10,86.34375
2015-04-11,86.53125
2015-04-12,278.0625
2015-04-13,712.3125
2015-04-14,360.6875
2015-04-15,159.625
2015-04-16,132.625
2015-04-17,118.46875
2015-04-18,109.1875
2015-04-19,102.8125
2015-04-20,98.1875
2015-04-21,95.25
2015-04-22,104.0
2015-04-23,119.3125
2015-04-24,122.03125
2015-04-25,100.6875
2015-04-26,97.03125
2015-04-27,92.5
2015-04-28,87.8125
2015-04-29,105.25
2015-04-30,153.53125
2015-05-01,193.625
2015-05-02,203.40625
2015-05-03,140.75
2015-05-04,121.8125
2015-05-05,144.0
2015-05-06,141.0625
2015-05-07,118.25
2015-05-08,112.46875
2015-05-09,110.09375
2015-05-10,128.4375
2015-05-11,189.21875
2015-05-12,285.1875
2015-05-13,391.1875
2015-05-14,288.0625
2015-05-15,188.6875
2015-05-16,157.90625
2015-05-17,179.15625
2015-05-18,148.84375
2015-05-19,176.71875
2015-05-20,148.53125
2015-05-21,96.46875
2015-05-22,90.71875
2015-05-23,89.09375
2015-05-24,87.96875
2015-05-25,86.78125
2015-05-26,96.625
2015-05-27,103.90625
2015-05-28,94.1875
2015-05-29,85.75
2015-05-30,84.03125
2015-05-31,83.6875
2015-06-01,83.71875
2015-06-02,83.375
2015-06-03,99.09375
2015-06-04,103.25
2015-06-05,90.96875
2015-06-06,102.21875
2015-06-07,155.96875
2015-06-08,191.46875
2015-06-09,133.375
2015-06-10,91.375
2015-06-11,87.0
2015-06-12,113.125
2015-06-13,150.3125
2015-06-14,180.15625
2015-06-15,207.75
2015-06-16,315.59375
2015-06-17,379.875
2015-06-18,320.53125
2015-06-19,227.6875
2015-06-20,235.75
2015-06-21,302.875
2015-06-22,585.6875
2015-06-23,784.9375
2015-06-24,542.0625
2015-06-25,272.5
2015-06-26,161.875
2015-06-27,121.34375
2015-06-28,109.125
2015-06-29,102.3125
2015-06-30,97.53125
2015-07-01,94.09375
2015-07-02,91.5625
2015-07-03,89.65625
2015-07-04,88.1875
2015-07-05,87.28125
2015-07-06,89.375
2015-07-07,394.28125
2015-07-08,858.5
2015-07-09,569.625
2015-07-10,317.70312
2015-07-11,191.20312
2015-07-12,147.26562
2015-07-13,159.10938
2015-07-14,272.73438
2015-07-15,392.1875
2015-07-16,263.875
2015-07-17,144.89062
2015-07-18,156.28125
2015-07-19,223.14062
2015-07-20,231.70312
2015-07-21,170.96875
2015-07-22,105.859375
2015-07-23,94.484375
2015-07-24,91.296875
2015-07-25,90.0
2015-07-26,89.0625
2015-07-27,123.421875
2015-07-28,134.01562
2015-07-29,162.54688
2015-07-30,174.42188
2015-07-31,139.9375
2015-08-01,126.9375
2015-08-02,147.17188
2015-08-03,253.5
2015-08-04,347.51562
2015-08-05,357.3125
2015-08-06,325.51562
2015-08-07,442.26562
2015-08-08,289.73438
2015-08-09,228.21875
2015-08-10,201.39062
2015-08-11,190.35938
2015-08-12,304.8125
2015-08-13,256.82812
2015-08-14,146.45312
2015-08-15,102.1875
2015-08-16,96.953125
2015-08-17,95.546875
2015-08-18,91.40625
2015-08-19,90.65625
2015-08-20,96.953125
2015-08-21,189.95312
2015-08-22,161.85938
2015-08-23,97.109375
2015-08-24,91.5625
2015-08-25,116.640625
2015-08-26,124.203125
2015-08-27,145.35938
2015-08-28,135.04688
2015-08-29,95.59375
2015-08-30,88.71875
2015-08-31,90.96875
2015-09-01,87.46875
2015-09-02,88.5
2015-09-03,93.328125
2015-09-04,91.703125
2015-09-05,92.46875
2015-09-06,97.796875
2015-09-07,93.05469
2015-09-08,86.35156
2015-09-09,88.63281
2015-09-10,95.58594
2015-09-11,195.23438
2015-09-12,231.96094
2015-09-13,518.28906
2015-09-14,2756.5312
2015-09-15,3586.3125
2015-09-16,1124.4922
2015-09-17,521.10156
2015-09-18,347.3047
2015-09-19,261.20312
2015-09-20,195.89062
2015-09-21,140.22656
2015-09-22,124.94531
2015-09-23,140.16406
2015-09-24,147.14844
2015-09-25,119.52344
2015-09-26,100.32031
2015-09-27,135.53906
2015-09-28,124.453125
2015-09-29,96.94531
2015-09-30,121.47656
2015-10-01,170.91406
2015-10-02,247.79688
2015-10-03,426.6875
2015-10-04,1624.3359
2015-10-05,3170.0938
2015-10-06,1300.7188
2015-10-07,533.3203
2015-10-08,463.78125
2015-10-09,432.72656
2015-10-10,584.4922
2015-10-11,2205.7266
2015-10-12,3344.0312
2015-10-13,2998.1094
2015-10-14,1041.5234
2015-10-15,987.9453
2015-10-16,1023.66406
2015-10-17,445.77344
2015-10-18,202.19531
2015-10-19,161.625
2015-10-20,138.89844
2015-10-21,124.17969
2015-10-22,114.25781
2015-10-23,107.375
2015-10-24,102.4375
2015-10-25,98.75
2015-10-26,96.765625
2015-10-27,120.46094
2015-10-28,126.921875
2015-10-29,94.875
2015-10-30,90.296875
2015-10-31,89.625
2015-11-01,164.00781
2015-11-02,367.5703
2015-11-03,429.76562
2015-11-04,312.47656
2015-11-05,747.2578
2015-11-06,1841.1641
2015-11-07,798.25
2015-11-08,300.42188
2015-11-09,192.84375
2015-11-10,149.54688
2015-11-11,130.16406
2015-11-12,118.15625
2015-11-13,112.25
2015-11-14,153.51562
2015-11-15,141.39844
2015-11-16,101.82031
2015-11-17,97.234375
2015-11-18,93.765625
2015-11-19,91.890625
2015-11-20,90.515625
2015-11-21,89.41406
2015-11-22,88.74219
2015-11-23,88.96875
2015-11-24,90.90625
2015-11-25,118.359375
2015-11-26,193.53906
2015-11-27,372.73438
2015-11-28,392.26562
2015-11-29,230.65625
2015-11-30,151.6875
2015-12-01,115.390625
2015-12-02,97.578125
2015-12-03,92.91406
2015-12-04,89.41406
2015-12-05,87.046875
2015-12-06,95.86719
2015-12-07,160.0625
2015-12-08,183.66406
2015-12-09,142.20312
2015-12-10,108.96094
2015-12-11,89.53125
2015-12-12,85.80469
2015-12-13,84.21875
2015-12-14,85.71875
2015-12-15,89.38281
2015-12-16,305.53125
2015-12-17,800.5703
2015-12-18,440.89062
2015-12-19,245.57812
2015-12-20,330.23438
2015-12-21,318.96875
2015-12-22,222.625
2015-12-23,137.65625
2015-12-24,110.0
2015-12-25,101.38281
2015-12-26,97.44531
2015-12-27,94.734375
2015-12-28,107.10156
2015-12-29,124.875
2015-12-30,143.40625
2015-12-31,202.64844
2016-01-01,316.5
2016-01-02,244.34375
2016-01-03,152.27344
2016-01-04,111.02344
2016-01-05,95.08594
2016-01-06,92.94531
2016-01-07,92.16406
2016-01-08,99.25
2016-01-09,97.765625
2016-01-10,92.640625
2016-01-11,99.71875
2016-01-12,205.04688
2016-01-13,210.67188
2016-01-14,144.09375
2016-01-15,101.515625
2016-01-16,93.046875
2016-01-17,177.875
2016-01-18,332.65625
2016-01-19,236.84375
2016-01-20,143.48438
2016-01-21,99.6875
2016-01-22,93.90625
2016-01-23,121.515625
2016-01-24,285.89062
2016-01-25,343.46875
2016-01-26,254.53125
2016-01-27,158.14062
2016-01-28,114.5
2016-01-29,98.5
2016-01-30,98.96875
2016-01-31,99.359375
2016-02-01,94.0
2016-02-02,102.28125
2016-02-03,106.5625
2016-02-04,93.625
2016-02-05,197.73438
2016-02-06,371.45312
2016-02-07,271.75
2016-02-08,156.40625
2016-02-09,106.03125
2016-02-10,100.046875
2016-02-11,95.9375
2016-02-12,92.0
2016-02-13,90.171875
2016-02-14,88.765625
2016-02-15,88.0625
2016-02-16,93.109375
2016-02-17,99.484375
2016-02-18,96.796875
2016-02-19,91.40625
2016-02-20,86.859375
2016-02-21,105.59375
2016-02-22,102.84375
2016-02-23,85.953125
2016-02-24,129.09375
2016-02-25,455.21875
2016-02-26,444.48438
2016-02-27,255.5
2016-02-28,154.64062
2016-02-29,133.15625
2016-03-01,115.828125
2016-03-02,98.828125
2016-03-03,98.796875
2016-03-04,95.1875
2016-03-05,90.15625
2016-03-06,88.609375
2016-03-07,87.484375
2016-03-08,86.484375
2016-03-09,85.65625
2016-03-10,85.125
2016-03-11,86.25
2016-03-12,88.21875
2016-03-13,86.1875
2016-03-14,85.0
2016-03-15,84.78125
2016-03-16,84.21875
2016-03-17,83.8125
2016-03-18,83.46875
2016-03-19,83.21875
2016-03-20,82.96875
2016-03-21,82.71875
2016-03-22,82.46875
2016-03-23,82.25
2016-03-24,81.65625
2016-03-25,107.53125
2016-03-26,119.59375
2016-03-27,99.28125
2016-03-28,91.1875
2016-03-29,88.03125
2016-03-30,81.875
2016-03-31,81.125
2016-04-01,80.8125
2016-04-02,80.59375
2016-04-03,80.71875
2016-04-04,81.96875
2016-04-05,83.25
2016-04-06,106.34375
2016-04-07,108.1875
2016-04-08,83.09375
2016-04-09,81.0
2016-04-10,84.875
2016-04-11,84.28125
2016-04-12,79.96875
2016-04-13,79.40625
2016-04-14,79.15625
2016-04-15,78.9375
2016-04-16,78.75
2016-04-17,78.65625
2016-04-18,79.1875
2016-04-19,81.28125
2016-04-20,82.03125
2016-04-21,84.0
2016-04-22,84.125
2016-04-23,78.5625
2016-04-24,78.09375
2016-04-25,78.0
2016-04-26,77.96875
2016-04-27,78.96875
2016-04-28,92.53125
2016-04-29,93.15625
2016-04-30,86.9375
2016-05-01,122.25
2016-05-02,130.90625
2016-05-03,140.28125
2016-05-04,167.5625
2016-05-05,178.1875
2016-05-06,181.78125
2016-05-07,168.9375
2016-05-08,124.96875
2016-05-09,109.5625
2016-05-10,106.6875
2016-05-11,97.15625
2016-05-12,110.1875
2016-05-13,122.34375
2016-05-14,163.8125
2016-05-15,141.90625
2016-05-16,111.0625
2016-05-17,113.625
2016-05-18,119.4375
2016-05-19,171.8125
2016-05-20,205.9375
2016-05-21,152.46875
2016-05-22,155.0625
2016-05-23,402.5625
2016-05-24,638.84375
2016-05-25,536.625
2016-05-26,376.8125
2016-05-27,224.75
2016-05-28,166.125
2016-05-29,163.25
2016-05-30,142.9375
2016-05-31,119.96875
2016-06-01,100.5625
2016-06-02,93.03125
2016-06-03,88.09375
2016-06-04,90.78125
2016-06-05,141.5625
2016-06-06,189.1875
2016-06-07,137.75
2016-06-08,102.96875
2016-06-09,97.625
2016-06-10,88.78125
2016-06-11,83.28125
2016-06-12,83.125
2016-06-13,84.84375
2016-06-14,81.4375
2016-06-15,80.34375
2016-06-16,96.875
2016-06-17,202.5
2016-06-18,191.84375
2016-06-19,154.3125
2016-06-20,125.703125
2016-06-21,116.9375
2016-06-22,316.09375
2016-06-23,484.4375
2016-06-24,398.23438
2016-06-25,260.5625
2016-06-26,292.82812
2016-06-27,740.7656
2016-06-28,609.9844
2016-06-29,412.70312
2016-06-30,208.79688
2016-07-01,133.84375
2016-07-02,115.1875
2016-07-03,106.53125
2016-07-04,98.53125
2016-07-05,240.65625
2016-07-06,704.7344
2016-07-07,378.65625
2016-07-08,284.03125
2016-07-09,199.1875
2016-07-10,132.04688
2016-07-11,111.109375
2016-07-12,99.78125
2016-07-13,109.09375
2016-07-14,105.046875
2016-07-15,89.875
2016-07-16,86.53125
2016-07-17,87.390625
2016-07-18,95.046875
2016-07-19,107.0625
2016-07-20,106.734375
2016-07-21,103.78125
2016-07-22,194.04688
2016-07-23,190.25
2016-07-24,228.90625
2016-07-25,227.32812
2016-07-26,176.64062
2016-07-27,121.265625
2016-07-28,96.0625
2016-07-29,145.75
2016-07-30,198.82812
2016-07-31,181.25
2016-08-01,124.84375
2016-08-02,90.71875
2016-08-03,91.40625
2016-08-04,139.9375
2016-08-05,195.6875
2016-08-06,163.6875
2016-08-07,150.60938
2016-08-08,120.171875
2016-08-09,87.5625
2016-08-10,84.015625
2016-08-11,87.34375
2016-08-12,87.828125
2016-08-13,88.453125
2016-08-14,87.453125
2016-08-15,94.03125
2016-08-16,105.59375
2016-08-17,106.71875
2016-08-18,106.34375
2016-08-19,124.8125
2016-08-20,119.03125
2016-08-21,93.328125
2016-08-22,105.453125
2016-08-23,172.49219
2016-08-24,274.6953
2016-08-25,315.5703
2016-08-26,360.95312
2016-08-27,388.29688
2016-08-28,298.9297
2016-08-29,160.5625
2016-08-30,157.66406
2016-08-31,166.92969
2016-09-01,126.828125
2016-09-02,93.59375
2016-09-03,88.08594
2016-09-04,86.47656
2016-09-05,90.85156
2016-09-06,102.63281
2016-09-07,109.53125
2016-09-08,116.21875
2016-09-09,118.71875
2016-09-10,97.86719
2016-09-11,131.28125
2016-09-12,1723.5469
2016-09-13,3107.4219
2016-09-14,1104.125
2016-09-15,442.9375
2016-09-16,284.96094
2016-09-17,211.65625
2016-09-18,159.24219
2016-09-19,157.75781
2016-09-20,227.78906
2016-09-21,296.8828
2016-09-22,274.8672
2016-09-23,273.33594
2016-09-24,325.75
2016-09-25,424.0078
2016-09-26,257.65625
2016-09-27,175.66406
2016-09-28,144.59375
2016-09-29,193.75781
2016-09-30,325.71875
2016-10-01,223.76562
2016-10-02,125.22656
2016-10-03,105.69531
2016-10-04,220.71875
2016-10-05,326.0547
2016-10-06,439.1797
2016-10-07,419.82812
2016-10-08,248.74219
2016-10-09,145.5
2016-10-10,109.453125
2016-10-11,209.46875
2016-10-12,715.3203
2016-10-13,396.89844
2016-10-14,376.76562
2016-10-15,615.3906
2016-10-16,1088.2188
2016-10-17,629.4375
2016-10-18,275.85938
2016-10-19,153.71094
2016-10-20,130.0625
2016-10-21,117.14844
2016-10-22,108.27344
2016-10-23,102.359375
2016-10-24,111.27344
2016-10-25,158.53125
2016-10-26,210.52344
2016-10-27,149.5625
2016-10-28,98.515625
2016-10-29,92.28906
2016-10-30,155.13281
2016-10-31,549.2031
2016-11-01,1240.8906
2016-11-02,2008.7031
2016-11-03,2027.1953
2016-11-04,1108.6875
2016-11-05,480.2578
2016-11-06,237.74219
2016-11-07,261.20312
2016-11-08,403.27344
2016-11-09,286.84375
2016-11-10,201.69531
2016-11-11,364.125
2016-11-12,337.32812
2016-11-13,174.17188
2016-11-14,114.890625
2016-11-15,105.41406
2016-11-16,100.19531
2016-11-17,107.14844
2016-11-18,227.46094
2016-11-19,172.71875
2016-11-20,121.0625
2016-11-21,174.0
2016-11-22,157.10938
2016-11-23,168.5
2016-11-24,240.84375
2016-11-25,290.90625
2016-11-26,207.20312
2016-11-27,376.67188
2016-11-28,226.03125
2016-11-29,194.25
2016-11-30,738.21875
2016-12-01,986.5156
2016-12-02,595.96875
2016-12-03,877.65625
2016-12-04,784.8125
2016-12-05,802.0156
2016-12-06,731.7969
2016-12-07,817.1875
2016-12-08,605.7344
2016-12-09,326.875
2016-12-10,177.5625
2016-12-11,130.5
2016-12-12,173.92188
2016-12-13,421.625
2016-12-14,2480.8906
2016-12-15,6294.0312
2016-12-16,5291.8906
2016-12-17,1780.7031
2016-12-18,620.34375
2016-12-19,321.07812
2016-12-20,227.9375
2016-12-21,177.07812
2016-12-22,151.84375
2016-12-23,277.5
2016-12-24,413.125
2016-12-25,302.125
2016-12-26,162.73438
2016-12-27,186.15625
2016-12-28,645.40625
2016-12-29,342.20312
2016-12-30,183.64062
2016-12-31,355.96875
2017-01-01,1250.9062
2017-01-02,740.7344
2017-01-03,514.09375
2017-01-04,300.9375
2017-01-05,190.01562
2017-01-06,152.46875
2017-01-07,121.5625
2017-01-08,110.625
2017-01-09,106.1875
2017-01-10,103.28125
2017-01-11,105.75
2017-01-12,101.0625
2017-01-13,95.5625
2017-01-14,94.15625
2017-01-15,135.71875
2017-01-16,353.78125
2017-01-17,211.625
2017-01-18,121.3125
2017-01-19,103.78125
2017-01-20,100.84375
2017-01-21,201.4375
2017-01-22,363.03125
2017-01-23,332.1875
2017-01-24,249.90625
2017-01-25,285.0625
2017-01-26,632.1875
2017-01-27,393.25
2017-01-28,178.15625
2017-01-29,121.96875
2017-01-30,111.75
2017-01-31,105.96875
2017-02-01,156.03125
2017-02-02,509.15625
2017-02-03,574.96875
2017-02-04,372.625
2017-02-05,209.9375
2017-02-06,136.53125
2017-02-07,113.125
2017-02-08,106.0625
2017-02-09,124.25
2017-02-10,347.75
2017-02-11,457.6875
2017-02-12,440.125
2017-02-13,317.21875
2017-02-14,182.90625
2017-02-15,176.21875
2017-02-16,160.21875
2017-02-17,118.28125
2017-02-18,101.0625
2017-02-19,97.8125
2017-02-20,95.375
2017-02-21,93.4375
2017-02-22,92.15625
2017-02-23,107.6875
2017-02-24,299.0625
2017-02-25,282.03125
2017-02-26,163.5625
2017-02-27,146.96875
2017-02-28,175.5
2017-03-01,152.25
2017-03-02,110.28125
2017-03-03,100.65625
2017-03-04,96.625
2017-03-05,91.46875
2017-03-06,90.25
2017-03-07,89.46875
2017-03-08,90.15625
2017-03-09,126.53125
2017-03-10,119.1875
2017-03-11,90.125
2017-03-12,88.15625
2017-03-13,87.78125
2017-03-14,88.65625
2017-03-15,118.8125
2017-03-16,108.21875
2017-03-17,94.84375
2017-03-18,161.78125
2017-03-19,228.15625
2017-03-20,322.65625
2017-03-21,232.9375
2017-03-22,146.25
2017-03-23,159.34375
2017-03-24,237.5
2017-03-25,245.28125
2017-03-26,382.34375
2017-03-27,376.875
2017-03-28,481.84375
2017-03-29,240.46875
2017-03-30,266.125
2017-03-31,862.125
2017-04-01,2038.2188
2017-04-02,718.5
2017-04-03,267.09375
2017-04-04,202.25
2017-04-05,352.0
2017-04-06,1077.75
2017-04-07,636.78125
2017-04-08,448.28125
2017-04-09,254.15625
2017-04-10,180.0
2017-04-11,153.3125
2017-04-12,244.6875
2017-04-13,786.09375
2017-04-14,627.15625
2017-04-15,346.9375
2017-04-16,187.46875
2017-04-17,133.09375
2017-04-18,119.03125
2017-04-19,110.4375
2017-04-20,104.5625
2017-04-21,100.71875
2017-04-22,97.9375
2017-04-23,134.40625
2017-04-24,276.84375
2017-04-25,367.03125
2017-04-26,287.3125
2017-04-27,245.3125
2017-04-28,330.28125
2017-04-29,462.34375
2017-04-30,268.6875
2017-05-01,207.5625
2017-05-02,173.65625
2017-05-03,128.46875
2017-05-04,126.78125
2017-05-05,272.8125
2017-05-06,234.1875
2017-05-07,147.15625
2017-05-08,133.875
2017-05-09,280.3125
2017-05-10,281.65625
2017-05-11,165.8125
2017-05-12,134.03125
2017-05-13,321.84375
2017-05-14,839.53125
2017-05-15,983.875
2017-05-16,1191.1875
2017-05-17,723.84375
2017-05-18,659.375
2017-05-19,465.625
2017-05-20,437.6875
2017-05-21,377.59375
2017-05-22,224.375
2017-05-23,211.09375
2017-05-24,494.15625
2017-05-25,673.0625
2017-05-26,863.1875
2017-05-27,477.5625
2017-05-28,369.5625
2017-05-29,572.96875
2017-05-30,498.21875
2017-05-31,334.6875
2017-06-01,200.21875
2017-06-02,128.6875
2017-06-03,115.15625
2017-06-04,108.40625
2017-06-05,103.6875
2017-06-06,102.125
2017-06-07,142.15625
2017-06-08,322.65625
2017-06-09,629.96875
2017-06-10,383.90625
2017-06-11,257.96875
2017-06-12,180.4375
2017-06-13,132.25
2017-06-14,118.0
2017-06-15,136.15625
2017-06-16,120.625
2017-06-17,99.65625
2017-06-18,97.75
2017-06-19,96.34375
2017-06-20,95.03125
2017-06-21,96.625
2017-06-22,100.140625
2017-06-23,110.34375
2017-06-24,191.40625
2017-06-25,317.89062
2017-06-26,213.39062
2017-06-27,131.71875
2017-06-28,136.53125
2017-06-29,247.48438
2017-06-30,200.23438
2017-07-01,156.35938
2017-07-02,123.875
2017-07-03,98.46875
2017-07-04,96.734375
2017-07-05,103.578125
2017-07-06,112.21875
2017-07-07,129.73438
2017-07-08,109.671875
2017-07-09,92.28125
2017-07-10,96.4375
2017-07-11,180.6875
2017-07-12,372.6875
2017-07-13,606.5
2017-07-14,338.20312
2017-07-15,254.6875
2017-07-16,615.125
2017-07-17,768.8125
2017-07-18,363.78125
2017-07-19,352.39062
2017-07-20,294.5
2017-07-21,250.3125
2017-07-22,331.73438
2017-07-23,263.71875
2017-07-24,265.89062
2017-07-25,612.5469
2017-07-26,1587.2656
2017-07-27,1128.1875
2017-07-28,516.09375
2017-07-29,263.57812
2017-07-30,175.01562
2017-07-31,147.59375
2017-08-01,128.8125
2017-08-02,117.703125
2017-08-03,110.265625
2017-08-04,107.1875
2017-08-05,106.125
2017-08-06,102.625
2017-08-07,123.984375
2017-08-08,144.90625
2017-08-09,113.109375
2017-08-10,96.8125
2017-08-11,93.890625
2017-08-12,92.078125
2017-08-13,91.109375
2017-08-14,91.078125
2017-08-15,104.828125
2017-08-16,132.29688
2017-08-17,226.25
2017-08-18,372.57812
2017-08-19,348.71875
2017-08-20,210.05469
2017-08-21,139.85156
2017-08-22,131.46094
2017-08-23,115.703125
2017-08-24,96.875
2017-08-25,97.80469
2017-08-26,320.4922
2017-08-27,879.1875
2017-08-28,465.40625
2017-08-29,233.85938
2017-08-30,206.32812
2017-08-31,249.95312
2017-09-01,284.64844
2017-09-02,173.53125
2017-09-03,124.82031
2017-09-04,108.28906
2017-09-05,115.92969
2017-09-06,155.01562
2017-09-07,230.60156
2017-09-08,186.48438
2017-09-09,126.05469
2017-09-10,126.96875
2017-09-11,132.64844
2017-09-12,116.203125
2017-09-13,95.859375
2017-09-14,335.15625
2017-09-15,1020.8281
2017-09-16,456.14062
2017-09-17,194.64844
2017-09-18,189.75
2017-09-19,164.78125
2017-09-20,130.79688
2017-09-21,115.6875
2017-09-22,107.984375
2017-09-23,150.53906
2017-09-24,232.38281
2017-09-25,194.875
2017-09-26,147.30469
2017-09-27,124.96875
2017-09-28,102.453125
2017-09-29,122.828125
2017-09-30,201.29688
2017-10-01,340.15625
2017-10-02,286.97656
2017-10-03,384.02344
2017-10-04,407.97656
2017-10-05,382.35938
2017-10-06,351.4922
2017-10-07,443.125
2017-10-08,464.8672
2017-10-09,1194.1875
2017-10-10,1363.1094
2017-10-11,618.4453
2017-10-12,330.4297
2017-10-13,288.73438
2017-10-14,207.32031
2017-10-15,146.66406
2017-10-16,122.71875
2017-10-17,114.1875
2017-10-18,110.96875
2017-10-19,161.57812
2017-10-20,219.13281
2017-10-21,158.375
2017-10-22,104.40625
2017-10-23,106.796875
2017-10-24,227.71875
2017-10-25,301.34375
2017-10-26,220.9375
2017-10-27,143.99219
2017-10-28,120.58594
2017-10-29,110.19531
2017-10-30,275.3047
2017-10-31,1051.3828
2017-11-01,1573.5859
2017-11-02,866.40625
2017-11-03,716.21875
2017-11-04,3782.664
2017-11-05,7050.8047
2017-11-06,4131.4766
2017-11-07,3024.5547
2017-11-08,1261.0078
2017-11-09,850.21094
2017-11-10,689.6406
2017-11-11,443.8125
2017-11-12,290.48438
2017-11-13,186.27344
2017-11-14,141.15625
2017-11-15,130.14844
2017-11-16,175.25781
2017-11-17,153.48438
2017-11-18,111.375
2017-11-19,290.8125
2017-11-20,1117.1406
2017-11-21,818.3594
2017-11-22,1470.375
2017-11-23,2587.5547
2017-11-24,1611.6406
2017-11-25,652.125
2017-11-26,352.73438
2017-11-27,344.84375
2017-11-28,372.78125
2017-11-29,387.42188
2017-11-30,261.4375
2017-12-01,323.53125
2017-12-02,858.0
2017-12-03,1388.0469
2017-12-04,1096.7812
2017-12-05,668.2031
2017-12-06,480.67188
2017-12-07,264.8125
2017-12-08,213.6875
2017-12-09,319.0625
2017-12-10,236.92188
2017-12-11,138.32812
2017-12-12,113.609375
2017-12-13,107.171875
2017-12-14,105.5
2017-12-15,103.96875
2017-12-16,238.85938
2017-12-17,854.8125
2017-12-18,459.21875
2017-12-19,226.10938
2017-12-20,156.85938
2017-12-21,126.953125
2017-12-22,118.265625
2017-12-23,112.125
2017-12-24,169.82812
2017-12-25,372.125
2017-12-26,295.45312
2017-12-27,434.39062
2017-12-28,654.875
2017-12-29,380.9375
2017-12-30,351.48438
2017-12-31,280.15625
2018-01-01,271.35938
2018-01-02,206.0
2018-01-03,147.39062
2018-01-04,187.54688
2018-01-05,176.96875
2018-01-06,136.28125
2018-01-07,106.5
2018-01-08,118.21875
2018-01-09,169.51562
2018-01-10,148.39062
2018-01-11,113.78125
2018-01-12,191.6875
2018-01-13,442.82812
2018-01-14,404.09375
2018-01-15,313.85938
2018-01-16,208.15625
2018-01-17,131.17188
2018-01-18,110.9375
2018-01-19,106.34375
2018-01-20,107.515625
2018-01-21,111.3125
2018-01-22,104.828125
2018-01-23,99.171875
2018-01-24,103.328125
2018-01-25,101.25
2018-01-26,96.4375
2018-01-27,97.0625
2018-01-28,102.3125
2018-01-29,106.5625
2018-01-30,120.21875
2018-01-31,109.40625
2018-02-01,103.875
2018-02-02,104.5625
2018-02-03,116.1875
2018-02-04,122.46875
2018-02-05,103.53125
2018-02-06,124.96875
2018-02-07,123.09375
2018-02-08,96.125
2018-02-09,93.1875
2018-02-10,92.5
2018-02-11,97.0625
2018-02-12,222.0625
2018-02-13,291.125
2018-02-14,180.8125
2018-02-15,105.84375
2018-02-16,98.78125
2018-02-17,96.84375
2018-02-18,95.5625
2018-02-19,94.625
2018-02-20,93.71875
2018-02-21,93.09375
2018-02-22,114.53125
2018-02-23,140.375
2018-02-24,153.65625
2018-02-25,123.5
2018-02-26,97.40625
2018-02-27,101.46875
2018-02-28,98.0
2018-03-01,91.46875
2018-03-02,94.5625
2018-03-03,170.96875
2018-03-04,188.5625
2018-03-05,136.625
2018-03-06,98.28125
2018-03-07,94.03125
2018-03-08,95.34375
2018-03-09,189.46875
2018-03-10,180.5
2018-03-11,124.5625
2018-03-12,100.34375
2018-03-13,93.0
2018-03-14,179.9375
2018-03-15,618.71875
2018-03-16,521.15625
2018-03-17,263.84375
2018-03-18,160.65625
2018-03-19,133.8125
2018-03-20,142.125
2018-03-21,276.8125
2018-03-22,249.75
2018-03-23,152.4375
2018-03-24,118.25
2018-03-25,103.71875
2018-03-26,100.21875
2018-03-27,98.0
2018-03-28,96.28125
2018-03-29,101.84375
2018-03-30,201.0
2018-03-31,180.0625
2018-04-01,111.375
2018-04-02,96.78125
2018-04-03,94.59375
2018-04-04,93.375
2018-04-05,92.5
2018-04-06,92.0
2018-04-07,163.46875
2018-04-08,428.09375
2018-04-09,289.25
2018-04-10,143.59375
2018-04-11,111.59375
2018-04-12,104.71875
2018-04-13,100.78125
2018-04-14,105.9375
2018-04-15,106.0
2018-04-16,101.5
2018-04-17,114.71875
2018-04-18,123.1875
2018-04-19,124.125
2018-04-20,136.125
2018-04-21,194.40625
2018-04-22,255.6875
2018-04-23,286.8125
2018-04-24,176.53125
2018-04-25,155.25
2018-04-26,262.03125
2018-04-27,495.3125
2018-04-28,329.4375
2018-04-29,233.6875
2018-04-30,526.8125
2018-05-01,988.875
2018-05-02,536.96875
2018-05-03,252.71875
2018-05-04,168.65625
2018-05-05,175.625
2018-05-06,417.59375
2018-05-07,485.28125
2018-05-08,253.25
2018-05-09,137.25
2018-05-10,135.625
2018-05-11,194.9375
2018-05-12,180.1875
2018-05-13,131.28125
2018-05-14,116.8125
2018-05-15,109.125
2018-05-16,126.21875
2018-05-17,265.6875
2018-05-18,289.875
2018-05-19,239.3125
2018-05-20,228.0
2018-05-21,177.6875
2018-05-22,122.6875
2018-05-23,135.78125
2018-05-24,211.96875
2018-05-25,516.875
2018-05-26,322.9375
2018-05-27,143.9375
2018-05-28,134.65625
2018-05-29,150.75
2018-05-30,185.75
2018-05-31,216.0
2018-06-01,160.75
2018-06-02,110.625
2018-06-03,147.9375
2018-06-04,312.21875
2018-06-05,273.4375
2018-06-06,163.53125
2018-06-07,138.71875
2018-06-08,136.28125
2018-06-09,128.625
2018-06-10,122.90625
2018-06-11,121.59375
2018-06-12,132.21875
2018-06-13,120.0
2018-06-14,103.78125
2018-06-15,112.25
2018-06-16,162.15625
2018-06-17,156.34375
2018-06-18,112.09375
2018-06-19,104.21875
2018-06-20,100.0625
2018-06-21,93.84375
2018-06-22,90.75
2018-06-23,90.6875
2018-06-24,91.8125
2018-06-25,94.03125
2018-06-26,104.125
2018-06-27,157.53125
2018-06-28,195.0
2018-06-29,159.34375
2018-06-30,112.34375
2018-07-01,92.71875
2018-07-02,90.671875
2018-07-03,90.71875
2018-07-04,90.703125
2018-07-05,90.921875
2018-07-06,89.4375
2018-07-07,92.03125
2018-07-08,159.9375
2018-07-09,321.125
2018-07-10,437.1875
2018-07-11,807.4531
2018-07-12,621.40625
2018-07-13,300.76562
2018-07-14,205.82812
2018-07-15,425.4375
2018-07-16,526.53125
2018-07-17,373.46875
2018-07-18,305.875
2018-07-19,419.375
2018-07-20,266.20312
2018-07-21,160.5
2018-07-22,177.04688
2018-07-23,313.875
2018-07-24,239.95312
2018-07-25,140.375
2018-07-26,140.28125
2018-07-27,253.65625
2018-07-28,380.42188
2018-07-29,269.0
2018-07-30,231.70312
2018-07-31,204.1875
2018-08-01,141.40625
2018-08-02,106.953125
2018-08-03,102.875
2018-08-04,102.4375
2018-08-05,112.515625
2018-08-06,279.35938
2018-08-07,418.76562
2018-08-08,233.32812
2018-08-09,247.875
2018-08-10,218.78125
2018-08-11,135.5
2018-08-12,115.515625
2018-08-13,148.85938
2018-08-14,499.28125
2018-08-15,758.28125
2018-08-16,371.53125
2018-08-17,189.35938
2018-08-18,142.23438
2018-08-19,131.4375
2018-08-20,138.98438
2018-08-21,123.59375
2018-08-22,112.765625
2018-08-23,106.21875
2018-08-24,105.90625
2018-08-25,101.796875
2018-08-26,98.03125
2018-08-27,136.51562
2018-08-28,210.73438
2018-08-29,173.625
2018-08-30,111.21875
2018-08-31,104.09375
2018-09-01,96.921875
2018-09-02,93.40625
2018-09-03,106.140625
2018-09-04,115.25
2018-09-05,97.625
2018-09-06,90.25
2018-09-07,93.71875
2018-09-08,172.79688
2018-09-09,207.98438
2018-09-10,340.6875
2018-09-11,453.89062
2018-09-12,325.78125
2018-09-13,352.875
2018-09-14,269.07812
2018-09-15,166.45312
2018-09-16,120.21875
2018-09-17,121.03125
2018-09-18,155.95312
2018-09-19,213.0625
2018-09-20,155.46875
2018-09-21,108.734375
2018-09-22,150.59375
2018-09-23,219.15625
2018-09-24,239.07031
2018-09-25,176.1875
2018-09-26,115.85156
2018-09-27,99.546875
2018-09-28,129.44531
2018-09-29,139.66406
2018-09-30,129.85156
2018-10-01,170.88281
2018-10-02,292.60938
2018-10-03,480.35156
2018-10-04,953.2969
2018-10-05,489.14844
2018-10-06,208.57031
2018-10-07,142.72656
2018-10-08,126.09375
2018-10-09,116.24219
2018-10-10,109.796875
2018-10-11,127.671875
2018-10-12,235.53125
2018-10-13,289.59375
2018-10-14,272.27344
2018-10-15,164.96875
2018-10-16,105.71875
2018-10-17,99.88281
2018-10-18,118.546875
2018-10-19,117.5625
2018-10-20,127.07031
2018-10-21,115.86719
2018-10-22,100.11719
2018-10-23,95.05469
2018-10-24,95.5
2018-10-25,91.890625
2018-10-26,90.78125
2018-10-27,90.83594
2018-10-28,148.63281
2018-10-29,167.13281
2018-10-30,120.015625
2018-10-31,94.41406
2018-11-01,89.6875
2018-11-02,89.05469
2018-11-03,88.72656
2018-11-04,88.57031
2018-11-05,88.296875
2018-11-06,88.21875
2018-11-07,102.75
2018-11-08,168.17188
2018-11-09,178.0625
2018-11-10,129.92969
2018-11-11,98.85156
2018-11-12,89.78125
2018-11-13,88.74219
2018-11-14,88.328125
2018-11-15,87.89844
2018-11-16,87.58594
2018-11-17,87.453125
2018-11-18,87.44531
2018-11-19,87.328125
2018-11-20,87.015625
2018-11-21,86.71094
2018-11-22,91.80469
2018-11-23,204.0
2018-11-24,261.0625
2018-11-25,573.5781
2018-11-26,541.34375
2018-11-27,284.53125
2018-11-28,174.6875
2018-11-29,249.15625
2018-11-30,178.32812
2018-12-01,122.15625
2018-12-02,103.78125
2018-12-03,98.65625
2018-12-04,94.78125
2018-12-05,91.84375
2018-12-06,89.953125
2018-12-07,89.59375
2018-12-08,119.625
2018-12-09,206.71875
2018-12-10,294.59375
2018-12-11,318.0625
2018-12-12,542.7344
2018-12-13,787.7656
2018-12-14,924.6406
2018-12-15,981.5781
2018-12-16,973.4844
2018-12-17,716.2344
2018-12-18,571.0781
2018-12-19,279.375
2018-12-20,154.9375
2018-12-21,132.03125
2018-12-22,119.859375
2018-12-23,111.875
2018-12-24,108.5
2018-12-25,123.203125
2018-12-26,120.875
2018-12-27,99.953125
2018-12-28,152.10938
2018-12-29,578.2031
2018-12-30,1120.5312
2018-12-31,889.75
2019-01-01,521.9375
2019-01-02,331.78125
2019-01-03,249.1875
2019-01-04,180.03125
2019-01-05,139.0
2019-01-06,172.8125
2019-01-07,176.375
2019-01-08,129.25
2019-01-09,104.75
2019-01-10,100.03125
2019-01-11,97.53125
2019-01-12,95.71875
2019-01-13,94.21875
2019-01-14,92.9375
2019-01-15,92.0
2019-01-16,150.1875
2019-01-17,598.3125
2019-01-18,806.03125
2019-01-19,394.96875
2019-01-20,177.40625
2019-01-21,185.03125
2019-01-22,440.90625
2019-01-23,324.625
2019-01-24,170.9375
2019-01-25,119.46875
2019-01-26,110.8125
2019-01-27,142.78125
2019-01-28,134.90625
2019-01-29,101.53125
2019-01-30,97.0625
2019-01-31,95.15625
2019-02-01,93.78125
2019-02-02,92.53125
2019-02-03,91.28125
2019-02-04,90.46875
2019-02-05,89.90625
2019-02-06,89.25
2019-02-07,88.59375
2019-02-08,88.03125
2019-02-09,87.625
2019-02-10,87.28125
2019-02-11,87.0
2019-02-12,86.8125
2019-02-13,86.5625
2019-02-14,86.15625
2019-02-15,85.8125
2019-02-16,85.5625
2019-02-17,85.34375
2019-02-18,85.09375
2019-02-19,84.84375
2019-02-20,84.59375
2019-02-21,84.84375
2019-02-22,86.15625
2019-02-23,85.59375
2019-02-24,84.3125
2019-02-25,84.125
2019-02-26,83.90625
2019-02-27,83.65625
2019-02-28,83.375
2019-03-01,83.1875
2019-03-02,83.03125
2019-03-03,82.8125
2019-03-04,82.65625
2019-03-05,82.46875
2019-03-06,82.3125
2019-03-07,82.1875
2019-03-08,82.09375
2019-03-09,83.28125
2019-03-10,83.53125
2019-03-11,81.875
2019-03-12,84.09375
2019-03-13,84.3125
2019-03-14,81.71875
2019-03-15,87.34375
2019-03-16,88.28125
2019-03-17,82.90625
2019-03-18,82.21875
2019-03-19,82.0
2019-03-20,81.84375
2019-03-21,81.65625
2019-03-22,81.5
2019-03-23,81.53125
2019-03-24,83.65625
2019-03-25,124.28125
2019-03-26,117.6875
2019-03-27,84.65625
2019-03-28,81.09375
2019-03-29,81.1875
2019-03-30,106.40625
2019-03-31,152.625
2019-04-01,144.75
2019-04-02,110.1875
2019-04-03,90.21875
2019-04-04,83.71875
2019-04-05,83.03125
2019-04-06,81.75
2019-04-07,81.9375
2019-04-08,82.84375
2019-04-09,89.5625
2019-04-10,90.9375
2019-04-11,92.71875
2019-04-12,100.59375
2019-04-13,125.25
2019-04-14,133.15625
2019-04-15,145.375
2019-04-16,175.5625
2019-04-17,144.6875
2019-04-18,122.71875
2019-04-19,109.5
2019-04-20,88.5625
2019-04-21,102.34375
2019-04-22,110.4375
2019-04-23,88.75
2019-04-24,82.46875
2019-04-25,81.1875
2019-04-26,80.53125
2019-04-27,80.3125
2019-04-28,96.6875
2019-04-29,137.53125
2019-04-30,136.03125
2019-05-01,104.5
2019-05-02,107.28125
2019-05-03,121.375
2019-05-04,147.53125
2019-05-05,198.46875
2019-05-06,135.6875
2019-05-07,100.03125
2019-05-08,258.125
2019-05-09,536.375
2019-05-10,627.5
2019-05-11,473.09375
2019-05-12,469.28125
2019-05-13,370.125
2019-05-14,248.46875
2019-05-15,150.34375
2019-05-16,113.53125
2019-05-17,102.0
2019-05-18,95.625
2019-05-19,92.03125
2019-05-20,89.46875
2019-05-21,87.8125
2019-05-22,107.6875
2019-05-23,346.125
2019-05-24,507.25
2019-05-25,297.84375
2019-05-26,319.875
2019-05-27,223.3125
2019-05-28,145.75
2019-05-29,185.40625
2019-05-30,323.90625
2019-05-31,301.28125
2019-06-01,477.03125
2019-06-02,402.09375
2019-06-03,277.46875
2019-06-04,239.34375
2019-06-05,310.71875
2019-06-06,212.625
2019-06-07,205.90625
2019-06-08,259.84375
2019-06-09,189.125
2019-06-10,122.34375
2019-06-11,107.3125
2019-06-12,93.09375
2019-06-13,93.03125
2019-06-14,93.71875
2019-06-15,90.1875
2019-06-16,86.53125
2019-06-17,85.125
2019-06-18,99.6875
2019-06-19,126.5625
2019-06-20,100.3125
2019-06-21,85.5625
2019-06-22,88.46875
2019-06-23,92.46875
2019-06-24,85.09375
2019-06-25,84.5
2019-06-26,87.03125
2019-06-27,82.5625
2019-06-28,80.90625
2019-06-29,80.5
2019-06-30,80.28125
2019-07-01,80.71875
2019-07-02,252.5625
2019-07-03,654.375
2019-07-04,352.75
2019-07-05,158.0625
2019-07-06,124.625
2019-07-07,110.84375
2019-07-08,102.4375
2019-07-09,96.609375
2019-07-10,92.578125
2019-07-11,89.765625
2019-07-12,87.546875
2019-07-13,85.6875
2019-07-14,84.375
2019-07-15,83.40625
2019-07-16,82.921875
2019-07-17,89.609375
2019-07-18,96.640625
2019-07-19,85.046875
2019-07-20,81.171875
2019-07-21,80.890625
2019-07-22,82.515625
2019-07-23,81.703125
2019-07-24,83.328125
2019-07-25,86.140625
2019-07-26,81.296875
2019-07-27,83.109375
2019-07-28,85.953125
2019-07-29,94.0
2019-07-30,93.796875
2019-07-31,112.796875
2019-08-01,199.51562
2019-08-02,188.17188
2019-08-03,111.875
2019-08-04,91.3125
2019-08-05,85.734375
2019-08-06,86.890625
2019-08-07,100.609375
2019-08-08,100.75
2019-08-09,88.453125
2019-08-10,107.71875
2019-08-11,100.75
2019-08-12,91.078125
2019-08-13,81.71875
2019-08-14,78.921875
2019-08-15,78.4375
2019-08-16,78.984375
2019-08-17,78.484375
2019-08-18,77.640625
2019-08-19,77.109375
2019-08-20,77.6875
2019-08-21,81.390625
2019-08-22,79.734375
2019-08-23,78.109375
2019-08-24,78.265625
2019-08-25,84.765625
2019-08-26,85.6875
2019-08-27,81.03125
2019-08-28,91.75
2019-08-29,660.34375
2019-08-30,997.3125
2019-08-31,453.04688
2019-09-01,239.32812
2019-09-02,1246.6406
2019-09-03,2960.375
2019-09-04,2430.5781
2019-09-05,1042.2891
2019-09-06,430.03906
2019-09-07,258.4922
2019-09-08,198.49219
2019-09-09,159.20312
2019-09-10,132.77344
2019-09-11,117.36719
2019-09-12,106.859375
2019-09-13,107.44531
2019-09-14,113.921875
2019-09-15,97.78906
2019-09-16,88.71094
2019-09-17,92.125
2019-09-18,96.578125
2019-09-19,117.328125
2019-09-20,320.64844
2019-09-21,401.45312
2019-09-22,345.54688
2019-09-23,193.47656
2019-09-24,117.11719
2019-09-25,102.953125
2019-09-26,118.953125
2019-09-27,120.515625
2019-09-28,96.953125
2019-09-29,83.49219
2019-09-30,81.453125
2019-10-01,80.359375
2019-10-02,79.60156
2019-10-03,81.47656
2019-10-04,90.28125
2019-10-05,88.57031
2019-10-06,79.078125
2019-10-07,77.625
2019-10-08,77.32031
2019-10-09,80.671875
2019-10-10,101.11719
2019-10-11,103.25781
2019-10-12,90.64844
2019-10-13,78.296875
2019-10-14,77.90625
2019-10-15,133.78906
2019-10-16,222.16406
2019-10-17,357.22656
2019-10-18,303.82812
2019-10-19,208.90625
2019-10-20,168.36719
2019-10-21,117.33594
2019-10-22,88.234375
2019-10-23,83.91406
2019-10-24,82.19531
2019-10-25,81.203125
2019-10-26,93.640625
2019-10-27,91.984375
2019-10-28,83.875
2019-10-29,82.71094
2019-10-30,1048.9375
2019-10-31,2916.7656
2019-11-01,1979.4141
2019-11-02,834.8047
2019-11-03,420.52344
2019-11-04,237.28125
2019-11-05,167.78906
2019-11-06,139.57031
2019-11-07,122.28125
2019-11-08,111.96094
2019-11-09,117.53906
2019-11-10,356.66406
2019-11-11,1231.5391
2019-11-12,928.5703
2019-11-13,414.4375
2019-11-14,243.11719
2019-11-15,179.17188
2019-11-16,130.64844
2019-11-17,111.39844
2019-11-18,103.05469
2019-11-19,101.32031
2019-11-20,113.515625
2019-11-21,158.125
2019-11-22,124.078125
2019-11-23,89.375
2019-11-24,84.09375
2019-11-25,82.46875
2019-11-26,109.203125
2019-11-27,299.20312
2019-11-28,710.9219
2019-11-29,1145.1094
2019-11-30,708.40625
2019-12-01,366.26562
2019-12-02,214.23438
2019-12-03,338.07812
2019-12-04,313.95312
2019-12-05,203.40625
2019-12-06,140.28125
2019-12-07,113.15625
2019-12-08,96.3125
2019-12-09,92.9375
2019-12-10,91.28125
2019-12-11,85.71875
2019-12-12,84.578125
2019-12-13,117.71875
2019-12-14,114.96875
2019-12-15,95.953125
2019-12-16,93.09375
2019-12-17,83.1875
2019-12-18,81.609375
2019-12-19,81.078125
2019-12-20,81.328125
2019-12-21,80.828125
2019-12-22,79.828125
2019-12-23,79.328125
2019-12-24,79.0
2019-12-25,78.765625
2019-12-26,78.375
2019-12-27,78.328125
2019-12-28,88.53125
2019-12-29,87.671875
2019-12-30,81.703125
2019-12-31,85.015625
2020-01-01,155.46875
2020-01-02,168.73438
2020-01-03,154.78125
2020-01-04,117.28125
2020-01-05,83.625
2020-01-06,80.40625
2020-01-07,79.09375
2020-01-08,78.71875
2020-01-09,78.4375
2020-01-10,78.0625
2020-01-11,77.84375
2020-01-12,77.6875
2020-01-13,78.1875
2020-01-14,77.4375
2020-01-15,76.90625
2020-01-16,76.65625
2020-01-17,76.5625
2020-01-18,76.46875
2020-01-19,76.4375
2020-01-20,76.28125
2020-01-21,76.03125
2020-01-22,75.71875
2020-01-23,75.46875
2020-01-24,75.328125
2020-01-25,75.21875
2020-01-26,75.203125
2020-01-27,75.265625
2020-01-28,76.8125
2020-01-29,131.0
2020-01-30,178.04688
2020-01-31,127.125
2020-02-01,85.453125
2020-02-02,78.15625
2020-02-03,76.859375
2020-02-04,76.390625
2020-02-05,76.015625
2020-02-06,75.5625
2020-02-07,75.15625
2020-02-08,75.09375
2020-02-09,78.953125
2020-02-10,88.21875
2020-02-11,85.390625
2020-02-12,76.8125
2020-02-13,74.71875
2020-02-14,74.328125
2020-02-15,74.046875
2020-02-16,73.890625
2020-02-17,75.9375
2020-02-18,118.375
2020-02-19,170.82812
2020-02-20,124.125
2020-02-21,80.84375
2020-02-22,77.71875
2020-02-23,76.71875
2020-02-24,75.375
2020-02-25,74.75
2020-02-26,74.421875
2020-02-27,74.203125
2020-02-28,73.875
2020-02-29,73.609375
2020-03-01,73.34375
2020-03-02,73.125
2020-03-03,73.03125
2020-03-04,73.6875
2020-03-05,96.25
2020-03-06,93.875
2020-03-07,77.25
2020-03-08,76.0625
2020-03-09,72.90625
2020-03-10,72.53125
2020-03-11,72.59375
2020-03-12,72.46875
2020-03-13,72.1875
2020-03-14,72.9375
2020-03-15,73.09375
2020-03-16,72.9375
2020-03-17,72.71875
2020-03-18,72.6875
2020-03-19,76.09375
2020-03-20,81.0
2020-03-21,77.65625
2020-03-22,72.875
2020-03-23,72.3125
2020-03-24,71.34375
2020-03-25,75.21875
2020-03-26,76.59375
2020-03-27,72.53125
2020-03-28,72.34375
2020-03-29,70.84375
2020-03-30,70.59375
2020-03-31,70.4375
2020-04-01,70.28125
2020-04-02,70.15625
2020-04-03,70.40625
2020-04-04,70.65625
2020-04-05,70.03125
2020-04-06,70.15625
2020-04-07,70.875
2020-04-08,72.0625
2020-04-09,72.46875
2020-04-10,70.9375
2020-04-11,69.84375
2020-04-12,76.0625
2020-04-13,103.03125
2020-04-14,87.6875
2020-04-15,72.5
2020-04-16,70.8125
2020-04-17,70.53125
2020-04-18,78.03125
2020-04-19,89.59375
2020-04-20,80.53125
2020-04-21,70.9375
2020-04-22,70.09375
2020-04-23,72.1875
2020-04-24,72.03125
2020-04-25,82.0
2020-04-26,85.375
2020-04-27,76.28125
2020-04-28,74.8125
2020-04-29,70.71875
2020-04-30,69.71875
2020-05-01,69.40625
2020-05-02,69.25
2020-05-03,69.15625
2020-05-04,69.03125
2020-05-05,68.8125
2020-05-06,68.65625
2020-05-07,68.8125
2020-05-08,68.90625
2020-05-09,68.34375
2020-05-10,68.1875
2020-05-11,68.09375
2020-05-12,68.0
2020-05-13,67.84375
2020-05-14,67.78125
2020-05-15,68.03125
2020-05-16,68.3125
2020-05-17,67.84375
2020-05-18,67.9375
2020-05-19,67.96875
2020-05-20,67.8125
2020-05-21,68.65625
2020-05-22,69.5625
2020-05-23,375.96875
2020-05-24,413.0
2020-05-25,223.0
2020-05-26,147.75
2020-05-27,187.75
2020-05-28,156.78125
2020-05-29,111.40625
2020-05-30,129.0
2020-05-31,119.125
2020-06-01,172.84375
2020-06-02,156.375
2020-06-03,125.375
2020-06-04,150.4375
2020-06-05,123.5
2020-06-06,83.9375
2020-06-07,77.53125
2020-06-08,73.6875
2020-06-09,72.0625
2020-06-10,71.25
2020-06-11,80.46875
2020-06-12,119.4375
2020-06-13,110.34375
2020-06-14,76.46875
2020-06-15,100.0
2020-06-16,108.1875
2020-06-17,86.0625
2020-06-18,81.90625
2020-06-19,71.65625
2020-06-20,69.46875
2020-06-21,68.96875
2020-06-22,68.65625
2020-06-23,68.578125
2020-06-24,68.453125
2020-06-25,67.921875
2020-06-26,68.5
2020-06-27,75.3125
2020-06-28,97.09375
2020-06-29,104.578125
2020-06-30,96.4375
2020-07-01,83.296875
2020-07-02,75.078125
2020-07-03,77.46875
2020-07-04,86.21875
2020-07-05,82.578125
2020-07-06,71.234375
2020-07-07,72.6875
2020-07-08,74.109375
2020-07-09,69.8125
2020-07-10,67.5
2020-07-11,67.09375
2020-07-12,68.53125
2020-07-13,81.28125
2020-07-14,108.109375
2020-07-15,125.65625
2020-07-16,133.625
2020-07-17,118.859375
2020-07-18,103.84375
2020-07-19,106.890625
2020-07-20,93.609375
2020-07-21,90.46875
2020-07-22,98.109375
2020-07-23,129.07812
2020-07-24,181.46875
2020-07-25,134.73438
2020-07-26,95.0
2020-07-27,126.0625
2020-07-28,253.53125
2020-07-29,405.89062
2020-07-30,290.23438
2020-07-31,391.4375
2020-08-01,646.7344
2020-08-02,502.26562
2020-08-03,278.78125
2020-08-04,164.8125
2020-08-05,131.0
2020-08-06,205.95312
2020-08-07,282.57812
2020-08-08,246.54688
2020-08-09,357.875
2020-08-10,289.28125
2020-08-11,155.92188
2020-08-12,106.84375
2020-08-13,158.35938
2020-08-14,128.65625
2020-08-15,92.015625
2020-08-16,106.375
2020-08-17,124.40625
2020-08-18,301.48438
2020-08-19,509.29688
2020-08-20,466.875
2020-08-21,344.1875
2020-08-22,374.03906
2020-08-23,379.85938
2020-08-24,223.35938
2020-08-25,115.53906
2020-08-26,94.02344
2020-08-27,88.02344
2020-08-28,86.92969
2020-08-29,87.1875
2020-08-30,87.59375
2020-08-31,93.75
2020-09-01,104.75781
2020-09-02,106.69531
2020-09-03,94.64844
2020-09-04,94.609375
2020-09-05,81.21094
2020-09-06,89.52344
2020-09-07,79.85156
2020-09-08,76.47656
2020-09-09,93.49219
2020-09-10,215.30469
2020-09-11,360.95312
2020-09-12,263.10156
2020-09-13,180.75
2020-09-14,134.47656
2020-09-15,104.97656
2020-09-16,87.96875
2020-09-17,1483.5547
2020-09-18,3296.4766
2020-09-19,1534.7734
2020-09-20,581.96094
2020-09-21,387.51562
2020-09-22,346.39062
2020-09-23,282.6328
2020-09-24,178.0
2020-09-25,127.38281
2020-09-26,133.13281
2020-09-27,119.99219
2020-09-28,126.34375
2020-09-29,148.79688
2020-09-30,205.10156
2020-10-01,276.0547
2020-10-02,202.28125
2020-10-03,187.875
2020-10-04,217.69531
2020-10-05,254.27344
2020-10-06,269.89844
2020-10-07,1395.8828
2020-10-08,2665.625
2020-10-09,2260.8906
2020-10-10,2649.6484
2020-10-11,4118.3125
2020-10-12,4407.3047
2020-10-13,1606.9766
2020-10-14,917.96875
2020-10-15,869.2969
2020-10-16,1201.6719
2020-10-17,2735.1484
2020-10-18,3789.8828
2020-10-19,2141.7969
2020-10-20,1444.5391
2020-10-21,1211.3984
2020-10-22,589.7656
2020-10-23,268.03906
2020-10-24,198.04688
2020-10-25,422.60938
2020-10-26,553.27344
2020-10-27,575.9297
2020-10-28,3010.6406
2020-10-29,5234.586
2020-10-30,1442.2656
2020-10-31,635.39844
2020-11-01,692.5625
2020-11-02,417.1172
2020-11-03,219.71094
2020-11-04,147.60156
2020-11-05,319.75
2020-11-06,1307.9844
2020-11-07,1570.0234
2020-11-08,542.4375
2020-11-09,435.84375
2020-11-10,2086.4688
2020-11-11,5006.172
2020-11-12,2917.0234
2020-11-13,950.1328
2020-11-14,600.1094
2020-11-15,1316.4766
2020-11-16,654.8281
2020-11-17,306.1875
2020-11-18,188.52344
2020-11-19,137.44531
2020-11-20,119.96094
2020-11-21,109.015625
2020-11-22,101.453125
2020-11-23,94.65625
2020-11-24,114.13281
2020-11-25,163.59375
2020-11-26,166.0625
2020-11-27,239.78125
2020-11-28,653.6719
2020-11-29,1689.5781
2020-11-30,1716.2656
2020-12-01,1928.875
2020-12-02,1338.8047
2020-12-03,609.83594
2020-12-04,456.39844
2020-12-05,293.01562
2020-12-06,209.70312
2020-12-07,155.9375
2020-12-08,138.78906
2020-12-09,137.86719
2020-12-10,106.30469
2020-12-11,94.32031
2020-12-12,109.609375
2020-12-13,95.890625
2020-12-14,146.6875
2020-12-15,539.83594
2020-12-16,559.4219
2020-12-17,777.2031
2020-12-18,613.2969
2020-12-19,661.5
2020-12-20,614.8906
2020-12-21,406.46875
2020-12-22,232.59375
2020-12-23,143.8125
2020-12-24,117.875
2020-12-25,148.26562
2020-12-26,181.1875
2020-12-27,134.0
2020-12-28,96.515625
2020-12-29,90.8125
2020-12-30,134.0625
2020-12-31,520.0469
2021-01-01,418.45312
2021-01-02,204.625
2021-01-03,125.53125
2021-01-04,144.89062
2021-01-05,147.73438
2021-01-06,201.92188
2021-01-07,242.85938
2021-01-08,354.34375
2021-01-09,650.0781
2021-01-10,427.17188
2021-01-11,271.79688
2021-01-12,236.4375
2021-01-13,166.21875
2021-01-14,109.640625
2021-01-15,99.875
2021-01-16,94.9375
2021-01-17,123.546875
2021-01-18,411.42188
2021-01-19,280.95312
2021-01-20,129.53125
2021-01-21,102.828125
2021-01-22,96.609375
2021-01-23,93.46875
2021-01-24,90.53125
2021-01-25,87.625
2021-01-26,85.84375
2021-01-27,84.59375
2021-01-28,85.1875
2021-01-29,101.4375
2021-01-30,100.8125
2021-01-31,84.90625
2021-02-01,83.84375
2021-02-02,82.9375
2021-02-03,80.59375
2021-02-04,80.21875
2021-02-05,81.625
2021-02-06,84.09375
2021-02-07,82.40625
2021-02-08,79.5
2021-02-09,79.59375
2021-02-10,89.65625
2021-02-11,92.21875
2021-02-12,80.15625
2021-02-13,78.40625
2021-02-14,78.0625
2021-02-15,77.75
2021-02-16,77.46875
2021-02-17,77.40625
2021-02-18,77.875
2021-02-19,93.78125
2021-02-20,92.09375
2021-02-21,78.71875
2021-02-22,76.96875
2021-02-23,76.71875
2021-02-24,76.5
2021-02-25,76.28125
2021-02-26,76.125
2021-02-27,76.03125
2021-02-28,76.5625
2021-03-01,77.34375
2021-03-02,86.625
2021-03-03,168.375
2021-03-04,127.71875
2021-03-05,80.21875
2021-03-06,77.03125
2021-03-07,76.53125
2021-03-08,76.34375
2021-03-09,76.09375
2021-03-10,75.8125
2021-03-11,75.53125
2021-03-12,75.34375
2021-03-13,75.15625
2021-03-14,74.96875
2021-03-15,75.59375
2021-03-16,75.53125
2021-03-17,75.375
2021-03-18,75.15625
2021-03-19,74.96875
2021-03-20,74.84375
2021-03-21,74.96875
2021-03-22,96.40625
2021-03-23,209.90625
2021-03-24,175.90625
2021-03-25,102.40625
2021-03-26,83.625
2021-03-27,79.9375
2021-03-28,78.28125
2021-03-29,77.1875
2021-03-30,76.34375
2021-03-31,75.53125
2021-04-01,75.0
2021-04-02,80.875
2021-04-03,83.90625
2021-04-04,78.21875
2021-04-05,74.46875
2021-04-06,73.78125
2021-04-07,73.46875
2021-04-08,73.375
2021-04-09,82.3125
2021-04-10,83.78125
2021-04-11,73.78125
2021-04-12,72.875
2021-04-13,72.65625
2021-04-14,72.625
2021-04-15,83.84375
2021-04-16,117.875
2021-04-17,112.15625
2021-04-18,87.90625
2021-04-19,102.9375
2021-04-20,457.25
2021-04-21,676.09375
2021-04-22,387.28125
2021-04-23,308.5
2021-04-24,189.375
2021-04-25,116.53125
2021-04-26,105.9375
2021-04-27,98.625
2021-04-28,89.84375
2021-04-29,85.71875
2021-04-30,83.0
2021-05-01,84.0625
2021-05-02,117.9375
2021-05-03,133.9375
2021-05-04,106.21875
2021-05-05,89.125
2021-05-06,78.78125
2021-05-07,75.75
2021-05-08,74.875
2021-05-09,74.28125
2021-05-10,74.21875
2021-05-11,108.5625
2021-05-12,118.34375
2021-05-13,103.34375
2021-05-14,101.5
2021-05-15,129.25
2021-05-16,136.375
2021-05-17,88.28125
2021-05-18,78.40625
2021-05-19,79.875
2021-05-20,113.65625
2021-05-21,112.21875
2021-05-22,79.8125
2021-05-23,90.34375
2021-05-24,103.5
2021-05-25,196.875
2021-05-26,210.4375
2021-05-27,166.125
2021-05-28,219.96875
2021-05-29,171.875
2021-05-30,93.5625
2021-05-31,81.5625
2021-06-01,79.0
2021-06-02,77.375
2021-06-03,80.875
2021-06-04,84.40625
2021-06-05,76.0625
2021-06-06,76.6875
2021-06-07,83.84375
2021-06-08,96.03125
2021-06-09,97.1875
2021-06-10,83.84375
2021-06-11,102.96875
2021-06-12,243.46875
2021-06-13,281.28125
2021-06-14,179.90625
2021-06-15,94.1875
2021-06-16,82.8125
2021-06-17,78.96875
2021-06-18,79.5
2021-06-19,80.75
2021-06-20,74.9375
2021-06-21,73.28125
2021-06-22,72.75
2021-06-23,72.34375
2021-06-24,72.0625
2021-06-25,72.875
2021-06-26,77.0625
2021-06-27,76.15625
2021-06-28,72.109375
2021-06-29,71.03125
2021-06-30,70.765625
2021-07-01,70.59375
2021-07-02,70.421875
2021-07-03,70.234375
2021-07-04,70.109375
2021-07-05,70.375
2021-07-06,71.015625
2021-07-07,73.65625
2021-07-08,83.375
2021-07-09,126.703125
2021-07-10,140.54688
2021-07-11,105.1875
2021-07-12,97.984375
2021-07-13,142.28125
2021-07-14,213.04688
2021-07-15,202.84375
2021-07-16,138.78125
2021-07-17,167.9375
2021-07-18,158.53125
2021-07-19,114.09375
2021-07-20,141.95312
2021-07-21,132.01562
2021-07-22,87.875
2021-07-23,87.25
2021-07-24,124.453125
2021-07-25,207.10938
2021-07-26,172.23438
2021-07-27,101.0625
2021-07-28,80.765625
2021-07-29,76.28125
2021-07-30,75.109375
2021-07-31,73.390625
2021-08-01,72.34375
2021-08-02,72.09375
2021-08-03,71.625
2021-08-04,71.78125
2021-08-05,71.96875
2021-08-06,71.25
2021-08-07,70.140625
2021-08-08,69.484375
2021-08-09,69.265625
2021-08-10,69.1875
2021-08-11,69.59375
2021-08-12,75.15625
2021-08-13,77.8125
2021-08-14,70.5
2021-08-15,70.8125
2021-08-16,72.703125
2021-08-17,70.859375
2021-08-18,74.125
2021-08-19,79.203125
2021-08-20,89.9375
2021-08-21,97.78125
2021-08-22,99.640625
2021-08-23,88.890625
2021-08-24,87.15625
2021-08-25,104.17969
2021-08-26,145.58594
2021-08-27,253.75781
2021-08-28,336.75
2021-08-29,250.04688
2021-08-30,207.89062
2021-08-31,179.51562
2021-09-01,216.97656
2021-09-02,467.39062
2021-09-03,444.3672
2021-09-04,288.0
2021-09-05,289.84375
2021-09-06,313.875
2021-09-07,240.48438
2021-09-08,227.89062
2021-09-09,388.45312
2021-09-10,757.21875
2021-09-11,2003.9688
2021-09-12,4214.7266
2021-09-13,3068.539
2021-09-14,901.6719
2021-09-15,526.4375
2021-09-16,364.90625
2021-09-17,274.96875
2021-09-18,282.3203
2021-09-19,193.26562
2021-09-20,165.28906
2021-09-21,513.97656
2021-09-22,595.77344
2021-09-23,1252.7188
2021-09-24,2735.2734
2021-09-25,1108.7891
2021-09-26,579.7656
2021-09-27,332.23438
2021-09-28,193.90625
2021-09-29,156.39062
2021-09-30,125.90625
2021-10-01,107.61719
2021-10-02,98.96094
2021-10-03,92.890625
2021-10-04,88.77344
2021-10-05,106.296875
2021-10-06,1250.6797
2021-10-07,4629.3203
2021-10-08,4360.3047
2021-10-09,1360.0781
2021-10-10,448.9297
2021-10-11,257.9375
2021-10-12,207.97656
2021-10-13,286.4375
2021-10-14,458.65625
2021-10-15,1084.6797
2021-10-16,4579.4688
2021-10-17,5935.508
2021-10-18,3239.7344
2021-10-19,896.96094
2021-10-20,362.9297
2021-10-21,274.7422
2021-10-22,505.75
2021-10-23,1839.2188
2021-10-24,2376.336
2021-10-25,1233.6484
2021-10-26,534.97656
2021-10-27,624.0156
2021-10-28,686.03125
2021-10-29,462.8125
2021-10-30,348.3672
2021-10-31,338.10156
2021-11-01,234.96094
2021-11-02,142.32031
2021-11-03,110.578125
2021-11-04,100.36719
2021-11-05,93.984375
2021-11-06,89.97656
2021-11-07,87.0625
2021-11-08,313.53125
2021-11-09,1211.9141
2021-11-10,568.9297
2021-11-11,244.41406
2021-11-12,190.19531
2021-11-13,415.15625
2021-11-14,800.78906
2021-11-15,887.16406
2021-11-16,830.60156
2021-11-17,668.60156
2021-11-18,740.75
2021-11-19,483.1328
2021-11-20,231.09375
2021-11-21,134.14844
2021-11-22,120.3125
2021-11-23,291.4375
2021-11-24,769.77344
2021-11-25,556.9844
2021-11-26,291.08594
2021-11-27,236.59375
2021-11-28,1051.3125
2021-11-29,2654.0469
2021-11-30,2334.375
2021-12-01,912.6875
2021-12-02,399.45312
2021-12-03,327.5
2021-12-04,227.21875
2021-12-05,144.10938
2021-12-06,144.42188
2021-12-07,136.76562
2021-12-08,105.21875
2021-12-09,123.296875
2021-12-10,126.640625
2021-12-11,102.796875
2021-12-12,106.984375
2021-12-13,246.0625
2021-12-14,238.65625
2021-12-15,180.90625
2021-12-16,128.10938
2021-12-17,109.765625
2021-12-18,349.75
2021-12-19,608.25
2021-12-20,671.40625
2021-12-21,307.01562
2021-12-22,135.20312
2021-12-23,119.484375
2021-12-24,195.15625
2021-12-25,254.53125
2021-12-26,763.625
2021-12-27,976.03125
2021-12-28,724.1094
2021-12-29,424.35938
2021-12-30,302.29688
2021-12-31,322.03125
2022-01-01,240.29688
2022-01-02,276.125
2022-01-03,315.75
2022-01-04,204.85938
2022-01-05,124.078125
2022-01-06,100.84375
2022-01-07,96.46875
2022-01-08,95.875
2022-01-09,113.0
2022-01-10,99.0
2022-01-11,90.84375
2022-01-12,160.25
2022-01-13,134.90625
2022-01-14,89.8125
2022-01-15,85.59375
2022-01-16,84.234375
2022-01-17,83.421875
2022-01-18,109.609375
2022-01-19,274.28125
2022-01-20,246.76562
2022-01-21,135.46875
2022-01-22,93.421875
2022-01-23,88.375
2022-01-24,87.796875
2022-01-25,87.5625
2022-01-26,85.578125
2022-01-27,83.15625
2022-01-28,82.203125
2022-01-29,81.546875
2022-01-30,81.359375
2022-01-31,115.609375
2022-02-01,129.25
2022-02-02,100.703125
2022-02-03,82.140625
2022-02-04,84.359375
2022-02-05,171.25
2022-02-06,249.85938
2022-02-07,162.20312
2022-02-08,92.25
2022-02-09,86.078125
2022-02-10,84.578125
2022-02-11,83.453125
2022-02-12,82.515625
2022-02-13,82.234375
2022-02-14,96.046875
2022-02-15,98.828125
2022-02-16,97.6875
2022-02-17,101.921875
2022-02-18,210.89062
2022-02-19,283.90625
2022-02-20,591.03125
2022-02-21,295.5625
2022-02-22,130.84375
2022-02-23,112.53125
2022-02-24,103.875
2022-02-25,100.15625
2022-02-26,100.6875
2022-02-27,130.53125
2022-02-28,126.71875
2022-03-01,93.5
2022-03-02,86.375
2022-03-03,84.9375
2022-03-04,83.53125
2022-03-05,82.59375
2022-03-06,81.8125
2022-03-07,81.71875
2022-03-08,116.5
2022-03-09,111.9375
2022-03-10,82.6875
2022-03-11,80.0
2022-03-12,79.53125
2022-03-13,79.0625
2022-03-14,78.59375
2022-03-15,79.28125
2022-03-16,79.3125
2022-03-17,81.0625
2022-03-18,98.125
2022-03-19,137.34375
2022-03-20,144.75
2022-03-21,136.25
2022-03-22,155.90625
2022-03-23,246.375
2022-03-24,537.65625
2022-03-25,338.40625
2022-03-26,158.25
2022-03-27,121.84375
2022-03-28,198.21875
2022-03-29,153.75
2022-03-30,136.875
2022-03-31,1367.9375
2022-04-01,5744.25
2022-04-02,6531.2812
2022-04-03,1974.4062
2022-04-04,596.96875
2022-04-05,359.28125
2022-04-06,323.21875
2022-04-07,289.71875
2022-04-08,187.46875
2022-04-09,132.53125
2022-04-10,117.375
2022-04-11,107.8125
2022-04-12,101.0625
2022-04-13,539.75
2022-04-14,1273.8125
2022-04-15,470.375
2022-04-16,271.59375
2022-04-17,195.34375
2022-04-18,132.875
2022-04-19,119.34375
2022-04-20,129.53125
2022-04-21,126.3125
2022-04-22,164.21875
2022-04-23,258.53125
2022-04-24,289.1875
2022-04-25,321.09375
2022-04-26,226.5
2022-04-27,178.375
2022-04-28,154.25
2022-04-29,112.125
2022-04-30,194.3125
2022-05-01,868.4375
2022-05-02,1238.2188
2022-05-03,530.78125
2022-05-04,221.40625
2022-05-05,153.0
2022-05-06,134.96875
2022-05-07,166.53125
2022-05-08,181.65625
2022-05-09,357.40625
2022-05-10,446.59375
2022-05-11,376.5625
2022-05-12,211.5
2022-05-13,154.1875
2022-05-14,129.28125
2022-05-15,237.9375
2022-05-16,427.5625
2022-05-17,428.5625
2022-05-18,232.25
2022-05-19,197.03125
2022-05-20,786.1875
2022-05-21,1519.7812
2022-05-22,770.5625
2022-05-23,308.53125
2022-05-24,175.25
2022-05-25,179.71875
2022-05-26,241.9375
2022-05-27,170.34375
2022-05-28,161.5
2022-05-29,146.78125
2022-05-30,113.3125
2022-05-31,154.34375
2022-06-01,223.90625
2022-06-02,240.71875
2022-06-03,198.5625
2022-06-04,142.84375
2022-06-05,96.28125
2022-06-06,90.0
2022-06-07,91.53125
2022-06-08,92.9375
2022-06-09,89.125
2022-06-10,86.21875
2022-06-11,85.78125
2022-06-12,85.1875
2022-06-13,86.78125
2022-06-14,84.78125
2022-06-15,83.65625
2022-06-16,112.09375
2022-06-17,118.5625
2022-06-18,96.0625
2022-06-19,83.3125
2022-06-20,81.03125
2022-06-21,80.5625
2022-06-22,80.375
2022-06-23,90.40625
2022-06-24,156.625
2022-06-25,239.09375
2022-06-26,252.75
2022-06-27,258.8125
2022-06-28,183.8125
2022-06-29,130.21875
2022-06-30,107.046875
2022-07-01,124.421875
2022-07-02,152.39062
2022-07-03,138.51562
2022-07-04,101.59375
2022-07-05,86.03125
2022-07-06,84.265625
2022-07-07,89.484375
2022-07-08,107.359375
2022-07-09,286.8125
2022-07-10,548.6719
2022-07-11,603.59375
2022-07-12,329.76562
2022-07-13,492.65625
2022-07-14,625.8125
2022-07-15,480.8125
2022-07-16,262.25
2022-07-17,152.01562
2022-07-18,121.015625
2022-07-19,105.875
2022-07-20,249.92188
2022-07-21,681.2344
2022-07-22,402.15625
2022-07-23,266.76562
2022-07-24,240.20312
2022-07-25,165.3125
2022-07-26,109.765625
2022-07-27,101.53125
2022-07-28,116.28125
2022-07-29,142.54688
2022-07-30,127.25
2022-07-31,243.71875
2022-08-01,680.03125
2022-08-02,487.59375
2022-08-03,421.01562
2022-08-04,317.59375
2022-08-05,194.73438
2022-08-06,193.0625
2022-08-07,231.85938
2022-08-08,449.4375
2022-08-09,944.21875
2022-08-10,669.96875
2022-08-11,299.21875
2022-08-12,167.73438
2022-08-13,135.375
2022-08-14,114.640625
2022-08-15,141.39062
2022-08-16,266.1875
2022-08-17,286.40625
2022-08-18,168.0625
2022-08-19,129.85938
2022-08-20,174.40625
2022-08-21,260.09375
2022-08-22,188.23438
2022-08-23,140.65625
2022-08-24,338.125
2022-08-25,352.79688
2022-08-26,216.59375
2022-08-27,137.25
2022-08-28,155.125
2022-08-29,154.11719
2022-08-30,134.39062
2022-08-31,173.52344
2022-09-01,129.67188
2022-09-02,103.74219
2022-09-03,159.61719
2022-09-04,238.16406
2022-09-05,458.5078
2022-09-06,456.53125
2022-09-07,492.90625
2022-09-08,689.875
2022-09-09,439.47656
2022-09-10,472.375
2022-09-11,276.5547
2022-09-12,143.28906
2022-09-13,165.75781
2022-09-14,180.46094
2022-09-15,268.0625
2022-09-16,322.6172
2022-09-17,385.92188
2022-09-18,362.9375
2022-09-19,456.01562
2022-09-20,344.09375
2022-09-21,225.45312
2022-09-22,357.03125
2022-09-23,673.8047
2022-09-24,619.0078
2022-09-25,702.1328
2022-09-26,641.1406
2022-09-27,2588.7969
2022-09-28,7174.742
2022-09-29,2506.8672
2022-09-30,801.7422
2022-10-01,514.0547
2022-10-02,503.60156
2022-10-03,417.2578
2022-10-04,429.77344
2022-10-05,353.14062
2022-10-06,321.1328
2022-10-07,328.45312
2022-10-08,219.4375
2022-10-09,254.82031
2022-10-10,821.6328
2022-10-11,1651.0547
2022-10-12,917.78906
2022-10-13,396.6328
2022-10-14,2039.0703
2022-10-15,6242.289
2022-10-16,1677.6953
2022-10-17,590.97656
2022-10-18,337.3125
2022-10-19,203.82812
2022-10-20,171.76562
2022-10-21,145.10156
2022-10-22,247.49219
2022-10-23,769.28906
2022-10-24,429.3203
2022-10-25,1148.8359
2022-10-26,2301.6797
2022-10-27,957.6094
2022-10-28,364.02344
2022-10-29,235.58594
2022-10-30,272.53125
2022-10-31,203.73438
2022-11-01,133.89062
2022-11-02,118.71094
2022-11-03,110.66406
2022-11-04,105.234375
2022-11-05,101.35156
2022-11-06,98.46875
2022-11-07,96.25
2022-11-08,94.34375
2022-11-09,92.96875
2022-11-10,91.796875
2022-11-11,91.21094
2022-11-12,90.67969
2022-11-13,91.53125
2022-11-14,103.0
2022-11-15,109.82031
2022-11-16,96.67969
2022-11-17,88.57031
2022-11-18,87.74219
2022-11-19,136.52344
2022-11-20,608.77344
2022-11-21,1425.9844
2022-11-22,1862.8359
2022-11-23,780.4297
2022-11-24,404.0078
2022-11-25,369.1172
2022-11-26,254.32812
2022-11-27,258.39844
2022-11-28,229.76562
2022-11-29,209.25
2022-11-30,157.21094
2022-12-01,143.10938
2022-12-02,582.40625
2022-12-03,1364.3438
2022-12-04,871.83594
2022-12-05,767.8047
2022-12-06,1109.0156
2022-12-07,613.53906
2022-12-08,535.59375
2022-12-09,509.40625
2022-12-10,363.08594
2022-12-11,327.90625
2022-12-12,303.59375
2022-12-13,197.38281
2022-12-14,135.65625
2022-12-15,114.66406
2022-12-16,107.796875
2022-12-17,220.64844
2022-12-18,785.3047
2022-12-19,459.1797
2022-12-20,202.82812
2022-12-21,149.42969
2022-12-22,248.78906
2022-12-23,185.07812
2022-12-24,114.05469
2022-12-25,110.32031
2022-12-26,104.91406
2022-12-27,100.875
2022-12-28,100.578125
2022-12-29,229.28906
2022-12-30,667.10156
2022-12-31,414.10156
2023-01-01,194.89844
2023-01-02,127.03125
2023-01-03,134.65625
2023-01-04,258.46875
2023-01-05,409.53125
2023-01-06,453.45312
2023-01-07,339.5
2023-01-08,214.875
2023-01-09,307.32812
2023-01-10,274.96875
2023-01-11,167.75
2023-01-12,121.875
2023-01-13,117.46875
2023-01-14,112.21875
2023-01-15,98.4375
2023-01-16,113.140625
2023-01-17,296.14062
2023-01-18,444.73438
2023-01-19,362.5625
2023-01-20,225.51562
2023-01-21,142.17188
2023-01-22,111.0625
2023-01-23,103.828125
2023-01-24,254.78125
2023-01-25,954.2031
2023-01-26,433.48438
2023-01-27,254.46875
2023-01-28,723.0781
2023-01-29,570.375
2023-01-30,289.8125
2023-01-31,161.92188
2023-02-01,127.859375
2023-02-02,116.921875
2023-02-03,114.125
2023-02-04,109.40625
2023-02-05,101.515625
2023-02-06,98.453125
2023-02-07,96.21875
2023-02-08,94.546875
2023-02-09,93.234375
2023-02-10,92.109375
2023-02-11,91.140625
2023-02-12,90.265625
2023-02-13,89.5
2023-02-14,117.453125
2023-02-15,450.53125
2023-02-16,790.71875
2023-02-17,454.125
2023-02-18,215.17188
2023-02-19,140.5
2023-02-20,128.75
2023-02-21,123.6875
2023-02-22,132.59375
2023-02-23,133.375
2023-02-24,109.03125
2023-02-25,118.9375
2023-02-26,334.15625
2023-02-27,344.5
2023-02-28,269.03125
2023-03-01,202.09375
2023-03-02,147.59375
2023-03-03,112.90625
2023-03-04,100.65625
2023-03-05,105.15625
2023-03-06,101.53125
2023-03-07,94.0
2023-03-08,92.25
2023-03-09,91.28125
2023-03-10,90.40625
2023-03-11,89.625
2023-03-12,89.09375
2023-03-13,88.90625
2023-03-14,100.3125
2023-03-15,98.75
2023-03-16,89.15625
2023-03-17,88.21875
2023-03-18,87.875
2023-03-19,87.5625
2023-03-20,87.25
2023-03-21,86.90625
2023-03-22,86.5625
2023-03-23,86.28125
2023-03-24,86.0625
2023-03-25,86.53125
2023-03-26,87.15625
2023-03-27,108.8125
2023-03-28,235.25
2023-03-29,200.21875
2023-03-30,182.28125
2023-03-31,159.0
2023-04-01,209.34375
2023-04-02,180.65625
2023-04-03,220.78125
2023-04-04,178.40625
2023-04-05,108.78125
2023-04-06,98.25
2023-04-07,102.59375
2023-04-08,96.0
2023-04-09,89.71875
2023-04-10,88.1875
2023-04-11,87.375
2023-04-12,86.8125
2023-04-13,86.40625
2023-04-14,86.03125
2023-04-15,85.96875
2023-04-16,91.5
2023-04-17,92.4375
2023-04-18,88.375
2023-04-19,87.0
2023-04-20,84.59375
2023-04-21,84.25
2023-04-22,84.59375
2023-04-23,86.5
2023-04-24,120.125
2023-04-25,139.875
2023-04-26,111.25
2023-04-27,90.46875
2023-04-28,85.4375
2023-04-29,88.3125
2023-04-30,91.5
2023-05-01,85.96875
2023-05-02,84.15625
2023-05-03,83.71875
2023-05-04,83.40625
2023-05-05,83.125
2023-05-06,82.875
2023-05-07,82.65625
2023-05-08,83.03125
2023-05-09,89.09375
2023-05-10,93.8125
2023-05-11,142.4375
2023-05-12,432.90625
2023-05-13,736.46875
2023-05-14,524.09375
2023-05-15,347.34375
2023-05-16,210.53125
2023-05-17,131.1875
2023-05-18,113.8125
2023-05-19,105.78125
2023-05-20,100.34375
2023-05-21,98.78125
2023-05-22,96.28125
2023-05-23,91.625
2023-05-24,112.65625
2023-05-25,247.9375
2023-05-26,234.875
2023-05-27,177.25
2023-05-28,199.46875
2023-05-29,159.40625
2023-05-30,100.5625
2023-05-31,96.9375
2023-06-01,97.0625
2023-06-02,89.59375
2023-06-03,88.21875
2023-06-04,133.9375
2023-06-05,316.21875
2023-06-06,269.09375
2023-06-07,273.96875
2023-06-08,269.78125
2023-06-09,156.4375
2023-06-10,106.0
2023-06-11,105.75
2023-06-12,105.71875
2023-06-13,101.453125
2023-06-14,90.71875
2023-06-15,87.46875
2023-06-16,88.078125
2023-06-17,122.03125
2023-06-18,143.40625
2023-06-19,110.75
2023-06-20,93.5625
2023-06-21,88.84375
2023-06-22,91.609375
2023-06-23,96.625
2023-06-24,87.9375
2023-06-25,204.8125
2023-06-26,542.6094
2023-06-27,445.28125
2023-06-28,290.20312
2023-06-29,329.82812
2023-06-30,260.82812
2023-07-01,159.71875
2023-07-02,142.34375
2023-07-03,137.29688
2023-07-04,105.8125
2023-07-05,116.609375
2023-07-06,125.953125
2023-07-07,141.98438
2023-07-08,138.65625
2023-07-09,130.75
2023-07-10,145.1875
2023-07-11,137.125
2023-07-12,178.96875
2023-07-13,220.8125
2023-07-14,163.04688
2023-07-15,119.0625
2023-07-16,98.84375
2023-07-17,189.15625
2023-07-18,539.53125
2023-07-19,435.82812
2023-07-20,471.15625
2023-07-21,323.92188
2023-07-22,200.875
2023-07-23,144.32812
2023-07-24,259.42188
2023-07-25,856.2969
2023-07-26,1011.59375
2023-07-27,437.375
2023-07-28,185.28125
2023-07-29,165.71875
2023-07-30,181.90625
2023-07-31,143.9375
2023-08-01,158.71875
2023-08-02,372.70312
2023-08-03,341.17188
2023-08-04,279.98438
2023-08-05,197.03125
2023-08-06,124.96875
2023-08-07,106.84375
2023-08-08,101.96875
2023-08-09,95.11719
2023-08-10,92.109375
2023-08-11,90.265625
2023-08-12,89.046875
2023-08-13,87.99219
2023-08-14,91.140625
2023-08-15,111.09375
2023-08-16,99.83594
2023-08-17,88.984375
2023-08-18,92.67969
2023-08-19,93.77344
2023-08-20,95.515625
2023-08-21,119.88281
2023-08-22,143.375
2023-08-23,113.484375
2023-08-24,102.69531
2023-08-25,94.578125
2023-08-26,88.0
2023-08-27,84.53125
2023-08-28,83.86719
2023-08-29,94.03906
2023-08-30,168.82812
2023-08-31,328.96875
2023-09-01,321.76562
2023-09-02,173.02344
2023-09-03,116.734375
2023-09-04,113.828125
2023-09-05,242.07031
2023-09-06,463.96094
2023-09-07,329.92188
2023-09-08,249.82031
2023-09-09,162.19531
2023-09-10,158.65625
2023-09-11,134.82031
2023-09-12,102.64844
2023-09-13,95.02344
2023-09-14,137.92188
2023-09-15,426.16406
2023-09-16,667.08594
2023-09-17,500.7578
2023-09-18,574.72656
2023-09-19,465.03125
2023-09-20,277.60156
2023-09-21,158.36328
2023-09-22,139.10938
2023-09-23,123.578125
2023-09-24,156.49219
2023-09-25,1165.2344
2023-09-26,2295.4453
2023-09-27,800.53125
2023-09-28,403.90625
2023-09-29,521.40625
2023-09-30,494.29688
2023-10-01,308.6953
2023-10-02,184.66016
2023-10-03,143.96094
2023-10-04,168.39062
2023-10-05,330.1172
2023-10-06,406.80078
2023-10-07,570.0078
2023-10-08,757.0469
2023-10-09,812.21875
2023-10-10,1707.3594
2023-10-11,1399.4688
2023-10-12,849.8242
2023-10-13,1573.1484
2023-10-14,2644.1562
2023-10-15,1708.6484
2023-10-16,1270.5547
2023-10-17,1623.3867
2023-10-18,1776.8164
2023-10-19,875.78125
2023-10-20,326.0664
2023-10-21,207.98828
2023-10-22,166.72656
2023-10-23,198.21484
2023-10-24,521.66797
2023-10-25,371.89844
2023-10-26,270.8086
2023-10-27,206.0625
2023-10-28,204.1211
2023-10-29,202.97656
2023-10-30,277.2422
2023-10-31,569.9531
2023-11-01,680.6289
2023-11-02,626.45703
2023-11-03,380.09766
2023-11-04,203.49219
2023-11-05,131.20703
2023-11-06,125.70703
2023-11-07,128.39453
2023-11-08,151.71094
2023-11-09,191.35938
2023-11-10,183.6211
2023-11-11,140.4414
2023-11-12,106.64453
2023-11-13,232.8164
2023-11-14,668.1836
2023-11-15,800.10156
2023-11-16,874.89453
2023-11-17,1281.543
2023-11-18,547.59375
2023-11-19,223.8164
2023-11-20,179.05469
2023-11-21,210.54688
2023-11-22,169.33594
2023-11-23,119.09766
2023-11-24,110.17578
2023-11-25,122.03516
2023-11-26,281.8047
2023-11-27,378.97266
2023-11-28,224.27344
2023-11-29,118.48047
2023-11-30,123.59375
2023-12-01,309.71094
2023-12-02,863.28516
2023-12-03,681.78516
2023-12-04,415.58594
2023-12-05,305.01562
2023-12-06,187.22656
2023-12-07,155.54688
2023-12-08,284.59375
2023-12-09,186.375
2023-12-10,112.140625
2023-12-11,103.05469
2023-12-12,98.53125
2023-12-13,95.578125
2023-12-14,95.67969
2023-12-15,94.89844
2023-12-16,102.75
2023-12-17,270.77344
2023-12-18,470.6875
2023-12-19,283.33594
2023-12-20,242.19531
2023-12-21,477.9297
2023-12-22,634.84375
2023-12-23,426.41406
2023-12-24,282.78125
2023-12-25,269.78906
2023-12-26,193.65625
2023-12-27,138.03125
2023-12-28,173.28906
2023-12-29,169.88281
2023-12-30,147.42188
2023-12-31,138.95312
