id, latitude          , longitude         , address                                                                                                                        , street_name                                                                                                                           , ward_name                          , ward_id, district_name       , district_id, flood_type, flood_unit, water_level, flood_start        , flood_end          , is_frequent, flood_description                                                                                 , create_time
  , 16.0751426        , 108.2221122       , "Số 15 Quang Trung, Hai Chau, Da Nang 550000, Vietnam"                                                                         ,                                                                                                                                       ,                                    ,        , Phường Hải Châu     ,         769, point     , cm        ,          10, 2026-08-04 17:14:43,                    , False      ,                                                                                                   , 2026-08-04 17:14:59
  , 16.0751253        , 108.2222813       , "09 Quang Trung, 09 Quang Trung, Hải Châu, Đà Nẵng 550000, Vietnam"                                                            ,                                                                                                                                       ,                                    ,        , Phường Hải Châu     ,         769, street    , cm        ,          22, 2026-08-04 14:02:42,                    , False      ,                                                                                                   , 2026-08-04 14:03:12
  , 16.0785429        , 108.2169934       , "Hai Chau, Hai Chau, Da Nang 550000, Vietnam"                                                                                  ,                                                                                                                                       ,                                    ,        , Phường Hải Châu     ,         769, point     , cm        ,          10, 2026-08-02 18:55:30,                    , False      ,                                                                                                   , 2026-08-02 18:56:54
  , 16.0447025        , 108.2392665       , "Test Đà Nẵng, 1/27 Đ. Phan Hành Sơn, Ngũ Hành Sơn, Đà Nẵng 550000, Vietnam"                                                   ,                                                                                                                                       ,                                    ,        , Phường Ngũ Hành Sơn ,         757, street    , cm        ,          30, 2026-08-02 18:27:14,                    , False      ,                                                                                                   , 2026-08-02 18:32:00
  , 16.039722         , 108.181928        , "500/60/56 Tôn Đản, Phường Hòa Phát, Quận Cẩm Lệ, Đà Nẵng, Việt Nam"                                                           , Tôn Đản                                                                                                                               , Phường Hòa Phát                    ,        , Quận Cẩm Lệ         ,            , point     , cm        ,          35, 2025-12-25 10:51:19, 2025-12-25 10:51:19, True       ,                                                                                                   , 2025-12-25 10:54:24
  , 15.9967942        , 108.1341787       , "Túy Loan Tây, Túy Loan Tây, Hòa Phong, Hòa Vang, Đà Nẵng"                                                                     ,                                                                                                                                       ,                                    ,        , Xã Hòa Vang         ,         794, point     , cm        ,         150, 2025-11-03 12:20:56,                    , False      ,                                                                                                   , 2025-11-03 12:21:24
  , 16.0544563        , 108.0717219       , "Đà Nẵng, Đà Nẵng"                                                                                                             ,                                                                                                                                       ,                                    ,        , Xã Bà Nà            ,         762, point     , cm        ,          10, 2025-11-03 12:17:09,                    , True       ,                                                                                                   , 2025-11-03 12:17:42
  , 16.0514141        , 108.163075        , "Đường Gò Dư, Đ. Gò Dư, Hòa Minh, Liên Chiểu, Đà Nẵng 550000"                                                                  , Đường Gò Dư                                                                                                                           ,                                    ,        , Phường Hòa Khánh    ,         793, point     , cm        ,          70, 2025-11-03 05:30:49,                    , True       ,                                                                                                   , 2025-11-03 11:29:05
  , 16.0060917        , 108.1127229       , "Thôn Ninh An, Thôn Ninh An Xã Hoà Nhơn Huyện Hoà Vang TPĐN, 2447+C3Q, Hoà Nhơn, Hòa Vang, Đà Nẵng"                            ,                                                                                                                                       ,                                    ,        , Xã Bà Nà            ,         762, point     , cm        ,         100, 2025-11-03 10:15:48,                    , True       ,                                                                                                   , 2025-11-03 11:16:29
  , 16.0482671        , 108.14714579999999, "146 Phạm Thị Lam Anh, 146 Phạm Thị Lam Anh, Hoà Khánh Nam, Liên Chiểu, Đà Nẵng 550000"                                        ,                                                                                                                                       ,                                    ,        , Phường Hòa Khánh    ,         793, point     , cm        ,         100, 2025-11-03 07:42:55,                    , True       ,                                                                                                   , 2025-11-03 07:43:34
  , 16.0482671        , 108.14714579999999, "146 Phạm Thị Lam Anh, 146 Phạm Thị Lam Anh, Hoà Khánh Nam, Liên Chiểu, Đà Nẵng 550000"                                        ,                                                                                                                                       ,                                    ,        , Phường Hòa Khánh    ,         793, point     , cm        ,         100, 2025-11-03 07:38:04,                    , True       ,                                                                                                   , 2025-11-03 07:40:31
  , 16.062622         , 108.1730189       , "Đường Nguyễn Tường Phổ, Đ. Nguyễn Tường Phổ, Hòa Minh, Liên Chiểu, Đà Nẵng 550000"                                            , Đường Nguyễn Tường Phổ                                                                                                                ,                                    ,        , Phường Thanh Khê    ,         761, point     , cm        ,          70, 2025-11-03 06:27:29,                    , False      ,                                                                                                   , 2025-11-03 06:28:36
  , 16.0608477        , 108.1715949       , "Nam Trân, Nam Trân, Đà Nẵng 550000"                                                                                           ,                                                                                                                                       ,                                    ,        , Phường Thanh Khê    ,         761, point     , cm        ,          50, 2025-11-03 06:26:32,                    , False      ,                                                                                                   , 2025-11-03 06:27:08
  , 16.0760389        , 108.1278984       , "Thanh Vinh 5, Thanh Vinh 5, Hòa Khánh Bắc, Liên Chiểu, Đà Nẵng"                                                               ,                                                                                                                                       ,                                    ,        , Phường Liên Chiểu   ,         792, point     , cm        ,          10, 2025-11-03 06:08:55,                    , False      ,                                                                                                   , 2025-11-03 06:09:41
  , 15.7591551        , 108.3961897       , "Q95W+MF Huyện Thăng Bình, Tỉnh Quảng Nam, Vietnam"                                                                            , Huyện Thăng Bình                                                                                                                      , Xã Bình Triều                      ,        , Huyện Thăng Bình    ,            , point     , cm        ,          20, 2025-10-30 10:12:14, 2025-10-30 10:12:14, False      ,                                                                                                   , 2025-10-30 10:12:16
  , 15.7591105        , 108.3962017       , "Q95W+JF Huyện Thăng Bình, Tỉnh Quảng Nam, Vietnam"                                                                            , Huyện Thăng Bình                                                                                                                      , Xã Bình Triều                      ,        , Huyện Thăng Bình    ,            , point     , cm        ,          20, 2025-10-30 10:11:10, 2025-10-30 10:11:10, False      ,                                                                                                   , 2025-10-30 10:11:12
  , 15.975939         , 108.19657099999999, "Tổ 8, thôn Quan Châu, xã Hoà Châu, huyện Hoà Vang, Thành phố Đà Nẵng, X5GW+9PR, Quang Châu, Hòa Vang, Đà Nẵng 550000"         ,                                                                                                                                       ,                                    ,        , Phường Hòa Xuân     ,         740, point     , cm        ,          10, 2025-10-30 08:52:58,                    , True       ,                                                                                                   , 2025-10-30 08:53:46
  , 16.0049804        , 108.22884379999999, "300 Nguyễn Đình Thi, 300 Nguyễn Đình Thi, Hoà Xuân, Cẩm Lệ, Đà Nẵng 550000"                                                   ,                                                                                                                                       ,                                    ,        , Phường Hòa Xuân     ,         740, point     , cm        ,          40, 2025-10-30 07:41:37,                    , False      ,                                                                                                   , 2025-10-30 07:42:34
  , 15.9830712        , 108.2125225       , "158 Nguyễn Quang Lâm, 158 Nguyễn Quang Lâm, Hoà Xuân, Cẩm Lệ, Đà Nẵng 550000"                                                 ,                                                                                                                                       ,                                    ,        , Phường Hòa Xuân     ,         740, point     , cm        ,          10, 2025-10-30 07:15:57,                    , False      ,                                                                                                   , 2025-10-30 07:17:29
  , 15.9939662        , 108.1949459       , "X5VV+HX Huyện Hòa Vang, Thành Phố Đà Nẵng, Vietnam"                                                                           , Huyện Hòa Vang                                                                                                                        , Xã Hòa Châu                        ,        , Huyện Hòa Vang      ,            , point     , cm        ,          30, 2025-10-30 07:04:55, 2025-10-30 07:04:55, False      ,                                                                                                   , 2025-10-30 07:05:41
  , 15.9874128        , 108.2089374       , "Phù Đổng, Phù Đổng, Hòa Xuân, Hòa Vang, Đà Nẵng 550000"                                                                       ,                                                                                                                                       ,                                    ,        , Phường Hòa Xuân     ,         740, point     , cm        ,          15, 2025-10-30 07:03:35,                    , False      ,                                                                                                   , 2025-10-30 07:04:26
  , 15.992189898007686, 108.20850857075551, "X6R5+VC Quận Cẩm Lệ, Thành Phố Đà Nẵng, Vietnam"                                                                              , Quận Cẩm Lệ                                                                                                                           , Phường Hòa Xuân                    ,        , Quận Cẩm Lệ         ,            , point     , cm        ,          20, 2025-10-30 05:39:05, 2025-10-30 05:39:05, False      ,                                                                                                   , 2025-10-30 05:40:14
  , 16.0677286        , 108.2245453       , "07 Nguyễn Thái Học, Hải Châu, Đà Nẵng 550000, Việt Nam"                                                                       , Nguyễn Thái Học                                                                                                                       , Phường Hải Châu 1                  ,        , Quận Hải Châu       ,            , point     , cm        ,          10, 2025-10-30 05:13:26, 2025-10-30 05:13:26, False      ,                                                                                                   , 2025-10-30 05:14:22
  , 15.980674743652344, 108.21227322846994, "X6J6+7W Quận Cẩm Lệ, Thành Phố Đà Nẵng, Vietnam"                                                                              , Quận Cẩm Lệ                                                                                                                           , Phường Hòa Xuân                    ,        , Quận Cẩm Lệ         ,            , point     , cm        ,          35, 2025-10-30 05:10:00, 2025-10-30 05:10:00, False      , Hơn nửa bánh xe máy                                                                               , 2025-10-30 05:11:05
  , 15.970419         , 108.211618        , "X6C6+5J Huyện Hòa Vang, Thành Phố Đà Nẵng, Vietnam"                                                                           , Huyện Hòa Vang                                                                                                                        , Xã Hòa Phước                       ,        , Huyện Hòa Vang      ,            , point     , cm        ,          10, 2025-10-30 01:57:26, 2025-10-30 01:57:26, False      , Quá bánh xe                                                                                       , 2025-10-30 02:00:01
  , 15.99657          , 108.1994591       , "Phan Thúc Trực, Phan Thúc Trực, Hòa Châu, Hòa Vang, Đà Nẵng 550000"                                                           ,                                                                                                                                       ,                                    ,        , Phường Hòa Xuân     ,         740, point     , cm        ,          30, 2025-10-30 01:42:42,                    , True       ,                                                                                                   , 2025-10-30 01:43:33
  , 15.9945316        , 108.1958514       , "191 Phan Thúc Trực, 191 Phan Thúc Trực, Hoà Châu, Hòa Vang, Đà Nẵng 550000"                                                   ,                                                                                                                                       ,                                    ,        , Phường Hòa Xuân     ,         740, point     , cm        ,          10, 2025-10-30 00:35:29,                    , False      ,                                                                                                   , 2025-10-30 00:35:59
  , 16.054174         , 108.188345        , "353Q+M8 Quận Hải Châu, Thành Phố Đà Nẵng, Vietnam"                                                                            , Quận Hải Châu                                                                                                                         , Phường Hòa Thuận Tây               ,        , Quận Hải Châu       ,            , point     , cm        ,         160, 2025-10-29 23:26:22, 2025-10-29 23:26:22, False      , Tới cổ                                                                                            , 2025-10-29 23:26:24
  , 15.9699159        , 108.1828931       , "Lệ Sơn, Lệ Sơn, Hòa Tiến, Hòa Vang, Đà Nẵng"                                                                                  ,                                                                                                                                       ,                                    ,        , Phường Hòa Xuân     ,         740, point     , cm        ,          10, 2025-10-29 22:06:46,                    , True       ,                                                                                                   , 2025-10-29 22:07:31
  , 15.99657          , 108.1994591       , "Phan Thúc Trực, Phan Thúc Trực, Hòa Châu, Hòa Vang, Đà Nẵng 550000"                                                           ,                                                                                                                                       ,                                    ,        , Phường Hòa Xuân     ,         740, point     , cm        ,          25, 2025-10-29 20:04:32,                    , False      ,                                                                                                   , 2025-10-29 20:06:51
  , 16.0746686        , 108.1748492       , "Đường Dũng Sĩ Thanh Khê, Đ. Dũng Sĩ Thanh Khê, Đà Nẵng"                                                                       , Đường Dũng Sĩ Thanh Khê                                                                                                               ,                                    ,        , Phường Thanh Khê    ,         761, point     , cm        ,          30, 2025-10-29 13:29:51,                    , True       ,                                                                                                   , 2025-10-29 13:31:03
  , 15.977100999999998, 108.19771879999999, "Quang Châu, Quang Châu, Hòa Châu, Hòa Vang, Đà Nẵng"                                                                          ,                                                                                                                                       ,                                    ,        , Phường Hòa Xuân     ,         740, point     , cm        ,          40, 2025-10-29 12:10:06,                    , False      ,                                                                                                   , 2025-10-29 12:11:36
  , 15.853118499999999, 108.2436831       , "Điện Phong, Điện Phong, Điện Bàn, Quảng Nam"                                                                                  ,                                                                                                                                       ,                                    ,        , Xã Gò Nổi           ,         776, point     , cm        ,         170, 2025-10-29 12:05:38,                    , False      ,                                                                                                   , 2025-10-29 12:06:43
  , 15.853118499999999, 108.2436831       , "Điện Phong, Điện Phong, Điện Bàn, Quảng Nam"                                                                                  ,                                                                                                                                       ,                                    ,        , Xã Gò Nổi           ,         776, point     , cm        ,         170, 2025-10-29 12:05:38,                    , False      ,                                                                                                   , 2025-10-29 12:06:33
  , 15.8918407        , 108.2552036       , "Khu dân cư khối 5 Vĩnh Điện, TT. Vĩnh Điện, Điện Bàn, Quảng Nam"                                                              ,                                                                                                                                       ,                                    ,        , Phường Điện Bàn     ,         714, point     , cm        ,          15, 2025-10-29 09:36:53,                    , False      ,                                                                                                   , 2025-10-29 09:38:19
  , 15.9997156        , 108.1949414       , "Sông Cầu Đỏ, Sông Cầu Đỏ, Đà Nẵng"                                                                                            ,                                                                                                                                       ,                                    ,        , Phường Hòa Xuân     ,         740, point     , cm        ,          10, 2025-10-29 02:39:53,                    , False      ,                                                                                                   , 2025-10-29 02:41:59
  , 15.877226         , 108.326701        , "V8GG+VM Thành Phố Hội An, Tỉnh Quảng Nam, Vietnam"                                                                            , Thành Phố Hội An                                                                                                                      , Phường Cẩm Phô                     ,        , Thành Phố Hội An    ,            , point     , cm        ,         100, 2025-10-28 09:30:00, 2025-10-28 09:30:00, False      , Ngang bụng người                                                                                  , 2025-10-28 22:33:03
  , 15.9845497        , 108.193271        , "Hòa Châu, Hòa Châu, Hòa Vang, Đà Nẵng"                                                                                        ,                                                                                                                                       ,                                    ,        , Phường Hòa Xuân     ,         740, point     , cm        ,          60, 2025-10-28 19:29:53,                    , False      ,                                                                                                   , 2025-10-28 19:30:25
  , 15.985914         , 108.193222        , "X5PV+97 Huyện Hòa Vang, Thành Phố Đà Nẵng, Vietnam"                                                                           , Huyện Hòa Vang                                                                                                                        , Xã Hòa Châu                        ,        , Huyện Hòa Vang      ,            , point     , cm        ,         100, 2025-10-28 19:20:04, 2025-10-28 19:20:04, False      , Ngang ngực                                                                                        , 2025-10-28 19:20:05
  , 15.5836565        , 108.4691137       , "HEAD Honda Quốc Tiến 2, 89 Phan Bội Châu, Phường Tân Thạnh, Đà Nẵng"                                                          ,                                                                                                                                       ,                                    ,        , Phường Bàn Thạch    ,         783, point     , cm        ,          40, 2025-10-28 14:12:50,                    , True       ,                                                                                                   , 2025-10-28 18:02:38
  , 16.012546         , 108.2016394       , "Bình Thái 4, Bình Thái 4, Cẩm Lệ, Đà Nẵng 550000"                                                                             ,                                                                                                                                       ,                                    ,        , Phường Cẩm Lệ       ,         771, point     , cm        ,          90, 2025-10-28 17:32:37,                    , False      ,                                                                                                   , 2025-10-28 17:33:15
  , 15.864379500000002, 108.1132212       , "Đại An, Đại An, Đại Lộc, Quảng Nam"                                                                                           ,                                                                                                                                       ,                                    ,        , Xã Đại Lộc          ,         709, point     , cm        ,         170, 2025-10-27 20:14:07,                    , True       ,                                                                                                   , 2025-10-28 16:15:38
  , 15.9280404        , 108.2585117       , "Điện Nam Bắc, Điện Nam Bắc, Điện Bàn, Quảng Nam"                                                                              ,                                                                                                                                       ,                                    ,        , Phường Điện Bàn Đông,         734, point     , cm        ,         160, 2025-10-28 15:45:10,                    , False      ,                                                                                                   , 2025-10-28 15:45:32
  , 15.759137         , 108.396177        , "Q95W+MF Huyện Thăng Bình, Tỉnh Quảng Nam, Vietnam"                                                                            , Huyện Thăng Bình                                                                                                                      , Xã Bình Triều                      ,        , Huyện Thăng Bình    ,            , point     , cm        ,          55, 2025-10-28 15:36:24, 2025-10-28 15:36:24, False      ,                                                                                                   , 2025-10-28 15:37:57
  , 15.997455         , 108.193424        , "X5WV+X9 Huyện Hòa Vang, Thành Phố Đà Nẵng, Vietnam"                                                                           , Huyện Hòa Vang                                                                                                                        , Xã Hòa Châu                        ,        , Huyện Hòa Vang      ,            , point     , cm        ,          10, 2025-10-28 14:00:17, 2025-10-28 14:00:17, False      , "Ngập nửa nhà, ngang ngực người lớn"                                                              , 2025-10-28 15:04:33
  , 15.975176         , 108.19671         , "X5GW+3M Huyện Hòa Vang, Thành Phố Đà Nẵng, Vietnam"                                                                           , Huyện Hòa Vang                                                                                                                        , Xã Hòa Châu                        ,        , Huyện Hòa Vang      ,            , point     , cm        ,          10, 2025-10-28 15:00:06, 2025-10-28 15:00:06, False      , Quá bánh xe                                                                                       , 2025-10-28 15:02:10
  , 15.9967942        , 108.1341787       , "Túy Loan Tây, Túy Loan Tây, Hòa Phong, Hòa Vang, Đà Nẵng"                                                                     ,                                                                                                                                       ,                                    ,        , Xã Hòa Vang         ,         794, point     , cm        ,         150, 2025-10-28 14:25:46,                    , False      ,                                                                                                   , 2025-10-28 14:26:51
  , 15.925488699999999, 108.22292429999999, "Điện Thắng Trung, Điện Thắng Trung, Điện Bàn, Quảng Nam"                                                                      ,                                                                                                                                       ,                                    ,        , Phường An Thắng     ,         735, point     , cm        ,         130, 2025-10-28 13:57:43,                    , True       ,                                                                                                   , 2025-10-28 13:59:26
  , 15.995071411132812, 108.19479696612713, "X5WV+2W Huyện Hòa Vang, Thành Phố Đà Nẵng, Vietnam"                                                                           , Huyện Hòa Vang                                                                                                                        , Xã Hòa Châu                        ,        , Huyện Hòa Vang      ,            , point     , cm        ,          10, 2025-10-28 13:05:52, 2025-10-28 13:05:52, True       ,                                                                                                   , 2025-10-28 13:05:53
  , 15.8844764        , 108.352794        , "Cây Giá Hạ, Cây Giá Hạ, Cẩm Thanh, Tp. Hội An, Quảng Nam"                                                                     ,                                                                                                                                       ,                                    ,        , Phường Hội An Đông  ,         788, point     , cm        ,          40, 2025-10-28 12:47:54,                    , False      ,                                                                                                   , 2025-10-28 12:48:36
  , 15.995505800000002, 108.1269906       , "Trung tâm văn hóa thôn Dương Lâm 2, Hoà Phong, Hòa Vang, Đà Nẵng"                                                             ,                                                                                                                                       ,                                    ,        , Xã Hòa Vang         ,         794, point     , cm        ,          10, 2025-10-28 12:25:24,                    , False      ,                                                                                                   , 2025-10-28 12:30:55
  , 15.9664517        , 108.20770630000001, "Nhà Văn hóa thôn Quá Giáng 2, X685+H3P, Hoà Phước, Hòa Vang, Đà Nẵng"                                                         ,                                                                                                                                       ,                                    ,        , Phường Hòa Xuân     ,         740, point     , cm        ,          70, 2025-10-28 10:12:18,                    , False      ,                                                                                                   , 2025-10-28 10:13:54
  , 16.004361799999998, 107.59785769999999, "A Vương, A Vương, Tây Giang, Quảng Nam"                                                                                       ,                                                                                                                                       ,                                    ,        , Xã Avương           ,         758, point     , cm        ,         100, 2025-10-28 08:49:58,                    , False      ,                                                                                                   , 2025-10-28 08:51:08
  , 15.9267287451397  , 107.535045128622  , Thôn Azứt                                                                                                                      ,                                                                                                                                       ,                                    ,        , Xã Avương           ,         758, street    , cm        ,         100, 2025-10-28 00:00:00,                    , False      ,                                                                                                   , 2025-10-28 08:42:26
  , 15.986038         , 108.193215        , "X5PV+C7 Huyện Hòa Vang, Thành Phố Đà Nẵng, Vietnam"                                                                           , Huyện Hòa Vang                                                                                                                        , Xã Hòa Châu                        ,        , Huyện Hòa Vang      ,            , point     , cm        ,          50, 2025-10-28 08:14:45, 2025-10-28 08:14:45, False      , Quá gối                                                                                           , 2025-10-28 08:14:46
  , 15.8459326        , 108.1962362       , "Gò Nổi, Gò Nổi, Quảng Nam"                                                                                                    ,                                                                                                                                       ,                                    ,        , Xã Gò Nổi           ,         776, point     , cm        ,          35, 2025-10-28 07:16:43,                    , True       ,                                                                                                   , 2025-10-28 07:18:08
  , 15.985807         , 108.192959        , "X5PV+85 Huyện Hòa Vang, Thành Phố Đà Nẵng, Vietnam"                                                                           , Huyện Hòa Vang                                                                                                                        , Xã Hòa Châu                        ,        , Huyện Hòa Vang      ,            , point     , cm        ,          50, 2025-10-28 06:29:57, 2025-10-28 06:29:57, False      , Quá bánh xe                                                                                       , 2025-10-28 06:31:30
  , 15.995071411132812, 108.19479696612713, "X5WV+2W Huyện Hòa Vang, Thành Phố Đà Nẵng, Vietnam"                                                                           , Huyện Hòa Vang                                                                                                                        , Xã Hòa Châu                        ,        , Huyện Hòa Vang      ,            , point     , cm        ,          10, 2025-10-28 05:55:15, 2025-10-28 05:55:15, True       ,                                                                                                   , 2025-10-28 05:56:47
  , 15.9967942        , 108.1341787       , "Túy Loan Tây, Túy Loan Tây, Hòa Phong, Hòa Vang, Đà Nẵng"                                                                     ,                                                                                                                                       ,                                    ,        , Xã Hòa Vang         ,         794, point     , cm        ,          20, 2025-10-28 04:15:15,                    , False      ,                                                                                                   , 2025-10-28 04:43:18
  , 15.993528         , 108.135267        , "X4VP+C4 Huyện Hòa Vang, Thành Phố Đà Nẵng, Vietnam"                                                                           , Huyện Hòa Vang                                                                                                                        , Xã Hòa Phong                       ,        , Huyện Hòa Vang      ,            , point     , cm        ,          20, 2025-10-28 04:34:26, 2025-10-28 04:34:26, False      ,                                                                                                   , 2025-10-28 04:37:51
  , 15.9726686        , 108.1583864       , "X5F5+39 Huyện Hòa Vang, Thành Phố Đà Nẵng, Vietnam"                                                                           , Huyện Hòa Vang                                                                                                                        , Xã Hòa Khương                      ,        , Huyện Hòa Vang      ,            , point     , cm        ,          20, 2025-10-28 02:16:01, 2025-10-28 02:16:01, False      , Vượt qua gần tới hiên rồi                                                                         , 2025-10-28 02:20:26
  , 15.9089119        , 108.1810295       , "W55J+HC Thị Xã Điện Bàn, Tỉnh Quảng Nam, Vietnam"                                                                             , Thị Xã Điện Bàn                                                                                                                       , Xã Điện Thọ                        ,        , Thị Xã Điện Bàn     ,            , point     , cm        ,          70, 2025-10-28 02:12:27, 2025-10-28 02:12:27, False      , Quá gối                                                                                           , 2025-10-28 02:15:17
  , 15.9094007        , 108.1814168       , "Nhà văn hóa thôn La Huân, W55J+QH7, Điện Thọ, Điện Bàn, Quảng Nam"                                                            ,                                                                                                                                       ,                                    ,        , Xã Điện Bàn Tây     ,         747, point     , cm        ,          80, 2025-10-28 02:08:20,                    , False      ,                                                                                                   , 2025-10-28 02:10:32
  , 15.884976300000002, 108.231763        , "Điện An, Điện An, Điện Bàn, Quảng Nam"                                                                                        ,                                                                                                                                       ,                                    ,        , Phường An Thắng     ,         735, point     , cm        ,          50, 2025-10-28 01:54:55,                    , False      ,                                                                                                   , 2025-10-28 01:55:33
  , 15.9820561        , 108.1626545       , "Nhà Văn Hoá Thôn Thạch Bồ, X5J7+R3C, Hoà Tiến, Hòa Vang, Đà Nẵng"                                                             ,                                                                                                                                       ,                                    ,        , Xã Hòa Tiến         ,         790, point     , cm        ,          30, 2025-10-28 01:38:03,                    , True       ,                                                                                                   , 2025-10-28 01:38:46
  , 15.854270000000001, 108.1613572       , "Quán Cô Chanh, Đường Số 1, Thôn Phú Tây, Điện Bàn, Quảng Nam"                                                                 , Đường Số 1                                                                                                                            ,                                    ,        , Xã Gò Nổi           ,         776, point     , cm        ,         100, 2025-10-27 22:29:16,                    , False      ,                                                                                                   , 2025-10-27 22:31:35
  , 15.854270000000001, 108.1613572       , "Quán Cô Chanh, Đường Số 1, Thôn Phú Tây, Điện Bàn, Quảng Nam"                                                                 , Đường Số 1                                                                                                                            ,                                    ,        , Xã Gò Nổi           ,         776, point     , cm        ,         100, 2025-10-27 22:29:16,                    , False      ,                                                                                                   , 2025-10-27 22:31:15
  , 15.854270000000001, 108.1613572       , "Quán Cô Chanh, Đường Số 1, Thôn Phú Tây, Điện Bàn, Quảng Nam"                                                                 , Đường Số 1                                                                                                                            ,                                    ,        , Xã Gò Nổi           ,         776, point     , cm        ,         100, 2025-10-27 22:29:16,                    , False      ,                                                                                                   , 2025-10-27 22:31:00
  , 15.854270000000001, 108.1613572       , "Quán Cô Chanh, Đường Số 1, Thôn Phú Tây, Điện Bàn, Quảng Nam"                                                                 , Đường Số 1                                                                                                                            ,                                    ,        , Xã Gò Nổi           ,         776, point     , cm        ,         100, 2025-10-27 22:29:16,                    , False      ,                                                                                                   , 2025-10-27 22:30:51
  , 15.8814691        , 108.1759806       , "V5JG+H9 Thị Xã Điện Bàn, Tỉnh Quảng Nam, Vietnam"                                                                             , Thị Xã Điện Bàn                                                                                                                       , Xã Điện Thọ                        ,        , Thị Xã Điện Bàn     ,            , point     , cm        ,          50, 2025-10-27 20:52:25, 2025-10-27 20:52:25, True       , Quá gối                                                                                           , 2025-10-27 20:55:27
  , 15.8227342        , 108.2889544       , "R7FQ+3H Huyện Quế Sơn, Tỉnh Quảng Nam, Vietnam"                                                                               , Huyện Quế Sơn                                                                                                                         , Xã Quế Xuân 1                      ,        , Huyện Quế Sơn       ,            , point     , cm        ,         100, 2025-10-27 20:38:42, 2025-10-27 20:38:42, False      , "Nhà cách  quốc lộ 1 cũ  70m, chợ bà rén cũ, ngập 1m"                                             , 2025-10-27 20:39:57
  , 15.7905285        , 108.3148665       , "Quế Phú, Quế Phú, Quế Sơn, Quảng Nam"                                                                                         ,                                                                                                                                       ,                                    ,        , Xã Xuân Phú         ,         718, point     , cm        ,          10, 2025-10-27 18:48:13,                    , True       ,                                                                                                   , 2025-10-27 18:49:33
  , 15.824141800000001, 108.23967739999999, "Trường THPT Nguyễn Hiền, R6FQ+JVM, Duy Trung, Duy Xuyên, Quảng Nam"                                                           ,                                                                                                                                       ,                                    ,        , Xã Duy Xuyên        ,         737, point     , cm        ,          85, 2025-10-27 18:26:51,                    , True       ,                                                                                                   , 2025-10-27 18:27:42
  , 15.775110000000002, 108.1665855       , "Duy Xuyên, Duy Xuyên, Quảng Nam"                                                                                              ,                                                                                                                                       ,                                    ,        , Xã Duy Xuyên        ,         737, street    , cm        ,          80, 2025-10-27 18:26:05,                    , True       ,                                                                                                   , 2025-10-27 18:26:39
  , 15.775110000000002, 108.1665855       , "Duy Xuyên, Duy Xuyên, Quảng Nam"                                                                                              ,                                                                                                                                       ,                                    ,        , Xã Duy Xuyên        ,         737, point     , cm        ,          80, 2025-10-27 18:24:21,                    , True       ,                                                                                                   , 2025-10-27 18:25:57
  , 15.8454294        , 108.320479        , "R8WC+55 Huyện Duy Xuyên, Tỉnh Quảng Nam, Vietnam"                                                                             , Huyện Duy Xuyên                                                                                                                       , Xã Duy Vinh                        ,        , Huyện Duy Xuyên     ,            , point     , cm        ,          10, 2025-10-27 17:42:45, 2025-10-27 17:42:45, True       , Lút đầu                                                                                           , 2025-10-27 17:44:39
  , 16.0006655        , 108.240343        , "Đường Bình Kỳ, Đ. Bình Kỳ, Hòa Quý, Ngũ Hành Sơn, Đà Nẵng 550000"                                                             , Đường Bình Kỳ                                                                                                                         ,                                    ,        , Phường Ngũ Hành Sơn ,         757, point     , cm        ,           5, 2025-10-27 14:58:37,                    , True       ,                                                                                                   , 2025-10-27 14:59:19
  , 16.054156         , 108.188345        , "353Q+M8 Quận Hải Châu, Thành Phố Đà Nẵng, Vietnam"                                                                            , Quận Hải Châu                                                                                                                         , Phường Hòa Thuận Tây               ,        , Quận Hải Châu       ,            , point     , cm        ,          10, 2025-10-27 14:11:30, 2025-10-27 14:11:30, False      ,                                                                                                   , 2025-10-27 14:12:21
  , 15.966987500000002, 107.8846719       , "XV8M+QVV, XV8M+QVV, Trà Lau, xã Ba, Đông Giang, Quảng Nam"                                                                    ,                                                                                                                                       ,                                    ,        , Xã Sông Vàng        ,         708, point     , cm        ,          40, 2025-10-27 11:19:42,                    , False      ,                                                                                                   , 2025-10-27 11:20:26
  , 15.3084375        , 108.27245309999999, "875C+9XG, 875C+9XG, Bắc Trà My, Quảng Nam"                                                                                    ,                                                                                                                                       ,                                    ,        , Xã Trà Tân          ,         779, street    , cm        ,          80, 2025-10-27 09:48:55,                    , False      ,                                                                                                   , 2025-10-27 09:49:32
  , 15.964635         , 108.011994        , "Nam Giang, Đà Nẵng"                                                                                                           ,                                                                                                                                       ,                                    ,        , Xã Hòa Vang         ,         794, street    , cm        ,          50, 2025-10-27 00:00:00,                    , True       ,                                                                                                   , 2025-10-27 09:28:54
  , 15.964635         , 108.011994        , "Nam Giang, Đà Nẵng"                                                                                                           ,                                                                                                                                       ,                                    ,        , Xã Hòa Vang         ,         794, street    , cm        ,          50, 2025-10-27 00:00:00,                    , True       ,                                                                                                   , 2025-10-27 09:28:51
  , 15.964635         , 108.011994        , "Nam Giang, Đà Nẵng"                                                                                                           ,                                                                                                                                       ,                                    ,        , Xã Hòa Vang         ,         794, street    , cm        ,          50, 2025-10-27 00:00:00,                    , True       ,                                                                                                   , 2025-10-27 09:28:50
  , 15.965072         , 107.890433        , "Nam Giang, Đà Nẵng"                                                                                                           ,                                                                                                                                       ,                                    ,        , Xã Sông Vàng        ,         708, street    , cm        ,          50, 2025-10-27 00:00:00,                    , True       ,                                                                                                   , 2025-10-27 09:28:49
  , 15.965072         , 107.890433        , "Nam Giang, Đà Nẵng"                                                                                                           ,                                                                                                                                       ,                                    ,        , Xã Sông Vàng        ,         708, street    , cm        ,          50, 2025-10-27 00:00:00,                    , True       ,                                                                                                   , 2025-10-27 09:28:48
  , 15.965072         , 107.890433        , "Nam Giang, Đà Nẵng"                                                                                                           ,                                                                                                                                       ,                                    ,        , Xã Sông Vàng        ,         708, street    , cm        ,          50, 2025-10-27 00:00:00,                    , True       ,                                                                                                   , 2025-10-27 09:28:48
  , 16.0564           , 108.09068         , "Xã Hòa Tiến, Huyện Hòa Vang, Thành phố Đà Nẵng, Việt Nam"                                                                     ,                                                                                                                                       ,                                    ,        , Xã Bà Nà            ,         762, point     , cm        ,         100, 2024-08-26 00:00:00,                    , True       ,                                                                                                   , 2025-10-27 09:28:47
  , 15.907829         , 108.101055        , "Nam Giang, Đà Nẵng"                                                                                                           ,                                                                                                                                       ,                                    ,        , Xã Đại Lộc          ,         709, street    , cm        ,          50, 2025-10-27 00:00:00,                    , True       ,                                                                                                   , 2025-10-27 09:28:47
  , 15.907829         , 108.101055        , "Nam Giang, Đà Nẵng"                                                                                                           ,                                                                                                                                       ,                                    ,        , Xã Đại Lộc          ,         709, street    , cm        ,          50, 2025-10-27 00:00:00,                    , True       ,                                                                                                   , 2025-10-27 09:28:45
  , 16.0564           , 108.09068         , "Xã Hòa Tiến, Huyện Hòa Vang, Thành phố Đà Nẵng, Việt Nam"                                                                     ,                                                                                                                                       ,                                    ,        , Xã Bà Nà            ,         762, point     , cm        ,          99, 2024-08-26 00:00:00,                    , False      ,                                                                                                   , 2025-10-27 09:28:45
  , 15.621718         , 107.54457         , "Nam Giang, Đà Nẵng"                                                                                                           ,                                                                                                                                       ,                                    ,        , Xã Nam Giang        ,         742, street    , cm        ,          40, 2025-10-27 00:00:00,                    , True       ,                                                                                                   , 2025-10-27 09:28:45
  , 16.0564           , 108.09068         , "Xã Hòa Tiến, Huyện Hòa Vang, Thành phố Đà Nẵng, Việt Nam"                                                                     ,                                                                                                                                       ,                                    ,        , Xã Bà Nà            ,         762, point     , cm        ,         100, 2024-08-26 00:00:00,                    , True       ,                                                                                                   , 2025-10-27 09:28:44
  , 15.907829         , 108.101055        , "Nam Giang, Đà Nẵng"                                                                                                           ,                                                                                                                                       ,                                    ,        , Xã Đại Lộc          ,         709, street    , cm        ,          50, 2025-10-27 00:00:00,                    , True       ,                                                                                                   , 2025-10-27 09:28:44
  , 16.0564           , 108.09068         , "Xã Hòa Tiến, Huyện Hòa Vang, Thành phố Đà Nẵng, Việt Nam"                                                                     ,                                                                                                                                       ,                                    ,        , Xã Bà Nà            ,         762, point     , cm        ,          99, 2024-08-26 00:00:00,                    , False      ,                                                                                                   , 2025-10-27 09:28:43
  , 15.621718         , 107.54457         , "Nam Giang, Đà Nẵng"                                                                                                           ,                                                                                                                                       ,                                    ,        , Xã Nam Giang        ,         742, street    , cm        ,          40, 2025-10-27 00:00:00,                    , True       ,                                                                                                   , 2025-10-27 09:28:43
  , 15.621718         , 107.54457         , "Nam Giang, Đà Nẵng"                                                                                                           ,                                                                                                                                       ,                                    ,        , Xã Nam Giang        ,         742, street    , cm        ,          40, 2025-10-27 00:00:00,                    , True       ,                                                                                                   , 2025-10-27 09:28:42
  , 16.0564           , 108.09068         , "Xã Hòa Tiến, Huyện Hòa Vang, Thành phố Đà Nẵng, Việt Nam"                                                                     ,                                                                                                                                       ,                                    ,        , Xã Bà Nà            ,         762, point     , cm        ,         100, 2024-08-26 00:00:00,                    , True       ,                                                                                                   , 2025-10-27 09:28:41
  , 16.0564           , 108.09068         , "Xã Hòa Tiến, Huyện Hòa Vang, Thành phố Đà Nẵng, Việt Nam"                                                                     ,                                                                                                                                       ,                                    ,        , Xã Bà Nà            ,         762, point     , cm        ,          99, 2024-08-26 00:00:00,                    , False      ,                                                                                                   , 2025-10-27 09:28:40
  , 15.6215529        , 107.5441925       , "Đường 14D, QL14D, Nam Giang, Quảng Nam"                                                                                       , Đường 14D                                                                                                                             ,                                    ,        , Xã Nam Giang        ,         742, point     , cm        ,          10, 2025-10-27 09:15:29,                    , False      ,                                                                                                   , 2025-10-27 09:15:48
  , 15.845448         , 108.192867        , "R5WV+54 Thị Xã Điện Bàn, Tỉnh Quảng Nam, Vietnam"                                                                             , Thị Xã Điện Bàn                                                                                                                       , Xã Điện Quang                      ,        , Thị Xã Điện Bàn     ,            , point     , cm        ,          50, 2025-10-27 07:25:25, 2025-10-27 07:25:25, False      , Nước chảy xiết                                                                                    , 2025-10-27 07:25:25
  , 15.841273         , 108.196707        , "R5RW+GM Thị Xã Điện Bàn, Tỉnh Quảng Nam, Vietnam"                                                                             , Thị Xã Điện Bàn                                                                                                                       , Xã Điện Quang                      ,        , Thị Xã Điện Bàn     ,            , point     , cm        ,          50, 2025-10-27 07:22:37, 2025-10-27 07:22:37, True       , Ngập lút xe máy luôn ròii                                                                         , 2025-10-27 07:24:23
  , 16.068301         , 108.222814        , "369F+84 Quận Hải Châu, Thành Phố Đà Nẵng, Vietnam"                                                                            , Quận Hải Châu                                                                                                                         , Phường Hải Châu 1                  ,        , Quận Hải Châu       ,            , point     , cm        ,          10, 2025-10-21 16:49:45, 2025-10-21 16:49:45, False      ,                                                                                                   , 2025-10-21 16:49:44
  , 16.0770314        , 108.222796        , "24 Trần Phú, Thạch Thang, Hải Châu, Đà Nẵng 550000, Việt Nam"                                                                 , Trần Phú                                                                                                                              , Phường Thạch Thang                 ,        , Quận Hải Châu       ,            , point     , cm        ,          10, 2025-10-21 16:46:54, 2025-10-21 16:46:54, False      ,                                                                                                   , 2025-10-21 16:47:40
  , 16.043905802071095, 108.21287512779236, "Cà Phê Tín Nguyệt, 15 Nguyễn Hữu Dật, Phường Hòa Cường, Thành phố Đà Nẵng"                                                    ,                                                                                                                                       ,                                    ,        , Phường Hòa Cường    ,         744, point     , cm        ,         100, 2025-10-20 17:28:20,                    , False      ,                                                                                                   , 2025-10-20 17:32:29
  , 16.04255547747016 , 108.21285467594862, "12 Nguyễn Xuân Ôn, 12 Nguyễn Xuân Ôn, Phường Hòa Cường, Thành phố Đà Nẵng"                                                    ,                                                                                                                                       ,                                    ,        , Phường Hòa Cường    ,         744, point     , cm        ,          10, 2025-10-20 16:38:16,                    , False      ,                                                                                                   , 2025-10-20 16:39:03
  , 16.0765254        , 108.2208427       , "55/1 Nguyễn Chí Thanh, Phường Thạch Thang, Quận Hải Châu, Đà Nẵng, Việt Nam"                                                  , Nguyễn Chí Thanh                                                                                                                      , Phường Thạch Thang                 ,        , Quận Hải Châu       ,            , point     , cm        ,          10, 2025-10-16 14:32:23, 2025-10-16 14:32:23, False      ,                                                                                                   , 2025-10-16 14:32:54
  , 16.0746613        , 108.140749        , "34FR+V7 Quận Liên Chiểu, Thành Phố Đà Nẵng, Vietnam"                                                                          , Quận Liên Chiểu                                                                                                                       , Phường Hòa Khánh Bắc               ,        , Quận Liên Chiểu     ,            , point     , cm        ,          10, 2025-09-28 05:14:26, 2025-09-28 05:14:26, True       ,                                                                                                   , 2025-09-28 05:14:29
  , 16.074632         , 108.140795        , "34FR+V8 Quận Liên Chiểu, Thành Phố Đà Nẵng, Vietnam"                                                                          , Quận Liên Chiểu                                                                                                                       , Phường Hòa Khánh Bắc               ,        , Quận Liên Chiểu     ,            , point     , cm        ,          10, 2025-09-28 05:13:02, 2025-09-28 05:13:02, False      ,                                                                                                   , 2025-09-28 05:13:40
  , 16.067393         , 108.166813        , "3588+XP Quận Liên Chiểu, Thành Phố Đà Nẵng, Vietnam"                                                                          , Quận Liên Chiểu                                                                                                                       , Phường Hòa Minh                    ,        , Quận Liên Chiểu     ,            , point     , cm        ,          50, 2025-07-05 18:52:45, 2025-07-05 18:52:45, True       , "1 bánh xe máy, xe đi qua bị tắt máy hết"                                                         , 2025-07-05 18:52:47
  , 16.08946          , 108.23209         , "Đường Bùi Dương Lịch, Phường Nại Hiên Đông, 50411 Quận Sơn Trà"                                                               , Đường Bùi Dương Lịch                                                                                                                  , Phường Nại Hiên Đông               ,    7271, Quận Sơn Trà        ,        7269, point     , cm        ,          10, 2025-07-02 21:30:03,                    , True       ,                                                                                                   , 2025-07-03 16:50:24
  , 16.075137011267422, 108.22260158673511, "36GF+32 Quận Hải Châu, Thành Phố Đà Nẵng, Vietnam"                                                                            , Quận Hải Châu                                                                                                                         , Phường Hải Châu 1                  ,        , Quận Hải Châu       ,            , point     , cm        ,          10, 2025-06-17 15:01:14, 2025-06-17 15:01:14, False      ,                                                                                                   , 2025-06-17 15:01:54
  , 15.99999          , 108.19085         , "Cầu Đỏ, Phường Hòa Thọ Đông, 50706 Quận Cẩm Lệ"                                                                               ,                                                                                                                                       , Xã Hòa Châu                        ,    7297, Huyện Hòa Vang      ,        7289, point     , cm        ,          35, 2025-06-13 14:45:42,                    , True       ,                                                                                                   , 2025-06-13 14:46:38
  , 16.0367486        , 108.222903        , "26PF+M5 Quận Hải Châu, Thành Phố Đà Nẵng, Vietnam"                                                                            , Quận Hải Châu                                                                                                                         , Phường Hòa Cường Nam               ,        , Quận Hải Châu       ,            , point     , cm        ,          25, 2025-06-11 00:33:00, 2025-06-11 00:33:00, True       , Cao nữa xô nước                                                                                   , 2025-06-12 11:35:12
  , 16.07534          , 108.22192         , "15 Đường Quang Trung, Phường Thạch Thang, 50207 Quận Hải Châu"                                                                , 15 Đường Quang Trung                                                                                                                  , Phường Hải Châu                    ,    7260, Quận Hải Châu       ,        7255, point     , cm        ,          10, 2025-06-12 11:07:21,                    , False      ,                                                                                                   , 2025-06-12 11:07:52
  , 15.99938          , 108.21404         , "Đường Lỗ Giáng 11 (Duong Lo Giang 11), Phường Hòa Xuân, 50707 Quận Cẩm Lệ"                                                    , Đường Lỗ Giáng 11 (Duong Lo Giang 11)                                                                                                 , Phường Hòa Xuân                    ,    7288, Quận Cẩm Lệ         ,        7282, point     , cm        ,          10, 2025-06-12 10:42:40,                    , False      ,                                                                                                   , 2025-06-12 10:43:02
  , 16.05844          , 108.20857         , "Hẻm 11/10 Phan Thanh (Hem 11/10 Phan Thanh), Phường Thạc Gián, 50312 Quận Thanh Khê"                                          ,                                                                                                                                       , Phường Thạc Gián                   ,    7252, Quận Thanh Khê      ,        7244, point     , cm        ,          10, 2025-06-12 10:39:22,                    , False      ,                                                                                                   , 2025-06-12 10:39:53
  , 16.00324          , 108.26449         , "Son Thuy Amusement Park (Ngũ Hành Sơn), Phường Hòa Hải, 50509 Quận Ngũ Hành Sơn"                                              ,                                                                                                                                       , Phường Hòa Hải                     ,    7281, Quận Ngũ Hành Sơn   ,        7277, point     , cm        ,          10, 2025-06-12 10:37:39,                    , False      ,                                                                                                   , 2025-06-12 10:37:58
  , 16.104448         , 108.253503        , "4733+QC Quận Sơn Trà, Thành Phố Đà Nẵng, Vietnam"                                                                             , Quận Sơn Trà                                                                                                                          , Phường Thọ Quang                   ,        , Quận Sơn Trà        ,            , point     , cm        ,          13, 2025-06-11 22:37:40, 2025-06-11 22:37:40, True       , Địa điểm thường xuyên ngập. Chỉ cần có mưa là bị ngập.                                            , 2025-06-11 22:43:32
  , 16.0479487        , 108.2434103       , "26XV+59 Quận Ngũ Hành Sơn, Thành Phố Đà Nẵng, Vietnam"                                                                        , Quận Ngũ Hành Sơn                                                                                                                     , Phường Mỹ An                       ,        , Quận Ngũ Hành Sơn   ,            , point     , cm        ,          10, 2025-06-11 19:44:58, 2025-06-11 19:44:58, False      ,                                                                                                   , 2025-06-11 19:45:39
  , 16.096544         , 108.249939        , "36WX+JX Quận Sơn Trà, Thành Phố Đà Nẵng, Vietnam"                                                                             , Quận Sơn Trà                                                                                                                          , Phường Thọ Quang                   ,        , Quận Sơn Trà        ,            , point     , cm        ,          11, 2025-06-11 19:28:23, 2025-06-11 19:28:23, True       , Đoạ đường thường xuyên ngập mỗi khi trời mưa to                                                   , 2025-06-11 19:30:09
  , 15.9732623        , 108.2043852       , "X6F3+8Q Huyện Hòa Vang, Thành Phố Đà Nẵng, Vietnam"                                                                           , Huyện Hòa Vang                                                                                                                        , Xã Hòa Châu                        ,        , Huyện Hòa Vang      ,            , point     , cm        ,          10, 2025-06-11 19:09:12, 2025-06-11 19:09:12, False      ,                                                                                                   , 2025-06-11 19:10:12
  , 16.03145          , 108.22181         , "Đường Tiên Sơn 12 (Duong Tien Son 12), Phường Hòa Cường Nam, 50218 Quận Hải Châu"                                             , Đường Tiên Sơn 12 (Duong Tien Son 12)                                                                                                 , Phường Hòa Cường Nam               ,    7268, Quận Hải Châu       ,        7255, point     , cm        ,          10, 2024-12-30 13:49:22,                    , False      ,                                                                                                   , 2024-12-30 13:49:31
  , 16.03456          , 108.21966         , "68 Đường Tố Hữu, Phường Hòa Cường Nam, 50218 Quận Hải Châu"                                                                   , 68 Đường Tố Hữu                                                                                                                       , Phường Hòa Cường Nam               ,    7268, Quận Hải Châu       ,        7255, point     , cm        ,          10, 2024-12-30 10:43:47,                    , False      ,                                                                                                   , 2024-12-30 10:44:25
  , 16.03445          , 108.21947         , "67 Đường Tố Hữu, Phường Hòa Cường Nam, 50218 Quận Hải Châu"                                                                   , 67 Đường Tố Hữu                                                                                                                       , Phường Hòa Cường Nam               ,    7268, Quận Hải Châu       ,        7255, point     , cm        ,          10, 2024-12-30 10:42:02,                    , False      ,                                                                                                   , 2024-12-30 10:43:19
  , 16.03145          , 108.22181         , "Đường Tiên Sơn 12 (Duong Tien Son 12), Phường Hòa Cường Nam, 50218 Quận Hải Châu"                                             , Đường Tiên Sơn 12 (Duong Tien Son 12)                                                                                                 , Phường Hòa Cường Nam               ,    7268, Quận Hải Châu       ,        7255, point     , cm        ,          10, 2024-12-30 10:18:56,                    , False      ,                                                                                                   , 2024-12-30 10:19:06
  , 16.07329          , 108.21406         , "2 Quang Trung, Phường Thạch Thang, 50207 Quận Hải Châu"                                                                       ,                                                                                                                                       , Phường Thanh Bình                  ,    7256, Quận Hải Châu       ,        7255, point     , cm        ,         111, 2024-12-26 14:00:29,                    , False      ,                                                                                                   , 2024-12-26 14:00:55
  , 16.07212          , 108.22407         , "40 Đường Trần Phú, Phường Hải Châu 1, 50206 Quận Hải Châu"                                                                    , 40 Đường Trần Phú                                                                                                                     , Phường Hải Châu I                  ,    7260, Quận Hải Châu       ,        7255, street    , cm        ,          99, 2024-12-26 13:56:12,                    , False      ,                                                                                                   , 2024-12-26 13:56:40
  , 16.06898          , 108.22403         , "50 Đường Trần Phú, Phường Hải Châu 1, 50206 Quận Hải Châu"                                                                    , 50 Đường Trần Phú                                                                                                                     , Phường Hải Châu I                  ,    7260, Quận Hải Châu       ,        7255, point     , cm        ,         101, 2024-12-26 13:46:16,                    , False      ,                                                                                                   , 2024-12-26 13:46:32
  , 16.0799           , 108.13589         , "Phường Hòa Khánh Bắc, Quận Liên Chiểu, "                                                                                      ,                                                                                                                                       , Phường Hòa Khánh Bắc               ,    7241, Quận Liên Chiểu     ,        7238, point     , cm        ,          10, 2024-12-23 18:18:15,                    , False      ,                                                                                                   , 2024-12-23 18:18:29
  , 16.05134          , 108.15105         , "Phường Hòa Khánh Nam, Quận Liên Chiểu, "                                                                                      ,                                                                                                                                       , Phường Hòa Minh                    ,    7243, Quận Liên Chiểu     ,        7238, point     , cm        ,          10, 2024-12-23 18:17:40,                    , False      ,                                                                                                   , 2024-12-23 18:17:48
  , 16.0701904296875  , 108.18600105835716, "37 Bàu Làng, Thanh Khê Đông, Thanh Khê, Đà Nẵng, Việt Nam"                                                                    , Bàu Làng                                                                                                                              , Phường Xuân Hà                     ,    7248, Quận Thanh Khê      ,        7244, point     , cm        ,          10, 2024-11-05 09:46:28, 2024-11-05 09:46:28, False      ,                                                                                                   , 2024-11-05 09:47:00
  , 16.07019          , 108.186035        , "37 Bàu Làng, Thanh Khê Đông, Thanh Khê, Đà Nẵng, Việt Nam"                                                                    , Bàu Làng                                                                                                                              , Phường Xuân Hà                     ,    7248, Quận Thanh Khê      ,        7244, point     , cm        ,          10, 2024-11-05 05:30:10, 2024-11-05 05:30:10, False      , Lổ thoát nước quá nhỏ                                                                             , 2024-11-05 09:46:09
  , 16.0620596        , 108.1614209       , "11 Chơn Tâm 8, Hoà Minh, Liên Chiểu, Đà Nẵng 550000, Việt Nam"                                                                , Chơn Tâm 8                                                                                                                            , Phường Hòa Minh                    ,    7243, Quận Liên Chiểu     ,        7238, point     , cm        ,          30, 2024-11-05 08:55:35, 2024-11-05 08:55:35, True       ,                                                                                                   , 2024-11-05 08:56:55
  , 16.0620596        , 108.1614209       , "11 Chơn Tâm 8, Hoà Minh, Liên Chiểu, Đà Nẵng 550000, Việt Nam"                                                                , Chơn Tâm 8                                                                                                                            , Phường Hòa Minh                    ,    7243, Quận Liên Chiểu     ,        7238, point     , cm        ,          30, 2024-11-05 08:55:35, 2024-11-05 08:55:35, True       ,                                                                                                   , 2024-11-05 08:56:53
  , 16.0620596        , 108.1614209       , "11 Chơn Tâm 8, Hoà Minh, Liên Chiểu, Đà Nẵng 550000, Việt Nam"                                                                , Chơn Tâm 8                                                                                                                            , Phường Hòa Minh                    ,    7243, Quận Liên Chiểu     ,        7238, point     , cm        ,          30, 2024-11-05 08:55:35, 2024-11-05 08:55:35, True       ,                                                                                                   , 2024-11-05 08:56:50
  , 16.030908         , 108.237424        , "13 Nguyễn Quốc Trị, Khuê Mỹ, Ngũ Hành Sơn, Đà Nẵng, Việt Nam"                                                                 , Nguyễn Quốc Trị                                                                                                                       , Phường Khuê Mỹ                     ,    7279, Quận Ngũ Hành Sơn   ,        7277, point     , cm        ,          10, 2024-11-05 08:43:43, 2024-11-05 08:43:43, True       ,                                                                                                   , 2024-11-05 08:44:56
  , 16.05867033699312 , 108.18442019986051, "362 Hà Huy Tập, Hòa Khê, Thanh Khê, Đà Nẵng 550000, Việt Nam"                                                                 , Hà Huy Tập                                                                                                                            , Phường Hòa Khê                     ,    7254, Quận Thanh Khê      ,        7244, point     , cm        ,          10, 2024-11-05 08:34:40, 2024-11-05 08:34:40, False      ,                                                                                                   , 2024-11-05 08:34:41
  , 16.0443342        , 108.2064101       , "664 Trưng Nữ Vương, Hòa Thuận Nam, Hải Châu, Đà Nẵng 550000, Việt Nam"                                                        , Trưng Nữ Vương                                                                                                                        , Phường Hòa Thuận Tây               ,    7262, Quận Hải Châu       ,        7255, point     , cm        ,          40, 2024-11-05 08:29:46, 2024-11-05 08:29:46, False      , Không đi đâu được                                                                                 , 2024-11-05 08:29:50
  , 16.054174         , 108.188345        , "299 Phần Lăng 1, Hòa Thuận Tây, Thanh Khê, Đà Nẵng 550000, Việt Nam"                                                          , Phần Lăng 1                                                                                                                           , Phường Hòa Thuận Tây               ,    7262, Quận Hải Châu       ,        7255, point     , cm        ,          10, 2024-11-05 08:27:35, 2024-11-05 08:27:35, False      ,                                                                                                   , 2024-11-05 08:28:40
  , 16.034425         , 108.218524        , "265 Lê Thanh Nghị, Hoà Cường Nam, Hải Châu, Đà Nẵng, Việt Nam"                                                                , Lê Thanh Nghị                                                                                                                         , Phường Hòa Cường Nam               ,    7268, Quận Hải Châu       ,        7255, point     , cm        ,          10, 2024-11-05 08:25:22, 2024-11-05 08:25:22, True       , "Ngập sâu, xe máy oto đều không qua được"                                                         , 2024-11-05 08:27:38
  , 16.058578491210938, 108.18437509858501, "364 Hà Huy Tập, Hòa Khê, Thanh Khê, Đà Nẵng 500000, Việt Nam"                                                                 , Hà Huy Tập                                                                                                                            , Phường Hòa Khê                     ,    7254, Quận Thanh Khê      ,        7244, point     , cm        ,          10, 2024-11-05 08:26:03, 2024-11-05 08:26:03, False      ,                                                                                                   , 2024-11-05 08:26:58
  , 16.0642295        , 108.2160473       , "47 Cô Bắc, Hải Châu 2, Hải Châu, Đà Nẵng 550000, Việt Nam"                                                                    , Cô Bắc                                                                                                                                , Phường Hải Châu 2                  ,        , Quận Hải Châu       ,            , point     , cm        ,          10, 2024-11-05 08:10:32, 2024-11-05 08:10:32, False      ,                                                                                                   , 2024-11-05 08:11:36
  , 15.994331359863281, 108.21362490208081, "317 Văn Tiến Dũng, Hoà Xuân, Cẩm Lệ, Đà Nẵng 550000, Việt Nam"                                                                , Văn Tiến Dũng                                                                                                                         , Phường Hòa Xuân                    ,    7288, Quận Cẩm Lệ         ,        7282, point     , cm        ,          10, 2024-11-05 08:09:37, 2024-11-05 08:09:37, False      ,                                                                                                   , 2024-11-05 08:10:14
  , 16.051469         , 108.2423739       , "106 Mai Thúc Lân, Bắc Mỹ Phú, Ngũ Hành Sơn, Đà Nẵng 550000, Việt Nam"                                                         , Mai Thúc Lân                                                                                                                          , Phường Mỹ An                       ,    7278, Quận Ngũ Hành Sơn   ,        7277, point     , cm        ,          30, 2024-11-05 08:08:20, 2024-11-05 08:08:20, False      ,                                                                                                   , 2024-11-05 08:09:03
  , 16.042861938476562, 108.21976815485456, "76/21 Lê Vĩnh Huy, Hòa Cường, Hòa Cường Bắc, Hải Châu, Đà Nẵng, Việt Nam"                                                     , Lê Vĩnh Huy                                                                                                                           , Phường Hòa Cường Bắc               ,    7267, Quận Hải Châu       ,        7255, point     , cm        ,          10, 2024-11-05 08:05:57, 2024-11-05 08:05:57, False      ,                                                                                                   , 2024-11-05 08:06:43
  , 16.071258544921875, 108.15686526762578, "K74, 3 Đ. Ngô Thì Nhậm, Hoà Minh, Liên Chiểu, Đà Nẵng 550000, Việt Nam"                                                       , Đ. Ngô Thì Nhậm                                                                                                                       , Phường Hòa Minh                    ,    7243, Quận Liên Chiểu     ,        7238, point     , cm        ,          50, 2024-11-05 07:50:44, 2024-11-05 07:50:44, True       ,                                                                                                   , 2024-11-05 07:50:44
  , 16.075698852539062, 108.17541814699844, "19 Phan Phu Tiên, Thanh Khê Tây, Liên Chiểu, Đà Nẵng, Việt Nam"                                                               , Phan Phu Tiên                                                                                                                         , Phường Thanh Khê Tây               ,    7246, Quận Thanh Khê      ,        7244, point     , cm        ,          10, 2024-11-05 07:46:17, 2024-11-05 07:46:17, True       ,                                                                                                   , 2024-11-05 07:47:54
  , 16.06114          , 108.186041        , "15 Trần Xuân Lê, Hòa Khê, Thanh Khê, Đà Nẵng 550000, Việt Nam"                                                                , Trần Xuân Lê                                                                                                                          , Phường Hòa Khê                     ,    7254, Quận Thanh Khê      ,        7244, point     , cm        ,          10, 2024-11-05 07:38:04, 2024-11-05 07:38:04, False      ,                                                                                                   , 2024-11-05 07:38:06
  , 16.0616291        , 108.1859298       , "19/1 Trần Xuân Lê, Hòa Khê, Thanh Khê, Đà Nẵng 550000, Việt Nam"                                                              , Trần Xuân Lê                                                                                                                          , Phường Hòa Khê                     ,    7254, Quận Thanh Khê      ,        7244, point     , cm        ,           5, 2024-11-05 07:36:26, 2024-11-05 07:36:26, False      ,                                                                                                   , 2024-11-05 07:37:02
  , 16.0353693        , 108.2178587       , "49 Lê Thị Hồng Gấm, Hoà Cường Nam, Hải Châu, Đà Nẵng, Việt Nam"                                                               , Lê Thị Hồng Gấm                                                                                                                       , Phường Hòa Cường Nam               ,    7268, Quận Hải Châu       ,        7255, point     , cm        ,          10, 2024-11-05 07:36:15, 2024-11-05 07:36:15, False      ,                                                                                                   , 2024-11-05 07:36:15
  , 16.0353676        , 108.2178562       , "49 Lê Thị Hồng Gấm, Hoà Cường Nam, Hải Châu, Đà Nẵng, Việt Nam"                                                               , Lê Thị Hồng Gấm                                                                                                                       , Phường Hòa Cường Nam               ,    7268, Quận Hải Châu       ,        7255, point     , cm        ,          10, 2024-11-05 07:35:56, 2024-11-05 07:35:56, False      ,                                                                                                   , 2024-11-05 07:35:57
  , 16.0768           , 108.146952        , "26 Lạc Long Quân, Hoà Khánh Bắc, Liên Chiểu, Đà Nẵng 550000, Việt Nam"                                                        , Lạc Long Quân                                                                                                                         , Phường Hòa Khánh Bắc               ,    7241, Quận Liên Chiểu     ,        7238, point     , cm        ,          40, 2024-11-05 07:34:01, 2024-11-05 07:34:01, True       , Gần tới gối                                                                                       , 2024-11-05 07:35:47
  , 16.0353623        , 108.2178567       , "49 Lê Thị Hồng Gấm, Hoà Cường Nam, Hải Châu, Đà Nẵng, Việt Nam"                                                               , Lê Thị Hồng Gấm                                                                                                                       , Phường Hòa Cường Nam               ,    7268, Quận Hải Châu       ,        7255, point     , cm        ,          10, 2024-11-05 07:35:31, 2024-11-05 07:35:31, False      ,                                                                                                   , 2024-11-05 07:35:32
  , 16.035367         , 108.2178533       , "45 Lê Thị Hồng Gấm, Hoà Cường Nam, Hải Châu, Đà Nẵng, Việt Nam"                                                               , Lê Thị Hồng Gấm                                                                                                                       , Phường Hòa Cường Nam               ,    7268, Quận Hải Châu       ,        7255, point     , cm        ,          10, 2024-11-05 07:35:15, 2024-11-05 07:35:15, False      ,                                                                                                   , 2024-11-05 07:35:15
  , 16.035742         , 108.218349        , "236 Lê Thanh Nghị, Hoà Cường Nam, Hải Châu, Đà Nẵng, Việt Nam"                                                                , Lê Thanh Nghị                                                                                                                         , Phường Hòa Cường Nam               ,    7268, Quận Hải Châu       ,        7255, point     , cm        ,          10, 2024-11-05 07:33:28, 2024-11-05 07:33:28, True       ,                                                                                                   , 2024-11-05 07:34:43
  , 16.0355718        , 108.2217973       , "11 Trịnh Công Sơn, Hòa Cường, Hòa Cường Nam, Hải Châu, Đà Nẵng, Việt Nam"                                                     , Trịnh Công Sơn                                                                                                                        , Phường Hòa Cường Nam               ,    7268, Quận Hải Châu       ,        7255, point     , cm        ,          10, 2024-11-05 07:18:58, 2024-11-06 14:01:39, False      ,                                                                                                   , 2024-11-05 07:19:56
  , 16.03667          , 108.218212        , "223 Lê Thanh Nghị, Hoà Cường Bắc, Hải Châu, Đà Nẵng, Việt Nam"                                                                , Lê Thanh Nghị                                                                                                                         , Phường Hòa Cường Nam               ,    7268, Quận Hải Châu       ,        7255, point     , cm        ,          25, 2024-11-05 07:19:05, 2024-11-05 07:19:05, False      , Hơn nửa bánh xe ô tô                                                                              , 2024-11-05 07:19:06
  , 16.067413330078125, 108.20306044312882, "3683+X8M, Điện Biên Phủ, Chính Gián, Thanh Khê, Đà Nẵng 550000, Việt Nam"                                                     , 2                                                                                                                                     , Phường Thạc Gián                   ,    7252, Quận Thanh Khê      ,        7244, point     , cm        ,          10, 2024-11-05 07:16:57, 2024-11-06 14:02:01, True       ,                                                                                                   , 2024-11-05 07:17:27
  , 16.059528         , 108.175181        , "Yên Thế, Phường Hòa Minh, Quận Liên Chiểu, Đà Nẵng, Việt Nam"                                                                 , Thế                                                                                                                                   , Phường Hòa Minh                    ,    7243, Quận Liên Chiểu     ,        7238, point     , cm        ,          30, 2024-11-05 05:30:52, 2024-11-05 05:30:52, False      , Quá bánh xe máy                                                                                   , 2024-11-05 07:11:43
  , 16.037902         , 108.225199        , "2A Phan Đăng Lưu, Hoà Cường Bắc, Hải Châu, Đà Nẵng, Việt Nam"                                                                 , Phan Đăng Lưu                                                                                                                         , Phường Hòa Cường Bắc               ,    7267, Quận Hải Châu       ,        7255, point     , cm        ,          20, 2024-11-05 07:06:43, 2024-11-05 07:06:43, False      , Nửa bánh xe máy                                                                                   , 2024-11-05 07:09:16
  , 16.043487548828125, 108.17781803677981, "29 Ngô Tử Hạ, Hoà An, Cẩm Lệ, Đà Nẵng, Việt Nam"                                                                              , Ngô Tử Hạ                                                                                                                             , Phường Hòa An                      ,    7285, Quận Cẩm Lệ         ,        7282, point     , cm        ,          20, 2024-11-05 07:06:14, 2024-11-05 07:06:14, False      , Ngập bó vỉa hè                                                                                    , 2024-11-05 07:07:54
  , 16.054541169731696, 108.1778583007218 , "27 Trần Văn Ơn, Hoà An, Cẩm Lệ, Đà Nẵng 550000, Việt Nam"                                                                     , Trần Văn Ơn                                                                                                                           , Phường Hòa An                      ,    7285, Quận Cẩm Lệ         ,        7282, point     , cm        ,          40, 2024-11-05 07:05:10, 2024-11-05 07:05:10, True       , "Không nên đi qua chỗ Honda Quốc Tiến Bến xe, nước đang ngập sâu 40-50cm"                         , 2024-11-05 07:05:11
  , 16.0689697265625  , 108.21847447831269, "156 Hùng Vương, Hải Châu 1, Hải Châu, Đà Nẵng, Việt Nam"                                                                      , Hùng Vương                                                                                                                            , Phường Hải Châu I                  ,    7260, Quận Hải Châu       ,        7255, point     , cm        ,          10, 2024-11-05 07:02:34, 2024-11-05 07:02:34, False      ,                                                                                                   , 2024-11-05 07:03:07
  , 16.064529         , 108.181082        , "22 Bàu Trảng 6, Thanh Khê Tây, Thanh Khê, Đà Nẵng 550000, Việt Nam"                                                           , Bàu Trảng 6                                                                                                                           , Phường Thanh Khê Tây               ,    7246, Quận Thanh Khê      ,        7244, point     , cm        ,          10, 2024-11-05 06:58:18, 2024-11-05 06:58:18, False      ,                                                                                                   , 2024-11-05 07:00:05
  , 16.062799         , 108.209508        , "5 Tản Đà, Thạc Gián, Thanh Khê, Đà Nẵng 550000, Việt Nam"                                                                     , Tản Đà                                                                                                                                , Phường Thạc Gián                   ,    7252, Quận Thanh Khê      ,        7244, point     , cm        ,          30, 2024-11-05 06:54:32, 2024-11-05 06:54:32, True       ,                                                                                                   , 2024-11-05 06:56:05
  , 16.0614514        , 108.1853607       , "356P+H3J, Thanh Khê Đông, Hải Châu, Đà Nẵng 550000, Việt Nam"                                                                 , Huỳnh Ngọc Huệ                                                                                                                        , Phường Hòa Khê                     ,    7254, Quận Thanh Khê      ,        7244, point     , cm        ,          50, 2024-11-05 06:54:26, 2024-11-05 06:54:26, False      ,                                                                                                   , 2024-11-05 06:55:06
  , 16.071258544921875, 108.15686526762578, "K74, 3 Đ. Ngô Thì Nhậm, Hoà Minh, Liên Chiểu, Đà Nẵng 550000, Việt Nam"                                                       , Đ. Ngô Thì Nhậm                                                                                                                       , Phường Hòa Minh                    ,    7243, Quận Liên Chiểu     ,        7238, point     , cm        ,          50, 2024-11-05 06:54:50, 2024-11-05 06:54:50, True       ,                                                                                                   , 2024-11-05 06:54:51
  , 16.071258544921875, 108.15686526762578, "K74, 3 Đ. Ngô Thì Nhậm, Hoà Minh, Liên Chiểu, Đà Nẵng 550000, Việt Nam"                                                       , Đ. Ngô Thì Nhậm                                                                                                                       , Phường Hòa Minh                    ,    7243, Quận Liên Chiểu     ,        7238, point     , cm        ,          50, 2024-11-05 06:53:49, 2024-11-05 06:53:49, True       ,                                                                                                   , 2024-11-05 06:53:49
  , 16.071258544921875, 108.15686526762578, "K74, 3 Đ. Ngô Thì Nhậm, Hoà Minh, Liên Chiểu, Đà Nẵng 550000, Việt Nam"                                                       , Đ. Ngô Thì Nhậm                                                                                                                       , Phường Hòa Minh                    ,    7243, Quận Liên Chiểu     ,        7238, point     , cm        ,          30, 2024-11-05 06:52:45, 2024-11-05 06:52:45, True       ,                                                                                                   , 2024-11-05 06:52:45
  , 16.05737          , 108.17186         , "Da Nang Bus Station (Bến Xe Trung Tâm Đà Nẵng), Đường Tôn Đức Thắng Phường Hòa Minh, 50606 Quận Liên Chiểu"                   , Đường Tôn Đức Thắng Phường Hòa Minh                                                                                                   , Đường Tôn Đức Thắng Phường Hòa Minh,        , Quận Liên Chiểu     ,        7238, point     , cm        ,          20, 2024-11-05 06:52:08, 2024-11-06 14:03:12, False      ,                                                                                                   , 2024-11-05 06:52:37
  , 16.05242          , 108.1776          , "Đường Bắc Sơn, Phường Hòa An, 50709 Quận Cẩm Lệ"                                                                              , Đường Bắc Sơn                                                                                                                         , Phường Hòa An                      ,        , Quận Cẩm Lệ         ,        7282, point     , cm        ,          20, 2024-11-05 06:51:14, 2024-11-06 14:03:20, False      ,                                                                                                   , 2024-11-05 06:51:32
  , 16.07818603515625 , 108.21659674313095, "218/8 Đống Đa, Thuận Phước, Hải Châu, Đà Nẵng 550000, Việt Nam"                                                               , Đống Đa                                                                                                                               , Phường Thanh Bình                  ,    7256, Quận Hải Châu       ,        7255, point     , cm        ,          10, 2024-11-05 06:49:06, 2024-11-05 06:49:06, False      ,                                                                                                   , 2024-11-05 06:49:53
  , 16.081241         , 108.215937        , "102 Đường Hải Hồ, Phường Thanh Bình, Quận Hải Châu, Đà Nẵng, Việt Nam"                                                        , Đường Hải Hồ                                                                                                                          , Phường Thanh Bình                  ,    7256, Quận Hải Châu       ,        7255, point     , cm        ,          10, 2024-11-05 05:34:06, 2024-11-05 05:34:06, True       ,                                                                                                   , 2024-11-05 06:39:14
  , 16.0535           , 108.17748         , "Đường Yên Thế, Phường Hòa An, 50709 Quận Cẩm Lệ"                                                                              , Đường Yên Thế                                                                                                                         , Phường Hòa An                      ,        , Quận Cẩm Lệ         ,        7282, point     , cm        ,          25, 2024-11-05 06:37:45, 2024-11-06 14:03:39, False      ,                                                                                                   , 2024-11-05 06:38:06
  , 16.03576          , 108.22907         , "Đường Doãn Khuê, Phường Hòa Cường Bắc, 50217 Quận Hải Châu"                                                                   , Đường Doãn Khuê                                                                                                                       , Phường Hòa Cường Bắc               ,        , Quận Hải Châu       ,        7255, point     , cm        ,          20, 2024-11-05 06:37:20, 2024-11-06 14:03:46, False      ,                                                                                                   , 2024-11-05 06:37:40
  , 16.03735          , 108.22097         , "Đường Phan Đăng Lưu, Quận Hải Châu"                                                                                           , Đường Phan Đăng Lưu                                                                                                                   ,                                    ,        , Quận Hải Châu       ,        7255, point     , cm        ,          20, 2024-11-05 06:36:18, 2024-11-06 14:03:53, False      ,                                                                                                   , 2024-11-05 06:37:03
  , 16.0587158203125  , 108.17282790966496, "49 Nguyễn Thái Bình, Hoà Minh, Liên Chiểu, Đà Nẵng 550000, Việt Nam"                                                          , Nguyễn Thái Bình                                                                                                                      , Phường Hòa Minh                    ,    7243, Quận Liên Chiểu     ,        7238, point     , cm        ,          20, 2024-11-05 06:33:45, 2024-11-05 06:33:45, True       , Nữa bánh xe máy                                                                                   , 2024-11-05 06:34:36
  , 16.04537          , 108.21836         , "Đường Tiểu La, Quận Hải Châu"                                                                                                 , Đường Tiểu La                                                                                                                         ,                                    ,        , Quận Hải Châu       ,        7255, point     , cm        ,          10, 2024-11-05 06:33:43, 2024-11-06 14:04:05, False      ,                                                                                                   , 2024-11-05 06:34:01
  , 16.0576222        , 108.2140635       , "253/38 Đ. Nguyễn Hoàng, Bình Hiên, Hải Châu, Đà Nẵng 550000, Việt Nam"                                                        , Đ. Nguyễn Hoàng                                                                                                                       , Phường Bình Hiên                   ,    7265, Quận Hải Châu       ,        7255, point     , cm        ,          20, 2024-11-05 06:25:54, 2024-11-05 06:25:54, False      ,                                                                                                   , 2024-11-05 06:27:36
  , 16.0367248        , 108.222861        , "Q, 447/14a Núi Thành, P, Hải Châu, Đà Nẵng, Việt Nam"                                                                         , Núi Thành                                                                                                                             , Phường Hòa Cường Nam               ,    7268, Quận Hải Châu       ,        7255, point     , cm        ,          10, 2024-11-05 06:12:10, 2024-11-05 06:12:10, True       , Trong nhà 10cm. Ngoài sân 20cm. Kiệt trước nhà khoảng 40cm                                        , 2024-11-05 06:16:37
  , 16.067368         , 108.166785        , "237 Tô Hiệu, Hoà Minh, Liên Chiểu, Đà Nẵng 550000, Việt Nam"                                                                  , Tô Hiệu                                                                                                                               , Phường Hòa Minh                    ,    7243, Quận Liên Chiểu     ,        7238, point     , cm        ,          60, 2024-11-05 06:11:51, 2024-11-05 06:11:51, True       ,                                                                                                   , 2024-11-05 06:11:54
  , 16.069610595703125, 108.1837527012234 , "836 Trần Cao Vân, Phường Thanh Khê Đông, Quận Thanh Khê, Thành Phố Đà Nẵng, Thanh Khê Đông, Thanh Khê, Đà Nẵng, Việt Nam"     , Trần Cao Vân                                                                                                                          , Phường Thanh Khê Đông              ,    7247, Quận Thanh Khê      ,        7244, point     , cm        ,          30, 2024-11-05 06:10:59, 2024-11-05 06:10:59, False      ,                                                                                                   , 2024-11-05 06:11:40
  , 16.043731689453125, 108.20780510417009, "489 Đường Trưng Nữ Vương, Phường Hòa Thuận Tây, Quận Hải Châu, Đà Nẵng, Việt Nam"                                             , Đường Trưng Nữ Vương                                                                                                                  , Phường Hòa Thuận Tây               ,    7262, Quận Hải Châu       ,        7255, point     , cm        ,          10, 2024-11-05 06:03:15, 2024-11-05 06:03:15, True       ,                                                                                                   , 2024-11-05 06:05:23
  , 16.043731689453125, 108.20780510417009, "489 Đường Trưng Nữ Vương, Phường Hòa Thuận Tây, Quận Hải Châu, Đà Nẵng, Việt Nam"                                             , Đường Trưng Nữ Vương                                                                                                                  , Phường Hòa Thuận Tây               ,    7262, Quận Hải Châu       ,        7255, point     , cm        ,          10, 2024-11-05 06:03:15, 2024-11-05 06:03:15, True       ,                                                                                                   , 2024-11-05 06:05:21
  , 16.06327          , 108.21063         , "Đường Hàm Nghi, Phường Thạc Gián, 50312 Quận Thanh Khê"                                                                       , Đường Hàm Nghi                                                                                                                        , Phường Thạc Gián                   ,        , Quận Thanh Khê      ,        7244, point     , cm        ,          15, 2024-11-05 05:57:18, 2024-11-06 14:05:02, False      ,                                                                                                   , 2024-11-05 06:01:13
  , 16.042633056640625, 108.22230255089933, "9 Kiệt 342 Đ.2/9, Hoà Cường Bắc, Hải Châu, Đà Nẵng 550000, Việt Nam"                                                          , Kiệt 342 Đ.2/9                                                                                                                        , Phường Hòa Cường Bắc               ,    7267, Quận Hải Châu       ,        7255, point     , cm        ,          30, 2024-11-05 05:51:13, 2024-11-05 05:51:13, False      , "Quá gối, xe máy và oto khả năng chết máy cao"                                                    , 2024-11-05 05:52:24
  , 16.0428811        , 108.239256        , "247 Hoài Thanh, Bắc Mỹ An, Ngũ Hành Sơn, Đà Nẵng 550000, Việt Nam"                                                            , Hoài Thanh                                                                                                                            , Phường Mỹ An                       ,    7278, Quận Ngũ Hành Sơn   ,        7277, point     , cm        ,          40, 2024-11-05 05:46:18, 2024-11-05 05:46:18, False      , "Khi tôi bỏ chạy với xe hơi là 20cm . Đang đi là có chỗ 30cm . Có lẽ sau khi thoát giờ là 40,50cm", 2024-11-05 05:47:39
  , 16.054174         , 108.188345        , "299 Phần Lăng 1, Hòa Thuận Tây, Thanh Khê, Đà Nẵng 550000, Việt Nam"                                                          , Phần Lăng 1                                                                                                                           , Phường Hòa Thuận Tây               ,    7262, Quận Hải Châu       ,        7255, point     , cm        ,          60, 2024-11-05 05:38:50, 2024-11-05 05:38:50, True       , "Nước ngập cao, rút không kịp."                                                                   , 2024-11-05 05:39:53
  , 16.0443022        , 108.206423        , "664 Trưng Nữ Vương, Hòa Thuận Nam, Hải Châu, Đà Nẵng 550000, Việt Nam"                                                        , Trưng Nữ Vương                                                                                                                        , Phường Hòa Thuận Tây               ,    7262, Quận Hải Châu       ,        7255, point     , cm        ,          10, 2024-11-05 05:39:07, 2024-11-05 05:39:07, True       ,                                                                                                   , 2024-11-05 05:39:07
  , 16.0443022        , 108.206423        , "664 Trưng Nữ Vương, Hòa Thuận Nam, Hải Châu, Đà Nẵng 550000, Việt Nam"                                                        , Trưng Nữ Vương                                                                                                                        , Phường Hòa Thuận Tây               ,    7262, Quận Hải Châu       ,        7255, point     , cm        ,          10, 2024-11-05 05:36:45, 2024-11-05 05:36:45, False      , Nước lên nhanh                                                                                    , 2024-11-05 05:38:02
  , 16.069961547851562, 108.18603513407402, "204 Kỳ Đồng, Thanh Khê Đông, Thanh Khê, Đà Nẵng, Việt Nam"                                                                    , Kỳ Đồng                                                                                                                               , Phường Xuân Hà                     ,    7248, Quận Thanh Khê      ,        7244, point     , cm        ,          25, 2024-11-05 05:30:32, 2024-11-05 05:30:32, True       , Ngập nửa bánh xe                                                                                  , 2024-11-05 05:36:41
  , 16.077284         , 108.22284         , "24 Trần Phú, Thạch Thang, Thanh Khê, Đà Nẵng 550000, Việt Nam"                                                                , Trần Phú                                                                                                                              , Phường Thạch Thang                 ,    7258, Quận Hải Châu       ,        7255, point     , cm        ,          10, 2024-11-04 10:34:49, 2024-11-04 10:34:49, True       ,                                                                                                   , 2024-11-04 10:35:49
  , 16.0502164        , 108.2140189       , "510 Đường Nguyễn Tri Phương, Phường Hòa Thuận Tây, Quận Hải Châu, Đà Nẵng, Việt Nam"                                          , Đường Nguyễn Tri Phương                                                                                                               , Phường Hòa Thuận Đông              ,    7263, Quận Hải Châu       ,        7255, point     , cm        ,          10, 2024-11-02 18:38:54, 2024-11-02 18:38:54, False      ,                                                                                                   , 2024-11-02 18:41:14
  , 16.0377244        , 108.2160317       , "54-52 Ngô Tất Tố, Hoà Cường Bắc, Hải Châu, Đà Nẵng, Việt Nam"                                                                 , Ngô Tất Tố                                                                                                                            , Phường Hòa Cường Nam               ,    7268, Quận Hải Châu       ,        7255, point     , cm        ,          10, 2024-11-02 09:33:02, 2024-11-02 09:33:02, False      ,                                                                                                   , 2024-11-02 09:33:46
  , 16.06898          , 108.22403         , "50 Đường Trần Phú, Phường Hải Châu 1, 50206 Quận Hải Châu"                                                                    , 50 Đường Trần Phú                                                                                                                     , Phường Hải Châu 1                  ,        , Quận Hải Châu       ,        7255, point     , cm        ,          50, 2024-11-02 08:34:04,                    , False      ,                                                                                                   , 2024-11-02 08:34:24
  , 16.076690673828125, 108.22277950792237, "Tầng 25, Trung tâm Hành chính Đà Nẵng, 24 Trần Phú, Thạch Thang, Hải Châu, Đà Nẵng 550000, Việt Nam"                          , 25                                                                                                                                    , Phường Thạch Thang                 ,    7258, Quận Hải Châu       ,        7255, point     , cm        ,          10, 2024-11-02 08:34:19, 2024-11-02 08:34:19, False      ,                                                                                                   , 2024-11-02 08:34:20
  , 16.08799          , 108.220936        , "167 Như Nguyệt, Thuận Phước, Hải Châu, Đà Nẵng 550000, Việt Nam"                                                              , Như Nguyệt                                                                                                                            , Phường Thuận Phước                 ,    7257, Quận Hải Châu       ,        7255, point     , cm        ,          20, 2024-10-27 08:21:23, 2024-10-27 08:21:23, False      , "Nước dâng, triều cường, ngập hết lòng đường"                                                     , 2024-10-27 08:21:24
  , 16.089883         , 108.217052        , "91 Phạm Ngọc Thạch, Thuận Phước, Hải Châu, Đà Nẵng 550000, Việt Nam"                                                          , Phạm Ngọc Thạch                                                                                                                       , Phường Thanh Bình                  ,    7256, Quận Hải Châu       ,        7255, point     , cm        ,          15, 2024-10-27 08:15:32, 2024-10-27 08:15:32, False      , Nước ngập hết lòng đường                                                                          , 2024-10-27 08:15:32
  , 16.07919          , 108.1664489       , "42 Phùng Chí Kiên, Hoà Minh, Liên Chiểu, Đà Nẵng, Việt Nam"                                                                   , Phùng Chí Kiên                                                                                                                        , Phường Hòa Minh                    ,    7243, Quận Liên Chiểu     ,        7238, point     , cm        ,          10, 2024-10-27 07:52:25, 2024-10-27 07:52:25, False      ,                                                                                                   , 2024-10-27 07:53:16
  , 16.0702008        , 108.2016194       , "27 Lê Độ, Chính Gián, Thanh Khê, Đà Nẵng, Việt Nam"                                                                           , Lê Độ                                                                                                                                 , Phường Xuân Hà                     ,    7248, Quận Thanh Khê      ,        7244, point     , cm        ,          11, 2024-10-27 07:01:09, 2024-10-27 07:01:09, False      ,                                                                                                   , 2024-10-27 07:01:51
  , 16.0772           , 108.22335         , "24 Đường Trần Phú, Phường Thạch Thang, 50207 Quận Hải Châu"                                                                   , 24 Đường Trần Phú                                                                                                                     , Phường Thạch Thang                 ,        , Quận Hải Châu       ,        7255, point     , cm        ,          10, 2024-10-26 15:39:06,                    , False      ,                                                                                                   , 2024-10-26 15:41:15
  , 16.06394          , 108.23185         , "Hẻm 45 Đường An Mỹ 08 (Hem 45 Duong An My 08), Phường An Hải Tây, 50406 Quận Sơn Trà"                                         , Hẻm 45 Đường An Mỹ 08 (Hem 45 Duong An My 08)                                                                                         , Phường An Hải Tây                  ,        , Quận Sơn Trà        ,        7269, point     , cm        ,          10, 2024-10-24 15:24:43,                    , False      ,                                                                                                   , 2024-10-24 15:24:54
  , 16.04288          , 108.21747         , "46 Đường Lê Thanh Nghị, Phường Hòa Cường Bắc, 50217 Quận Hải Châu"                                                            , 46 Đường Lê Thanh Nghị                                                                                                                , Phường Hòa Cường Bắc               ,        , Quận Hải Châu       ,        7255, point     , cm        ,          10, 2024-10-24 15:23:06,                    , False      ,                                                                                                   , 2024-10-24 15:23:27
  , 16.04309          , 108.21754         , "40 Lê Thanh Nghị, Hoà Cường Bắc, Hải Châu, Đà Nẵng 550000, Việt Nam"                                                          , Lê Thanh Nghị                                                                                                                         , Phường Hòa Cường Bắc               ,    7267, Quận Hải Châu       ,        7255, point     , cm        ,          10, 2024-10-24 13:20:52, 2024-10-24 13:20:52, False      ,                                                                                                   , 2024-10-24 13:21:12
  , 16.04292          , 108.21747         , "52 Đường Lê Thanh Nghị, Phường Hòa Cường Bắc, Quận Hải Châu, Đà Nẵng, Việt Nam"                                               , Đường Lê Thanh Nghị                                                                                                                   , Phường Hòa Cường Bắc               ,    7267, Quận Hải Châu       ,        7255, point     , cm        ,          10, 2024-10-24 13:20:21, 2024-10-24 13:20:21, False      ,                                                                                                   , 2024-10-24 13:20:40
  , 16.06593          , 108.20764         , "04 Phan Thanh Đà Nẵng (04 Phan Thanh Da Nang), Đường Phan Thanh 2 Phường Thạc Gián, 50312 Quận Thanh Khê"                     , Đường Phan Thanh 2 Phường Thạc Gián                                                                                                   , Phường Thạc Gián                   ,        , Quận Thanh Khê      ,        7244, point     , cm        ,          10, 2024-10-23 16:21:31,                    , False      ,                                                                                                   , 2024-10-23 16:44:06
  , 16.06593          , 108.20764         , "04 Phan Thanh Đà Nẵng (04 Phan Thanh Da Nang), Đường Phan Thanh 2 Phường Thạc Gián, 50312 Quận Thanh Khê"                     , Đường Phan Thanh 2 Phường Thạc Gián                                                                                                   , Phường Thạc Gián                   ,        , Quận Thanh Khê      ,        7244, point     , cm        ,          10, 2024-10-23 16:21:31,                    , False      ,                                                                                                   , 2024-10-23 16:44:05
  , 16.06394          , 108.23185         , "Hẻm 45 Đường An Mỹ 08 (Hem 45 Duong An My 08), Phường An Hải Tây, 50406 Quận Sơn Trà"                                         , Hẻm 45 Đường An Mỹ 08 (Hem 45 Duong An My 08)                                                                                         , Phường An Hải Tây                  ,        , Quận Sơn Trà        ,        7269, point     , cm        ,          10, 2024-10-23 16:43:38,                    , False      ,                                                                                                   , 2024-10-23 16:43:44
  , 16.10258          , 108.11867         , "Đường A-07 (Duong A-07), Phường Hòa Hiệp Nam, 50609 Quận Liên Chiểu"                                                          , Đường A-07 (Duong A-07)                                                                                                               , Phường Hòa Hiệp Nam                ,        , Quận Liên Chiểu     ,        7238, point     , cm        ,          10, 2024-10-23 16:42:51,                    , False      ,                                                                                                   , 2024-10-23 16:43:36
  , 16.06593          , 108.20764         , "04 Phan Thanh Đà Nẵng (04 Phan Thanh Da Nang), Đường Phan Thanh 2 Phường Thạc Gián, 50312 Quận Thanh Khê"                     , Đường Phan Thanh 2 Phường Thạc Gián                                                                                                   , Phường Thạc Gián                   ,        , Quận Thanh Khê      ,        7244, point     , cm        ,          10, 2024-10-23 16:21:31, 2024-10-23 16:35:36, False      ,                                                                                                   , 2024-10-23 16:33:50
  , 16.06593          , 108.20764         , "04 Phan Thanh Đà Nẵng (04 Phan Thanh Da Nang), Đường Phan Thanh 2 Phường Thạc Gián, 50312 Quận Thanh Khê"                     , Đường Phan Thanh 2 Phường Thạc Gián                                                                                                   , Phường Thạc Gián                   ,        , Quận Thanh Khê      ,        7244, point     , cm        ,          10, 2024-10-23 16:21:31,                    , False      ,                                                                                                   , 2024-10-23 16:21:47
  , 16.06871          , 108.18756         , "60 Nguyễn Đức Trung, Hòa Khê, Thanh Khê, Đà Nẵng, Việt Nam"                                                                   , Nguyễn Đức Trung                                                                                                                      , Phường Xuân Hà                     ,    7248, Quận Thanh Khê      ,        7244, point     , cm        ,          10, 2024-10-23 15:32:33, 2024-10-23 15:32:33, False      ,                                                                                                   , 2024-10-23 15:33:10
  , 16.07131          , 108.22496         , "68 Bach Dang Street Da Nang DAD, 68 Bạch Đằng, Hải Châu 1, Hải Châu, Đà Nẵng 550000, Việt Nam"                                , Bach Dang Street Da Nang DAD                                                                                                          , Phường Hải Châu I                  ,    7260, Quận Hải Châu       ,        7255, point     , cm        ,          14, 2024-10-23 14:36:21, 2024-10-23 14:36:21, False      ,                                                                                                   , 2024-10-23 14:36:53
  , 16.06048          , 108.21371         , "148 Nguyễn Văn Linh, Nam Dương, Hải Châu, Đà Nẵng, Việt Nam"                                                                  , Nguyễn Văn Linh                                                                                                                       , Phường Nam Dương                   ,    7264, Quận Hải Châu       ,        7255, street    , cm        ,          90, 2024-10-23 14:28:42, 2024-10-23 14:28:42, False      ,                                                                                                   , 2024-10-23 14:29:23
  , 16.06522          , 108.2209          , "90 Đường Thái Phiên, Phường Phước Ninh, Quận Hải Châu, Đà Nẵng, Việt Nam"                                                     , Đường Thái Phiên                                                                                                                      , Phường Phước Ninh                  ,    7261, Quận Hải Châu       ,        7255, street    , cm        ,          30, 2024-10-23 14:27:40, 2024-10-23 14:27:40, False      ,                                                                                                   , 2024-10-23 14:28:12
  , 16.06633          , 108.22178         , "46 Trần Quốc Toản, Hải Châu 1, Quận Hải Châu, Đà Nẵng, Việt Nam"                                                              , Trần Quốc Toản                                                                                                                        , Phường Hải Châu I                  ,    7260, Quận Hải Châu       ,        7255, street    , cm        ,          20, 2024-10-23 14:26:27, 2024-10-23 14:26:27, False      ,                                                                                                   , 2024-10-23 14:27:08
  , 16.07097          , 108.22507         , "70 Bạch Đằng, Hải Châu 1, Hải Châu, Đà Nẵng 550000, Việt Nam"                                                                 , Bạch Đằng                                                                                                                             , Phường Hải Châu I                  ,    7260, Quận Hải Châu       ,        7255, point     , cm        ,          80, 2024-10-23 14:25:27, 2024-10-23 14:25:27, False      ,                                                                                                   , 2024-10-23 14:25:33
  , 16.07278          , 108.22476         , "209 Bạch Đằng, Hải Châu 1, Hải Châu, Đà Nẵng 550000, Việt Nam"                                                                , Bạch Đằng                                                                                                                             , Phường Hải Châu I                  ,    7260, Quận Hải Châu       ,        7255, point     , cm        ,          55, 2024-10-23 14:24:44, 2024-10-23 14:24:44, False      ,                                                                                                   , 2024-10-23 14:25:02
  , 16.07596          , 108.22898         , "36GH+9J3, 277 Đ. Trần Hưng Đạo, An Hải Bắc, Sơn Trà, Đà Nẵng 550000, Việt Nam"                                                , Đ. Trần Hưng Đạo                                                                                                                      , Phường An Hải Bắc                  ,    7273, Quận Sơn Trà        ,        7269, point     , cm        ,          30, 2024-10-23 14:22:59, 2024-10-23 14:22:59, False      ,                                                                                                   , 2024-10-23 14:24:04
  , 16.0772           , 108.22335         , "Khách Sạn Novotel Premier, Cổng Trần Phú, Trần Phú, Phường Thạch Thang, Quận Hải Châu, Đà Nẵng, Việt Nam"                     , Sạn Novotel Premier                                                                                                                   , Phường Thạch Thang                 ,    7258, Quận Hải Châu       ,        7255, point     , cm        ,          20, 2024-10-23 14:22:23, 2024-10-23 14:22:23, False      ,                                                                                                   , 2024-10-23 14:22:45
  , 16.07969          , 108.14708         , "193 Đường Nguyễn Lương Bằng, Phường Hòa Khánh Bắc, Quận Liên Chiểu, Đà Nẵng, Việt Nam"                                        , Đường Nguyễn Lương Bằng                                                                                                               , Phường Hòa Khánh Bắc               ,    7241, Quận Liên Chiểu     ,        7238, street    , cm        ,          20, 2024-10-23 14:21:34, 2024-10-23 14:21:34, False      ,                                                                                                   , 2024-10-23 14:22:28
  , 16.033055         , 108.223181        , "50 Hoàng Hoa Thám, Phường Tân Chính, Quận Thanh Khê"                                                                          ,                                                                                                                                       , Phường Tân Chính                   ,        , Quận Hải Châu       ,        7255, point     , cm        ,          10, 2024-10-11 16:02:28,                    , True       ,                                                                                                   , 2024-10-11 16:05:44
  , 16.06899          , 108.21003         , "50 Đường Hoàng Hoa Thám, Phường Tân Chính, 50314 Quận Thanh Khê"                                                              , 50 Đường Hoàng Hoa Thám                                                                                                               , Phường Tân Chính                   ,        , Quận Thanh Khê      ,        7244, point     , cm        ,          10, 2024-10-11 15:52:21,                    , False      ,                                                                                                   , 2024-10-11 15:53:02
  , 16.054174         , 108.188345        , "Nguyễn Công Trứ , Phường Phước Mỹ, Quận Sơn Trà"                                                                              ,                                                                                                                                       , Phường Phước Mỹ                    ,        , Quận Hải Châu       ,        7255, point     , cm        ,          10, 2024-10-11 15:45:58,                    , False      ,                                                                                                   , 2024-10-11 15:46:40
  , 16.054174         , 108.188345        , "145 nguyễn hữu dật, Phường Hòa Cường Bắc, Quận Hải Châu"                                                                      ,                                                                                                                                       , Phường Hòa Cường Bắc               ,        , Quận Hải Châu       ,        7255, point     , cm        ,          45, 2024-10-11 14:44:37, 2024-10-11 14:46:38, True       , Quá bánh xe                                                                                       , 2024-10-11 14:44:38
  , 16.0683           , 108.2003          , "40 Đường Thái Thị Bôi, Phường Chính Gián, 50311 Quận Thanh Khê"                                                               , 40 Đường Thái Thị Bôi                                                                                                                 , Phường Chính Gián                  ,        , Quận Thanh Khê      ,        7244, street    , cm        ,          41, 2024-10-11 14:23:39, 2024-10-11 14:42:37, False      ,                                                                                                   , 2024-10-11 14:26:27
  , 16.08072          , 108.21916         , "9 Đường Lê Lợi, Phường Thạch Thang, 50207 Quận Hải Châu"                                                                      , 9 Đường Lê Lợi                                                                                                                        , Phường Thạch Thang                 ,        , Quận Hải Châu       ,        7255, point     , cm        ,          10, 2024-10-11 13:58:38, 2024-10-11 14:42:42, False      ,                                                                                                   , 2024-10-11 13:58:52
  , 16.06038          , 108.21822         , "Quán 08 Các Món Nhậu Bình Dân (Quan 08 Huynh Thuc Khang), Đường Huỳnh Thúc Kháng 56 Phường Nam Dương, 50212 Quận Hải Châu"    , Đường Huỳnh Thúc Kháng 56 Phường Nam Dương                                                                                            , Phường Nam Dương                   ,        , Quận Hải Châu       ,        7255, point     , cm        ,          10, 2024-10-11 13:58:27, 2024-10-11 14:42:45, False      ,                                                                                                   , 2024-10-11 13:58:34
  , 16.06038          , 108.21822         , "Quán 08 Các Món Nhậu Bình Dân (Quan 08 Huynh Thuc Khang), Đường Huỳnh Thúc Kháng 56 Phường Nam Dương, 50212 Quận Hải Châu"    , Đường Huỳnh Thúc Kháng 56 Phường Nam Dương                                                                                            , Phường Nam Dương                   ,        , Quận Hải Châu       ,        7255, point     , cm        ,          10, 2024-10-11 13:57:35, 2024-10-11 14:42:49, False      ,                                                                                                   , 2024-10-11 13:57:42
  , 16.06659          , 108.21015         , "9 Đường Lý Thái Tổ, Phường Thạc Gián, 50312 Quận Thanh Khê"                                                                   , 9 Đường Lý Thái Tổ                                                                                                                    , Phường Thạc Gián                   ,        , Quận Thanh Khê      ,        7244, point     , cm        ,          10, 2024-10-11 13:57:12, 2024-10-11 14:42:58, True       ,                                                                                                   , 2024-10-11 13:57:32
  , 16.07709          , 108.21957         , "80 Đường Lê Lợi, Phường Thạch Thang, 50207 Quận Hải Châu"                                                                     , 80 Đường Lê Lợi                                                                                                                       , Phường Thạch Thang                 ,        , Quận Hải Châu       ,        7255, point     , cm        ,         105, 2024-10-11 13:55:48, 2024-10-11 14:01:38, False      ,                                                                                                   , 2024-10-11 13:56:11
  , 16.05556          , 108.22154         , "20 Đường Lê Quý Đôn, Phường Bình Thuận, 50214 Quận Hải Châu"                                                                  , 20 Đường Lê Quý Đôn                                                                                                                   , Phường Bình Thuận                  ,        , Quận Hải Châu       ,        7255, point     , cm        ,          55, 2024-10-11 13:53:04, 2024-10-11 14:43:08, True       ,                                                                                                   , 2024-10-11 13:53:49
  , 16.07384          , 108.22454         , "50 Đường Bạch Đằng, Phường Hải Châu 1, 50206 Quận Hải Châu"                                                                   , 50 Đường Bạch Đằng                                                                                                                    , Phường Hải Châu 1                  ,        , Quận Hải Châu       ,        7255, point     , cm        ,          30, 2024-10-11 13:51:49, 2024-10-11 14:43:12, True       ,                                                                                                   , 2024-10-11 13:52:37
  , 16.06916          , 108.22393         , "100 Đường Trần Phú, Phường Hải Châu 1, 50206 Quận Hải Châu"                                                                   , 100 Đường Trần Phú                                                                                                                    , Phường Hải Châu 1                  ,        , Quận Hải Châu       ,        7255, point     , cm        ,          25, 2024-10-11 13:50:32, 2024-10-11 14:43:24, False      ,                                                                                                   , 2024-10-11 13:50:48
  , 16.06659          , 108.21025         , "2 Đường Lý Thái Tổ (Duong Ly Thai To), Phường Thạc Gián, 50312 Quận Thanh Khê"                                                , 2 Đường Lý Thái Tổ (Duong Ly Thai To)                                                                                                 , Phường Thạc Gián                   ,        , Quận Thanh Khê      ,        7244, point     , cm        ,          10, 2024-10-10 17:54:40, 2024-10-11 13:23:46, False      ,                                                                                                   , 2024-10-10 17:54:54
  , 16.06916          , 108.22393         , "100 Đường Trần Phú, Phường Hải Châu 1, 50206 Quận Hải Châu"                                                                   , 100 Đường Trần Phú                                                                                                                    , Phường Hải Châu 1                  ,        , Quận Hải Châu       ,        7255, point     , cm        ,          10, 2024-10-09 16:05:59, 2024-10-11 12:01:04, False      ,                                                                                                   , 2024-10-10 17:36:12
  , 16.1235097        , 108.1211065       , "17 Nguyễn Văn Cừ, Hoà Hiệp Bắc, Liên Chiểu, Đà Nẵng, Việt Nam"                                                                , Nguyễn Văn Cừ                                                                                                                         , Phường Hòa Hiệp Bắc                ,    7239, Quận Liên Chiểu     ,        7238, point     , cm        ,          10, 2024-09-17 08:36:44, 2024-09-17 08:36:44, False      ,                                                                                                   , 2024-09-17 08:37:26
  , 16.0747807        , 108.2221366       , "24 Trần Phú, Thạch Thang, Hải Châu, Đà Nẵng 550000, Việt Nam"                                                                 , Trần Phú                                                                                                                              , Phường Hải Châu I                  ,    7260, Quận Hải Châu       ,        7255, point     , cm        ,          10, 2024-08-27 14:40:20, 2024-08-27 14:40:20, False      ,                                                                                                   , 2024-08-27 14:40:35
  , 16.0500441        , 108.2375955       , "100 Ngũ Hành Sơn, Bắc Mỹ Phú, Ngũ Hành Sơn, Đà Nẵng 550000, Việt Nam"                                                         , Ngũ Hành Sơn                                                                                                                          , Phường Mỹ An                       ,    7278, Quận Ngũ Hành Sơn   ,        7277, point     , cm        ,          10, 2024-08-26 15:08:47, 2024-08-26 15:08:47, False      ,                                                                                                   , 2024-08-26 15:09:22
  , 16.0747807        , 108.2221366       , "24 Trần Phú, Thạch Thang, Hải Châu, Đà Nẵng 550000, Việt Nam"                                                                 , Trần Phú                                                                                                                              , Phường Hải Châu I                  ,    7260, Quận Hải Châu       ,        7255, point     , cm        ,          10, 2024-08-26 13:41:22, 2024-08-26 13:41:22, False      ,                                                                                                   , 2024-08-26 13:42:39
  , 16.058329         , 108.204388        , "BAY COFFEE, Đường Nguyễn Văn Linh, Phường Hòa Thuận Tây, Quận Hải Châu, Thành Phố Đà Nẵng, Việt Nam"                          , COFFEE                                                                                                                                , Phường Hòa Thuận Tây               ,    7262, Quận Hải Châu       ,        7255, point     , cm        ,          10, 2024-08-26 10:16:40, 2024-08-26 10:16:40, False      ,                                                                                                   , 2024-08-26 10:17:53
  , 16.082909         , 108.218314        , "1 Ngô Chi Lan, Phường Thuận Phước, Quận Hải Châu, Thành phố Đà Nẵng"                                                          , Đường Ngô Chi Lan (Toàn bộ tuyến đường)                                                                                               , Phường Thuận Phước                 ,    7257, Quận Hải Châu       ,        7255, street    , cm        ,          50, 2022-10-14 12:00:00, 2022-10-14 12:00:00, False      ,                                                                                                   , 2022-10-14 12:00:00
  , 16.082367         , 108.217774        , "1 Phan Kế Bính, Phường Thuận Phước, Quận Hải Châu, Thành phố Đà Nẵng"                                                         , Đường Phan Kế Bính (Toàn bộ tuyến đường)                                                                                              , Phường Thuận Phước                 ,    7257, Quận Hải Châu       ,        7255, street    , cm        ,          50, 2022-10-14 12:00:00, 2022-10-14 12:00:00, False      ,                                                                                                   , 2022-10-14 12:00:00
  , 16.084385         , 108.219739        , "1 Hàn Mặc Tử, Phường Thuận Phước, Quận Hải Châu, Thành phố Đà Nẵng"                                                           , Đường Hàn Mặc Tử (Toàn bộ tuyến đường)                                                                                                , Phường Thuận Phước                 ,    7257, Quận Hải Châu       ,        7255, street    , cm        ,          50, 2022-10-14 12:00:00, 2022-10-14 12:00:00, False      ,                                                                                                   , 2022-10-14 12:00:00
  , 16.083629         , 108.216483        , "1 Mai Lão Bạng, Phường Thuận Phước, Quận Hải Châu, Thành phố Đà Nẵng"                                                         , Đường Mai Lão Bạng (Toàn bộ tuyến đường)                                                                                              , Phường Thanh Bình                  ,    7256, Quận Hải Châu       ,        7255, street    , cm        ,          50, 2022-10-14 12:00:00, 2022-10-14 12:00:00, False      ,                                                                                                   , 2022-10-14 12:00:00
  , 16.055457         , 108.220587        , "1 Lê Quý Đôn, Phường Bình Thuận, Quận Hải Châu, Thành phố Đà Nẵng"                                                            , Đường Lê Quý Đôn (Toàn bộ tuyến đường)                                                                                                , Phường Bình Thuận                  ,    7266, Quận Hải Châu       ,        7255, street    , cm        ,          50, 2022-10-14 12:00:00, 2022-10-14 12:00:00, False      ,                                                                                                   , 2022-10-14 12:00:00
  , 16.056468         , 108.221084        , "1 Nguyễn Thiện Thuật, Phường Bình Thuận, Quận Hải Châu, Thành phố Đà Nẵng"                                                    , Đường Nguyễn Thiện Thuật (Toàn bộ tuyến đường)                                                                                        , Phường Bình Hiên                   ,    7265, Quận Hải Châu       ,        7255, street    , cm        ,          50, 2022-10-14 12:00:00, 2022-10-14 12:00:00, False      ,                                                                                                   , 2022-10-14 12:00:00
  , 16.060342         , 108.215033        , "155 Nguyễn Văn Linh, Phường Nam Dương, Quận Hải Châu, Thành phố Đà Nẵng"                                                      , Đường Nguyễn Văn Linh (Từ số nhà 155 đến số nhà 197)                                                                                  , Phường Nam Dương                   ,    7264, Quận Hải Châu       ,        7255, street    , cm        ,          50, 2022-10-14 12:00:00, 2022-10-14 12:00:00, False      ,                                                                                                   , 2022-10-14 12:00:00
  , 16.085414         , 108.215902        , "2 Mai Am, Phường Thanh Bình, Quận Hải Châu, Thành phố Đà Nẵng"                                                                , Đường Mai Am (Từ số nhà 02 đến số nhà 126)                                                                                            , Phường Thanh Bình                  ,    7256, Quận Hải Châu       ,        7255, street    , cm        ,          50, 2022-10-14 12:00:00, 2022-10-14 12:00:00, False      ,                                                                                                   , 2022-10-14 12:00:00
  , 16.081343         , 108.212645        , "2 Thanh Hải, Phường Thanh Bình, Quận Hải Châu, Thành phố Đà Nẵng"                                                             , Đường Thanh Hải (Từ số nhà 02 đến số nhà 100)                                                                                         , Phường Thanh Bình                  ,    7256, Quận Hải Châu       ,        7255, street    , cm        ,          50, 2022-10-14 12:00:00, 2022-10-14 12:00:00, False      ,                                                                                                   , 2022-10-14 12:00:00
  , 16.080028         , 108.215291        , "2 Hải Hồ, Phường Thanh Bình, Quận Hải Châu, Thành phố Đà Nẵng"                                                                , Đường Hải Hồ (Từ số nhà 02 đến số nhà 156)                                                                                            , Phường Thanh Bình                  ,    7256, Quận Hải Châu       ,        7255, street    , cm        ,          50, 2022-10-14 12:00:00, 2022-10-14 12:00:00, False      ,                                                                                                   , 2022-10-14 12:00:00
  , 16.081826         , 108.215858        , "2 Hải Sơn, Phường Thanh Bình, Quận Hải Châu, Thành phố Đà Nẵng"                                                               , Đường Hải Sơn (Từ số nhà 02 đến số nhà 120)                                                                                           , Phường Thanh Bình                  ,    7256, Quận Hải Châu       ,        7255, street    , cm        ,          50, 2022-10-14 12:00:00, 2022-10-14 12:00:00, False      ,                                                                                                   , 2022-10-14 12:00:00
  , 16.050855         , 108.216126        , "1 Lê Đình Thám, Phường Hòa Thuận Đông, Quận Hải Châu, Thành phố Đà Nẵng"                                                      , Đường Lê Đình Thám (Toàn bộ tuyến đường)                                                                                              , Phường Hòa Thuận Đông              ,    7263, Quận Hải Châu       ,        7255, street    , cm        ,          50, 2022-10-14 12:00:00, 2022-10-14 12:00:00, False      ,                                                                                                   , 2022-10-14 12:00:00
  , 16.053571         , 108.219193        , "1 Trưng Nữ Vương, Phường Hòa Thuận Đông, Quận Hải Châu, Thành phố Đà Nẵng"                                                    , Đường Trưng Nữ Vương (Toàn bộ tuyến đường)                                                                                            , Phường Hòa Thuận Đông              ,    7263, Quận Hải Châu       ,        7255, street    , cm        ,          50, 2022-10-14 12:00:00, 2022-10-14 12:00:00, False      ,                                                                                                   , 2022-10-14 12:00:00
  , 16.052579         , 108.220012        , "1 Núi Thành, Phường Hòa Thuận Đông, Quận Hải Châu, Thành phố Đà Nẵng"                                                         , Đường Núi Thành (Toàn bộ tuyến đường)                                                                                                 , Phường Hòa Thuận Đông              ,    7263, Quận Hải Châu       ,        7255, street    , cm        ,          50, 2022-10-14 12:00:00, 2022-10-14 12:00:00, False      ,                                                                                                   , 2022-10-14 12:00:00
  , 16.049157         , 108.217899        , "1 Duy Tân, Phường Hòa Thuận Đông, Quận Hải Châu, Thành phố Đà Nẵng"                                                           , Đường Duy Tân (Toàn bộ tuyến đường)                                                                                                   , Phường Hòa Thuận Đông              ,    7263, Quận Hải Châu       ,        7255, street    , cm        ,          50, 2022-10-14 12:00:00, 2022-10-14 12:00:00, False      ,                                                                                                   , 2022-10-14 12:00:00
  , 16.039792         , 108.212234        , "2 Đường 30/4, Phường Hòa Cường Bắc, Quận Hải Châu, Thành phố Đà Nẵng"                                                         , Đường 30/4 (Toàn bộ tuyến đường)                                                                                                      , Phường Hòa Cường Bắc               ,    7267, Quận Hải Châu       ,        7255, street    , cm        ,          50, 2022-10-14 12:00:00, 2022-10-14 12:00:00, False      ,                                                                                                   , 2022-10-14 12:00:00
  , 16.039946         , 108.220949        , "1 Hàn Thuyên, Phường Hòa Cường Bắc, Quận Hải Châu, Thành phố Đà Nẵng"                                                         , Đường Hàn Thuyên (Toàn bộ tuyến đường)                                                                                                , Phường Hòa Cường Bắc               ,    7267, Quận Hải Châu       ,        7255, street    , cm        ,          50, 2022-10-14 12:00:00, 2022-10-14 12:00:00, False      ,                                                                                                   , 2022-10-14 12:00:00
  , 16.041316         , 108.220731        , "1 ỷ Lan Nguyên Phi, Phường Hòa Cường Bắc, Quận Hải Châu, Thành phố Đà Nẵng"                                                   , Đường Ỷ Lan Nguyên Phi (Toàn bộ tuyến đường)                                                                                          , Phường Hòa Cường Bắc               ,    7267, Quận Hải Châu       ,        7255, street    , cm        ,          50, 2022-10-14 12:00:00, 2022-10-14 12:00:00, False      ,                                                                                                   , 2022-10-14 12:00:00
  , 16.038924         , 108.215709        , "2 Ngô Tất Tố, Phường Hòa Cường Bắc, Quận Hải Châu, Thành phố Đà Nẵng"                                                         , Đường Ngô Tất Tố (Toàn bộ tuyến đường)                                                                                                , Phường Hòa Cường Bắc               ,    7267, Quận Hải Châu       ,        7255, street    , cm        ,          50, 2022-10-14 12:00:00, 2022-10-14 12:00:00, False      ,                                                                                                   , 2022-10-14 12:00:00
  , 16.044662         , 108.216924        , "2 Lê Thanh Nghị, Phường Hòa Cường Bắc, Quận Hải Châu, Thành phố Đà Nẵng"                                                      , Đường Lê Thanh Nghị (Toàn bộ tuyến đường)                                                                                             , Phường Hòa Thuận Đông              ,    7263, Quận Hải Châu       ,        7255, street    , cm        ,          50, 2022-10-14 12:00:00, 2022-10-14 12:00:00, False      ,                                                                                                   , 2022-10-14 12:00:00
  , 16.039158         , 108.21858         , "1 Trần Hữu Trang, Phường Hòa Cường Bắc, Quận Hải Châu, Thành phố Đà Nẵng"                                                     , Đường Trần Hữu Trang (Toàn bộ tuyến đường)                                                                                            , Phường Hòa Cường Bắc               ,    7267, Quận Hải Châu       ,        7255, street    , cm        ,          50, 2022-10-14 12:00:00, 2022-10-14 12:00:00, False      ,                                                                                                   , 2022-10-14 12:00:00
  , 16.038103         , 108.2191          , "2 Phan Huy ôn, Phường Hòa Cường Bắc, Quận Hải Châu, Thành phố Đà Nẵng"                                                        , Đường Phan Huy Ôn (Toàn bộ tuyến đường)                                                                                               , Phường Hòa Cường Bắc               ,    7267, Quận Hải Châu       ,        7255, street    , cm        ,          50, 2022-10-14 12:00:00, 2022-10-14 12:00:00, False      ,                                                                                                   , 2022-10-14 12:00:00
  , 16.040948         , 108.211216        , "1 Vũ Hũu, Phường Hòa Cường Bắc, Quận Hải Châu, Thành phố Đà Nẵng"                                                             , Đường Vũ Hữu (Toàn bộ tuyến đường)                                                                                                    , Phường Hòa Cường Bắc               ,    7267, Quận Hải Châu       ,        7255, street    , cm        ,          50, 2022-10-14 12:00:00, 2022-10-14 12:00:00, False      ,                                                                                                   , 2022-10-14 12:00:00
  , 16.042426         , 108.212425        , "1 Nguyễn Quang Bích, Phường Hòa Cường Bắc, Quận Hải Châu, Thành phố Đà Nẵng"                                                  , Đường Nguyễn Quang Bích (Toàn bộ tuyến đường)                                                                                         , Phường Hòa Cường Bắc               ,    7267, Quận Hải Châu       ,        7255, street    , cm        ,          50, 2022-10-14 12:00:00, 2022-10-14 12:00:00, False      ,                                                                                                   , 2022-10-14 12:00:00
  , 16.042812         , 108.212992        , "2 Nguyễn Xuân ôn, Phường Hòa Cường Bắc, Quận Hải Châu, Thành phố Đà Nẵng"                                                     , Đường Nguyễn Xuân Ôn (Toàn bộ tuyến đường)                                                                                            , Phường Hòa Cường Bắc               ,    7267, Quận Hải Châu       ,        7255, street    , cm        ,          50, 2022-10-14 12:00:00, 2022-10-14 12:00:00, False      ,                                                                                                   , 2022-10-14 12:00:00
  , 16.043234         , 108.212723        , "1 Cầm Bá Thước, Phường Hòa Cường Bắc, Quận Hải Châu, Thành phố Đà Nẵng"                                                       , Đường Cầm Bá Thước (Toàn bộ tuyến đường)                                                                                              , Phường Hòa Cường Bắc               ,    7267, Quận Hải Châu       ,        7255, street    , cm        ,          50, 2022-10-14 12:00:00, 2022-10-14 12:00:00, False      ,                                                                                                   , 2022-10-14 12:00:00
  , 16.043708         , 108.218757        , "1 Lê Bá Trinh, Phường Hòa Cường Bắc, Quận Hải Châu, Thành phố Đà Nẵng"                                                        , Đường Lê Bá Trinh (Toàn bộ tuyến đường)                                                                                               , Phường Hòa Cường Bắc               ,    7267, Quận Hải Châu       ,        7255, street    , cm        ,          50, 2022-10-14 12:00:00, 2022-10-14 12:00:00, False      ,                                                                                                   , 2022-10-14 12:00:00
  , 16.043913         , 108.211462        , "1 Lương Nhữ Hộc, Phường Hòa Cường Bắc, Quận Hải Châu, Thành phố Đà Nẵng"                                                      , Đường Lương Nhữ Hộc (Toàn bộ tuyến đường)                                                                                             , Phường Hòa Cường Bắc               ,    7267, Quận Hải Châu       ,        7255, street    , cm        ,          50, 2022-10-14 12:00:00, 2022-10-14 12:00:00, False      ,                                                                                                   , 2022-10-14 12:00:00
  , 16.071486         , 108.21677         , "1 Ngô Gia Tự, Hải Châu 2, Quận Hải Châu, Thành phố Đà Nẵng"                                                                   , Đường Ngô Gia Tự (Từ số nhà 36 đến số nhà 58)                                                                                         , Phường Thạch Thang                 ,    7258, Quận Hải Châu       ,        7255, street    , cm        ,          50, 2022-10-14 12:00:00, 2022-10-14 12:00:00, False      ,                                                                                                   , 2022-10-14 12:00:00
  , 16.071605         , 108.224766        , "1 Lê Duẩn, Hải Châu 3, Quận Hải Châu, Thành phố Đà Nẵng"                                                                      , Đường Lê Duẩn (Từ số nhà 65 đến số nhà 183)                                                                                           , Phường Hải Châu I                  ,    7260, Quận Hải Châu       ,        7255, street    , cm        ,          50, 2022-10-14 12:00:00, 2022-10-14 12:00:00, False      ,                                                                                                   , 2022-10-14 12:00:00
  , 16.080167         , 108.21135         , "1 ông ích Khiêm, Hải Châu 4, Quận Hải Châu, Thành phố Đà Nẵng"                                                                , Đường Ông Ích Khiêm (Toàn bộ tuyến đường)                                                                                             , Phường Thanh Bình                  ,    7256, Quận Hải Châu       ,        7255, street    , cm        ,          50, 2022-10-14 12:00:00, 2022-10-14 12:00:00, False      ,                                                                                                   , 2022-10-14 12:00:00
  , 16.0702924        , 108.2150193       , "2 Chi Lăng, Hải Châu 5, Quận Hải Châu, Thành phố Đà Nẵng"                                                                     , Đường Chi Lăng (Từ số nhà 02 đến số nhà 94)                                                                                           , Phường Thạch Thang                 ,    7258, Quận Hải Châu       ,        7255, street    , cm        ,          50, 2022-10-14 12:00:00, 2022-10-14 12:00:00, False      ,                                                                                                   , 2022-10-14 12:00:00
  , 16.06812          , 108.217469        , "188 Hùng Vương, Hải Châu 6, Quận Hải Châu, Thành phố Đà Nẵng"                                                                 , Đường Hùng Vương (Từ số nhà 188 đến số nhà 288)                                                                                       , Phường Hải Châu I                  ,    7260, Quận Hải Châu       ,        7255, street    , cm        ,          50, 2022-10-14 12:00:00, 2022-10-14 12:00:00, False      ,                                                                                                   , 2022-10-14 12:00:00
  , 16.066684         , 108.21798         , "1 Đoàn Thị Điểm, Hải Châu 7, Quận Hải Châu, Thành phố Đà Nẵng"                                                                , Đường Đoàn Thị Điểm (Toàn bộ tuyến đường)                                                                                             , Phường Hải Châu I                  ,    7260, Quận Hải Châu       ,        7255, street    , cm        ,          50, 2022-10-14 12:00:00, 2022-10-14 12:00:00, False      ,                                                                                                   , 2022-10-14 12:00:00
  , 16.067069         , 108.216025        , "2 Triệu Nữ Vương, Hải Châu 8, Quận Hải Châu, Thành phố Đà Nẵng"                                                               , Đường Triệu Nữ Vương (Toàn bộ tuyến đường)                                                                                            , Hải Châu 8                         ,        , Hải Châu            ,            , street    , cm        ,          50, 2022-10-14 12:00:00, 2022-10-14 12:00:00, False      ,                                                                                                   , 2022-10-14 12:00:00
  , 16.063151         , 108.217167        , "164 Hoàng Diệu, Hải Châu 9, Quận Hải Châu, Thành phố Đà Nẵng"                                                                 , Đường Hoàng Diệu (Từ số nhà 164 đến số nhà 192)                                                                                       , Hải Châu 9                         ,        , Hải Châu            ,            , street    , cm        ,          50, 2022-10-14 12:00:00, 2022-10-14 12:00:00, False      ,                                                                                                   , 2022-10-14 12:00:00
  , 16.0647079        , 108.1982881       , "132 Lê Đình Dương, Hải Châu 10, Quận Hải Châu, Thành phố Đà Nẵng"                                                             , Đường Lê Đình Dương (Từ số nhà 132 đến số nhà 182)                                                                                    , Phường Chính Gián                  ,    7250, Quận Thanh Khê      ,        7244, street    , cm        ,          50, 2022-10-14 12:00:00, 2022-10-14 12:00:00, False      ,                                                                                                   , 2022-10-14 12:00:00
  , 16.0652957        , 108.2143532       , "4 Nguyễn Hoàng, Hải Châu 11, Quận Hải Châu, Thành phố Đà Nẵng"                                                                , Đường Nguyễn Hoàng (Từ số nhà 04 đến số nhà 105)                                                                                      , Hải Châu 11                        ,        , Hải Châu            ,            , street    , cm        ,          50, 2022-10-14 12:00:00, 2022-10-14 12:00:00, False      ,                                                                                                   , 2022-10-14 12:00:00
  , 16.064773         , 108.217628        , "1 Nguyễn Trãi, Hải Châu 12, Quận Hải Châu, Thành phố Đà Nẵng"                                                                 , Đường Nguyễn Trãi (Toàn bộ tuyến đường)                                                                                               , Phường Phước Ninh                  ,    7261, Quận Hải Châu       ,        7255, street    , cm        ,          50, 2022-10-14 12:00:00, 2022-10-14 12:00:00, False      ,                                                                                                   , 2022-10-14 12:00:00
  , 16.067158         , 108.214932        , "6 Phạm Ngũ Lão, Hải Châu 13, Quận Hải Châu, Thành phố Đà Nẵng"                                                                , Đường Phạm Ngũ Lão (Toàn bộ tuyến đường)                                                                                              , Hải Châu 13                        ,        , Hải Châu            ,            , street    , cm        ,          50, 2022-10-14 12:00:00, 2022-10-14 12:00:00, False      ,                                                                                                   , 2022-10-14 12:00:00
  , 16.065991         , 108.215649        , "1 Cô Bắc, Hải Châu 14, Quận Hải Châu, Thành phố Đà Nẵng"                                                                      , Đường Cô Bắc (Toàn bộ tuyến đường)                                                                                                    , Hải Châu 14                        ,        , Hải Châu            ,            , street    , cm        ,          50, 2022-10-14 12:00:00, 2022-10-14 12:00:00, False      ,                                                                                                   , 2022-10-14 12:00:00
  , 16.066875         , 108.216579        , "1 Tăng Bạt Hổ, Hải Châu 15, Quận Hải Châu, Thành phố Đà Nẵng"                                                                 , Đường Tăng Bạt Hổ (Toàn bộ tuyến đường)                                                                                               , Hải Châu 15                        ,        , Hải Châu            ,            , street    , cm        ,          50, 2022-10-14 12:00:00, 2022-10-14 12:00:00, False      ,                                                                                                   , 2022-10-14 12:00:00
  , 16.0656108        , 108.2155454       , "1 Mạc Đỉnh Chi, Hải Châu 16, Quận Hải Châu, Thành phố Đà Nẵng"                                                                , Đường Mạc Đỉnh Chi (Từ số nhà 01 đến số nhà 05)                                                                                       , Hải Châu 16                        ,        , Hải Châu            ,            , street    , cm        ,          50, 2022-10-14 12:00:00, 2022-10-14 12:00:00, False      ,                                                                                                   , 2022-10-14 12:00:00
  , 16.0619868        , 108.1837617       , "55 Đinh Núp, Tổ 78, Phường An Khê, Quận Thanh Khê, Thành phố Đà Nẵng"                                                         , "Đường Đinh Núp, tổ 78 P.An Khê (Từ số nhà 55 Đinh Núp đến số nhà 111 Đinh Núp)"                                                      , Phường Hòa Khê                     ,    7254, Quận Thanh Khê      ,        7244, street    , cm        ,         170, 2022-10-14 12:00:00, 2022-10-14 12:00:00, False      ,                                                                                                   , 2022-10-14 12:00:00
  , 16.0609828        , 108.1843872       , "110 Lý Triện, Tổ 78, Phường An Khê, Quận Thanh Khê, Thành phố Đà Nẵng"                                                        , "Đường Lý Triện, Tổ 78 P.An Khê (Từ số 110 Lý Triện đến số nhà 135 Lý Triện)"                                                         , Phường Hòa Khê                     ,    7254, Quận Thanh Khê      ,        7244, street    , cm        ,         170, 2022-10-14 12:00:00, 2022-10-14 12:00:00, False      ,                                                                                                   , 2022-10-14 12:00:00
  , 16.0605904        , 108.1850074       , "1 Nguyễn Phước Thái, Tổ 80, Phường An Khê, Quận Thanh Khê, Thành phố Đà Nẵng"                                                 , "Đường Nguyễn Phước Thái, Tổ 80 P.An Khê (Từ số nhà 01 Nguyễn Phước Thái đến số nhà 68 Nguyễn Phước Thái)"                            , Phường Hòa Khê                     ,    7254, Quận Thanh Khê      ,        7244, street    , cm        ,         170, 2022-10-14 12:00:00, 2022-10-14 12:00:00, False      ,                                                                                                   , 2022-10-14 12:00:00
  , 16.0622553        , 108.1844798       , "86 Huỳnh Ngọc Huệ, Phường An Khê, Quận Thanh Khê, Thành phố Đà Nẵng"                                                          , Đường Huỳnh Ngọc Huệ (Từ số nhà 86 Huỳnh Ngọc Huệ đến số nhà 132 Huỳnh Ngọc Huệ)                                                      , Phường Hòa Khê                     ,    7254, Quận Thanh Khê      ,        7244, street    , cm        ,         170, 2022-10-14 12:00:00, 2022-10-14 12:00:00, False      ,                                                                                                   , 2022-10-14 12:00:00
  , 16.058324         , 108.183332        , "180 Nguyễn Đình Tựu, Phường An Khê, Quận Thanh Khê, Thành phố Đà Nẵng"                                                        , "Đường Nguyễn Đình Tựu, Tổ 55 P.An Khê (Từ số nhà 180 đến 346 Nguyễn Đình Tựu)"                                                       , Phường Hòa Khê                     ,    7254, Quận Thanh Khê      ,        7244, street    , cm        ,         100, 2022-10-14 12:00:00, 2022-10-14 12:00:00, False      ,                                                                                                   , 2022-10-14 12:00:00
  , 16.0627413        , 108.1805479       , "2 Nguyễn Đình Tựu T, Phường An Khê, Quận Thanh Khê, Thành phố Đà Nẵng"                                                        , Đường Nguyễn Đình Tựu Tổ 62 và Tổ 70 p. An Khê (Từ số nhà 02 đến số nhà 180 Nguyễn Đình Tựu)                                          , Phường Thanh Khê Tây               ,    7246, Quận Thanh Khê      ,        7244, street    , cm        ,         150, 2022-10-14 12:00:00, 2022-10-14 12:00:00, False      ,                                                                                                   , 2022-10-14 12:00:00
  , 16.0590904        , 108.1838081       , "27 Cần Giuộc, Phường An Khê, Quận Thanh Khê, Thành phố Đà Nẵng"                                                               , "Đường Cần Guộc Tổ 81; 82; 87; 90, An Khê (Từ số nhà 27 đến số nhà 239 Cần giuộc)"                                                    , Phường Hòa Khê                     ,    7254, Quận Thanh Khê      ,        7244, street    , cm        ,         150, 2022-10-14 12:00:00, 2022-10-14 12:00:00, False      ,                                                                                                   , 2022-10-14 12:00:00
  , 16.053729         , 108.1870049       , "187 Nguyễn Giản Thanh Tổ 83;88, Phường An Khê, Quận Thanh Khê, Thành phố Đà Nẵng"                                             , "Đường Nguyễn Giản Thanh Tổ 83;88, P.An Khê (Từ số nhà 187 - 183 Nguyễn Giản Thanh, P.An Khê)"                                        , Phường An Khê                      ,    7253, Quận Thanh Khê      ,        7244, street    , cm        ,          50, 2022-10-14 12:00:00, 2022-10-14 12:00:00, False      ,                                                                                                   , 2022-10-14 12:00:00
  , 16.0582374        , 108.1853408       , "2 Nguyễn Khang Tổ 87, Phường An Khê, Quận Thanh Khê, Thành phố Đà Nẵng"                                                       , "Đường Nguyễn Khang Tổ 87, P.An Khê (Từ số 02 đến 144 Nguyễn Khang)"                                                                  , Phường Hòa Khê                     ,    7254, Quận Thanh Khê      ,        7244, street    , cm        ,          50, 2022-10-14 12:00:00, 2022-10-14 12:00:00, False      ,                                                                                                   , 2022-10-14 12:00:00
  , 16.062648         , 108.209036        , "1 Phan Thanh, Phường Thạc Gián, Quận Thanh Khê, Thành phố Đà Nẵng"                                                            , "Tuyến đường Phan Thanh, tổ 14,15,16,17,18,19,20,21,22,25,28,31,33,34,35,37 Thạc Gián (Từ số nhà 01 đến số nhà 169, đường Phan Thanh)", Phường Thạc Gián                   ,    7252, Quận Thanh Khê      ,        7244, street    , cm        ,         150, 2022-10-14 12:00:00, 2022-10-14 12:00:00, False      ,                                                                                                   , 2022-10-14 12:00:00
  , 16.062532         , 108.209977        , "1 Tản Đà, Phường Thạc Gián, Quận Thanh Khê, Thành phố Đà Nẵng"                                                                , "Tuyến đường Tản Đà, tổ 13, 22, 25 Thạc Gián (Từ số nhà 01 đến số nhà 93, đường Tản Đà)"                                              , Phường Thạc Gián                   ,    7252, Quận Thanh Khê      ,        7244, street    , cm        ,         100, 2022-10-14 12:00:00, 2022-10-14 12:00:00, False      ,                                                                                                   , 2022-10-14 12:00:00
  , 16.0606614        , 108.2107768       , "10 Đặng Thai Mai, Tổ 33, Phường Thạc Gián, Quận Thanh Khê, Thành phố Đà Nẵng"                                                 , "Đường Đặng Thai Mai, tổ 33, phường Thạc Gián (Từ số nhà 10 đến số nhà 56, đường Đặng Thai Mai)"                                      , Phường Thạc Gián                   ,    7252, Quận Thanh Khê      ,        7244, street    , cm        ,         150, 2022-10-14 12:00:00, 2022-10-14 12:00:00, False      ,                                                                                                   , 2022-10-14 12:00:00
  , 16.066278         , 108.210194        , "02 Hàm Nghi, Phường Thạc Gián, Quận Thanh Khê, Thành phố Đà Nẵng"                                                             , "Đường Hàm Nghi; tổ 10,11,30,32,33, phường Thạc Gián, quận Thanh Khê (Từ số nhà 02 đến số nhà 150, đường Hàm Nghi)"                   , Phường Thạc Gián                   ,    7252, Quận Thanh Khê      ,        7244, street    , cm        ,         120, 2022-10-14 12:00:00, 2022-10-14 12:00:00, False      ,                                                                                                   , 2022-10-14 12:00:00
  , 16.060049         , 108.210759        , "220 Nguyễn Văn Linh, Phường Thạc Gián, Quận Thanh Khê, Thành phố Đà Nẵng"                                                     , "Đường Nguyễn Văn Linh; tổ 33,37,38; phường Thạc Gián (Từ số nhà 220 đến số nhà 350, đường Nguyễn Văn Linh)"                          , Phường Thạc Gián                   ,    7252, Quận Thanh Khê      ,        7244, street    , cm        ,         150, 2022-10-14 12:00:00, 2022-10-14 12:00:00, False      ,                                                                                                   , 2022-10-14 12:00:00
  , 16.0663742        , 108.2101012       , "1 Đường Lý Thái Tổ Tổ 9, Phường Thạc Gián, Quận Thanh Khê, Thành phố Đà Nẵng"                                                 , "Tuyến đường Lý Thái Tổ; tổ 09; phường Thạc Gián (Từ số nhà 01 đến số nhà 47, đường Lý Thái Tổ)"                                      , Phường Thạc Gián                   ,    7252, Quận Thanh Khê      ,        7244, street    , cm        ,         100, 2022-10-14 12:00:00, 2022-10-14 12:00:00, False      ,                                                                                                   , 2022-10-14 12:00:00
  , 16.0643883        , 108.2101132       , "26 Đường Văn Cao Tổ 13, Phường Thạc Gián, Quận Thanh Khê, Thành phố Đà Nẵng"                                                  , "Tuyến đường Văn Cao; tổ 13; phường Thạc Gián (Từ số nhà 26 đến số nhà 62, đường Văn Cao)"                                            , Phường Thạc Gián                   ,    7252, Quận Thanh Khê      ,        7244, street    , cm        ,         100, 2022-10-14 12:00:00, 2022-10-14 12:00:00, False      ,                                                                                                   , 2022-10-14 12:00:00
  , 16.0777845        , 108.1728525       , "1679 Nguyễn Tất Thành, Phường Thanh Khê Tây, Quận Thanh Khê, Thành phố Đà Nẵng"                                               , "Nguyễn Tất Thành, tổ 54 – 56 (1679 Nguyễn Tất Thành đến 1877 Nguyễn Tất Thành)"                                                      , Phường Thanh Khê Tây               ,    7246, Quận Thanh Khê      ,        7244, street    , cm        ,          90, 2022-10-14 12:00:00, 2022-10-14 12:00:00, False      ,                                                                                                   , 2022-10-14 12:00:00
  , 16.069799         , 108.181793        , "154 Yên Khê 1, Phường Thanh Khê Tây, Quận Thanh Khê, Thành phố Đà Nẵng"                                                       , "đường Yên Khê 1, tổ 28, Thanh Khê Tây (154 Yên Khê 1 đến 180 Yên Khê 1)"                                                             , Phường Thanh Khê Đông              ,    7247, Quận Thanh Khê      ,        7244, street    , cm        ,         100, 2022-10-14 12:00:00, 2022-10-14 12:00:00, False      ,                                                                                                   , 2022-10-14 12:00:00
  , 16.0645482        , 108.1790123       , "1 Bàu Trảng 5, Phường Thanh Khê Tây, Quận Thanh Khê, Thành phố Đà Nẵng"                                                       , "đường Bàu Trảng 1,2,3,4,5,6,7, tổ 7 - 9, Thanh Khê Tây (01 Bàu Trảng 5 đến 48 Bàu Trảng 5)"                                          , Phường Thanh Khê Tây               ,    7246, Quận Thanh Khê      ,        7244, street    , cm        ,         275, 2022-10-14 12:00:00, 2022-10-14 12:00:00, False      ,                                                                                                   , 2022-10-14 12:00:00
  , 16.066969         , 108.182337        , "2 Mẹ Nhu, Phường Thanh Khê Tây, Quận Thanh Khê, Thành phố Đà Nẵng"                                                            , "Mẹ Nhu, tổ 12,13, Thanh Khê Tây (02 Mẹ Nhu đến 56 Mẹ Nhu)"                                                                           , Phường Thanh Khê Đông              ,    7247, Quận Thanh Khê      ,        7244, street    , cm        ,         100, 2022-10-14 12:00:00, 2022-10-14 12:00:00, False      ,                                                                                                   , 2022-10-14 12:00:00
  , 16.069103         , 108.209142        , "320 Lê Duẩn, Phường Tân Chính, Quận Thanh Khê, Thành phố Đà Nẵng"                                                             , "Lê Duẩn, tổ 20, 21, 22, 23, 24 P.Tân Chính (320 - 402 Lê Duẩn)"                                                                      , Phường Tân Chính                   ,    7249, Quận Thanh Khê      ,        7244, street    , cm        ,          60, 2022-10-14 12:00:00, 2022-10-14 12:00:00, False      ,                                                                                                   , 2022-10-14 12:00:00
  , 16.069692         , 108.211718        , "245 Lê Duẩn, Phường Tân Chính, Quận Thanh Khê, Thành phố Đà Nẵng"                                                             , Lê Duẩn (245 - 309 Lê Duẩn)                                                                                                           , Phường Tam Thuận                   ,    7245, Quận Thanh Khê      ,        7244, street    , cm        ,          30, 2022-10-14 12:00:00, 2022-10-14 12:00:00, False      ,                                                                                                   , 2022-10-14 12:00:00
  , 16.069125         , 108.209719        , "40 Hoàng Hoa Thám, Phường Tân Chính, Quận Thanh Khê, Thành phố Đà Nẵng"                                                       , "Hoàng Hoa Thám, Tổ 17 P.Tân Chính (40 - 86 Hoàng Hoa Thám)"                                                                          , Phường Tân Chính                   ,    7249, Quận Thanh Khê      ,        7244, street    , cm        ,         100, 2022-10-14 12:00:00, 2022-10-14 12:00:00, False      ,                                                                                                   , 2022-10-14 12:00:00
  , 16.070853         , 108.209734        , "277 Hải Phòng, Phường Tân Chính, Quận Thanh Khê, Thành phố Đà Nẵng"                                                           , "Hải Phòng, Tổ 01 P.Tân Chính (277 - 239 Hải Phòng)"                                                                                  , Phường Tam Thuận                   ,    7245, Quận Thanh Khê      ,        7244, street    , cm        ,          30, 2022-10-14 12:00:00, 2022-10-14 12:00:00, False      ,                                                                                                   , 2022-10-14 12:00:00
  , 16.0568221        , 108.2069323       , "42 Nguyễn Huệ, Phường Vĩnh Trung, Quận Thanh Khê, Thành phố Đà Nẵng"                                                          , "Nguyễn Huệ, tổ 27, 28 P.Vĩnh Trung (số nhà 42 - 110 Nguyễn Huệ)"                                                                     , Phường Thạc Gián                   ,    7252, Quận Thanh Khê      ,        7244, street    , cm        ,          50, 2022-10-14 12:00:00, 2022-10-14 12:00:00, False      ,                                                                                                   , 2022-10-14 12:00:00
  , 16.061917         , 108.210927        , "87 Hàm Nghi, Phường Vĩnh Trung, Quận Thanh Khê, Thành phố Đà Nẵng"                                                            , "Hàm Nghi, tổ 36 P.Vĩnh Trung (số 87 - 165 Hàm Nghi)"                                                                                 , Phường Thạc Gián                   ,    7252, Quận Thanh Khê      ,        7244, street    , cm        ,          60, 2022-10-14 12:00:00, 2022-10-14 12:00:00, False      ,                                                                                                   , 2022-10-14 12:00:00
  , 16.061187         , 108.212021        , "02 Đỗ Quang, Phường Vĩnh Trung, Quận Thanh Khê, Thành phố Đà Nẵng"                                                            , "Đỗ Quang, tổ 34 P.Vĩnh Trung (số 02 - 66 Đỗ Quang)"                                                                                  , Phường Vĩnh Trung                  ,    7251, Quận Thanh Khê      ,        7244, street    , cm        ,          50, 2022-10-14 12:00:00, 2022-10-14 12:00:00, False      ,                                                                                                   , 2022-10-14 12:00:00
  , 16.060348         , 108.212976        , "150 Nguyễn Văn Linh, Phường Vĩnh Trung, Quận Thanh Khê, Thành phố Đà Nẵng"                                                    , "Nguyễn Văn Linh, tổ 32 P.Vĩnh Trung (số 150 - 218 Nguyễn Văn Linh)"                                                                  , Phường Vĩnh Trung                  ,    7251, Quận Thanh Khê      ,        7244, street    , cm        ,          40, 2022-10-14 12:00:00, 2022-10-14 12:00:00, False      ,                                                                                                   , 2022-10-14 12:00:00
  , 16.070124         , 108.188204        , "1 Kỳ Đồng, Phường Thanh Khê Đông, Quận Thanh Khê, Thành phố Đà Nẵng"                                                          , "Kỳ Đồng, tổ 1, 2, 25, 27, 28 P.Thanh Khê Đông (số nhà 01 - 187)"                                                                     , Phường Xuân Hà                     ,    7248, Quận Thanh Khê      ,        7244, street    , cm        ,         150, 2022-10-14 12:00:00, 2022-10-14 12:00:00, False      ,                                                                                                   , 2022-10-14 12:00:00
  , 16.068144         , 108.192096        , "42 Hà Huy Tập, Phường Thanh Khê Đông, Quận Thanh Khê, Thành phố Đà Nẵng"                                                      , "Hà Huy Tập, tổ 2, 3, 4, 5 P.Thanh Khê Đông (số nhà 42 - 120)"                                                                        , Phường Chính Gián                  ,    7250, Quận Thanh Khê      ,        7244, street    , cm        ,         100, 2022-10-14 12:00:00, 2022-10-14 12:00:00, False      ,                                                                                                   , 2022-10-14 12:00:00
  , 16.067835         , 108.191582        , "03 Xuân Hòa, Phường Thanh Khê Đông, Quận Thanh Khê, Thành phố Đà Nẵng"                                                        , "Xuân Hòa 1, tổ 4 P.Thanh Khê Đông (số nhà 03 - 45)"                                                                                  , Phường Thanh Khê Đông              ,    7247, Quận Thanh Khê      ,        7244, street    , cm        ,          80, 2022-10-14 12:00:00, 2022-10-14 12:00:00, False      ,                                                                                                   , 2022-10-14 12:00:00
  , 16.06787          , 108.190525        , "1 Ngô Gia Khảm, Phường Thanh Khê Đông, Quận Thanh Khê, Thành phố Đà Nẵng"                                                     , "Ngô Gia Khảm, tổ 4, 6, 8 P.Thanh Khê Đông (số nhà 01 - 123)"                                                                         , Phường Thanh Khê Đông              ,    7247, Quận Thanh Khê      ,        7244, street    , cm        ,          70, 2022-10-14 12:00:00, 2022-10-14 12:00:00, False      ,                                                                                                   , 2022-10-14 12:00:00
  , 16.066222         , 108.191776        , "356 Điện Biên Phủ, Phường Thanh Khê Đông, Quận Thanh Khê, Thành phố Đà Nẵng"                                                  , "Điện Biên Phủ, tổ 6, 7 P.Thanh Khê Đông (số nhà 356 đến số nhà 400)"                                                                 , Phường Thanh Khê Đông              ,    7247, Quận Thanh Khê      ,        7244, street    , cm        ,          70, 2022-10-14 12:00:00, 2022-10-14 12:00:00, False      ,                                                                                                   , 2022-10-14 12:00:00
  , 16.070747         , 108.185349        , "665 Trần Cao Vân, Phường Thanh Khê Đông, Quận Thanh Khê, Thành phố Đà Nẵng"                                                   , "Trần Cao Vân, tổ 16, 17, 18, 20, 29, 30 p.Thanh Khê Đông (số nhà 665 đến số nhà 767)"                                                , Phường Thanh Khê Đông              ,    7247, Quận Thanh Khê      ,        7244, street    , cm        ,         150, 2022-10-14 12:00:00, 2022-10-14 12:00:00, False      ,                                                                                                   , 2022-10-14 12:00:00
  , 16.068825         , 108.182802        , "01 Thanh Huy, Phường Thanh Khê Đông, Quận Thanh Khê, Thành phố Đà Nẵng"                                                       , "Thanh Huy 2, tổ 19 P.Thanh Khê Đông (số nhà 01 - 29)"                                                                                , Phường Thanh Khê Đông              ,    7247, Quận Thanh Khê      ,        7244, street    , cm        ,          50, 2022-10-14 12:00:00, 2022-10-14 12:00:00, False      ,                                                                                                   , 2022-10-14 12:00:00
  , 16.069393         , 108.1822765       , "233 Yên Khê, Phường Thanh Khê Đông, Quận Thanh Khê, Thành phố Đà Nẵng"                                                        , "Yên Khê 2, tổ 19 P.Thanh Khê Đông (số 233 - 261)"                                                                                    , Phường Thanh Khê Đông              ,    7247, Quận Thanh Khê      ,        7244, street    , cm        ,         100, 2022-10-14 12:00:00, 2022-10-14 12:00:00, False      ,                                                                                                   , 2022-10-14 12:00:00
  , 16.068825         , 108.182802        , "01 Thanh Huy, Phường Thanh Khê Đông, Quận Thanh Khê, Thành phố Đà Nẵng"                                                       , "Thanh Huy 1, tổ 19, 20 P.Thanh Khê Đông (số nhà 01 - 39)"                                                                            , Phường Thanh Khê Đông              ,    7247, Quận Thanh Khê      ,        7244, street    , cm        ,         100, 2022-10-14 12:00:00, 2022-10-14 12:00:00, False      ,                                                                                                   , 2022-10-14 12:00:00
  , 16.099363         , 108.249094        , "25 Lê Tấn Trung, Phường Thọ Quang, Quận Sơn Trà, Thành phố Đà Nẵng"                                                           , Đường Lê Tấn Trung (Từ ngã ba Lê Tấn Trung - Lộc Phước 1 đến số nhà 80 Lê Tấn Trung)                                                  , Phường Thọ Quang                   ,    7270, Quận Sơn Trà        ,        7269, street    , cm        ,         120, 2022-10-14 12:00:00, 2022-10-14 12:00:00, False      ,                                                                                                   , 2022-10-14 12:00:00
  , 16.100696         , 108.250946        , "39 Nguyễn Phan Vinh, Phường Thọ Quang, Quận Sơn Trà, Thành phố Đà Nẵng"                                                       , Đường Nguyễn Phan Vinh (Từ 39 Nguyễn Phan Vinh đến Hoàng Sa)                                                                          , Phường Thọ Quang                   ,    7270, Quận Sơn Trà        ,        7269, street    , cm        ,          60, 2022-10-14 12:00:00, 2022-10-14 12:00:00, False      ,                                                                                                   , 2022-10-14 12:00:00
  , 16.100855         , 108.254214        , "1 Trần Nhật Duật, Phường Thọ Quang, Quận Sơn Trà, Thành phố Đà Nẵng"                                                          , Đường Trần Nhật Duật (Toàn bộ tuyến đường)                                                                                            , Phường Thọ Quang                   ,    7270, Quận Sơn Trà        ,        7269, street    , cm        ,          60, 2022-10-14 12:00:00, 2022-10-14 12:00:00, False      ,                                                                                                   , 2022-10-14 12:00:00
  , 16.100317         , 108.250698        , "1 Nguyễn Gia Trí, Phường Thọ Quang, Quận Sơn Trà, Thành phố Đà Nẵng"                                                          , Đường Nguyễn Gia Trí (Toàn bộ đường)                                                                                                  , Phường Thọ Quang                   ,    7270, Quận Sơn Trà        ,        7269, street    , cm        ,          50, 2022-10-14 12:00:00, 2022-10-14 12:00:00, False      ,                                                                                                   , 2022-10-14 12:00:00
  , 16.104256         , 108.254491        , "1 Thành Vinh 3, Phường Thọ Quang, Quận Sơn Trà, Thành phố Đà Nẵng"                                                            , Đường Thành Vinh 3 (Toàn bộ đường)                                                                                                    , Phường Thọ Quang                   ,    7270, Quận Sơn Trà        ,        7269, street    , cm        ,          40, 2022-10-14 12:00:00, 2022-10-14 12:00:00, False      ,                                                                                                   , 2022-10-14 12:00:00
  , 16.066239         , 108.233083        , "821 Ngô Quyền, Phường An Hải Đông, Quận Sơn Trà, Thành phố Đà Nẵng"                                                           , Đường Ngô Quyền (Từ 821 đến 905 Ngô Quyền)                                                                                            , Phường An Hải Bắc                  ,    7273, Quận Sơn Trà        ,        7269, street    , cm        ,         100, 2022-10-14 12:00:00, 2022-10-14 12:00:00, False      ,                                                                                                   , 2022-10-14 12:00:00
  , 16.059951         , 108.235026        , "1019 Ngô Quyền, Phường An Hải Đông, Quận Sơn Trà, Thành phố Đà Nẵng"                                                          , Đường Ngô Quyền (Từ 1019 đến 1025 Ngô Quyền)                                                                                          , Phường An Hải Đông                 ,    7276, Quận Sơn Trà        ,        7269, street    , cm        ,          70, 2022-10-14 12:00:00, 2022-10-14 12:00:00, False      ,                                                                                                   , 2022-10-14 12:00:00
  , 16.064796         , 108.235035        , "9 Phạm Cự Lượng, Phường An Hải Đông, Quận Sơn Trà, Thành phố Đà Nẵng"                                                         , Đường Phạm Cự Lượng (Từ 09 đến 31 Phạm Cự Lượng)                                                                                      , Phường An Hải Đông                 ,    7276, Quận Sơn Trà        ,        7269, street    , cm        ,          80, 2022-10-14 12:00:00, 2022-10-14 12:00:00, False      ,                                                                                                   , 2022-10-14 12:00:00
  , 16.079642         , 108.228927        , "1 Trần Hưng Đạo, Phường Nại Hiên Đông, Quận Sơn Trà, Thành phố Đà Nẵng"                                                       , Đường Trần Hưng Đạo (Từ ngã giao Nguyễn Thế Lộc - Trần Hưng Đạo đến Vân Đồn - Trần Hưng Đạo)                                          , Phường An Hải Bắc                  ,    7273, Quận Sơn Trà        ,        7269, street    , cm        ,          30, 2022-10-14 12:00:00, 2022-10-14 12:00:00, False      ,                                                                                                   , 2022-10-14 12:00:00
  , 16.085604         , 108.232527        , "1 Đào Duy Kỳ, Phường Nại Hiên Đông, Quận Sơn Trà, Thành phố Đà Nẵng"                                                          , Đường Đào Duy Kỳ (Từ số 01 đến số 31 Đào Duy Kỳ)                                                                                      , Phường An Hải Bắc                  ,    7273, Quận Sơn Trà        ,        7269, street    , cm        ,          20, 2022-10-14 12:00:00, 2022-10-14 12:00:00, False      ,                                                                                                   , 2022-10-14 12:00:00
  , 16.092826         , 108.231153        , "1 Nại Hiên Đông 8, Phường Nại Hiên Đông, Quận Sơn Trà, Thành phố Đà Nẵng"                                                     , Đường Nại Hiên Đông 8 (Từ số nhà 01 đến 25 Nại Hiên Đông 8)                                                                           , Phường Nại Hiên Đông               ,    7271, Quận Sơn Trà        ,        7269, street    , cm        ,          50, 2022-10-14 12:00:00, 2022-10-14 12:00:00, False      ,                                                                                                   , 2022-10-14 12:00:00
  , 16.088785         , 108.23548         , "1 Nại Thịnh 3, Phường Nại Hiên Đông, Quận Sơn Trà, Thành phố Đà Nẵng"                                                         , Đường Nại Thịnh 3 (Từ số nhà 01 đến 45 Nại Thịnh 3)                                                                                   , Phường An Hải Bắc                  ,    7273, Quận Sơn Trà        ,        7269, street    , cm        ,          40, 2022-10-14 12:00:00, 2022-10-14 12:00:00, False      ,                                                                                                   , 2022-10-14 12:00:00
  , 16.089548         , 108.23556         , "2 Nại Thịnh 4, Phường Nại Hiên Đông, Quận Sơn Trà, Thành phố Đà Nẵng"                                                         , Đường Nại Thịnh 4 (Từ số nhà 02 đến 32 Nại Thịnh 4)                                                                                   , Phường Nại Hiên Đông               ,    7271, Quận Sơn Trà        ,        7269, street    , cm        ,          40, 2022-10-14 12:00:00, 2022-10-14 12:00:00, False      ,                                                                                                   , 2022-10-14 12:00:00
  , 16.0881           , 108.235225        , "2 Nại Thịnh 2, Phường Nại Hiên Đông, Quận Sơn Trà, Thành phố Đà Nẵng"                                                         , Đường Nại Thịnh 2 (Từ số nhà 02 đến 38 Nại Thịnh 2)                                                                                   , Phường An Hải Bắc                  ,    7273, Quận Sơn Trà        ,        7269, street    , cm        ,          40, 2022-10-14 12:00:00, 2022-10-14 12:00:00, False      ,                                                                                                   , 2022-10-14 12:00:00
  , 16.091773         , 108.231031        , "1 Nại Hiên Đông 10, Phường Nại Hiên Đông, Quận Sơn Trà, Thành phố Đà Nẵng"                                                    , Đường Nại Hiên Đông 10 (Từ số nhà 01 đến 21 Nại Hiên Đông 10)                                                                         , Phường Nại Hiên Đông               ,    7271, Quận Sơn Trà        ,        7269, street    , cm        ,          50, 2022-10-14 12:00:00, 2022-10-14 12:00:00, False      ,                                                                                                   , 2022-10-14 12:00:00
  , 16.090819         , 108.233977        , "1 Ngô Trí Hòa, Phường Nại Hiên Đông, Quận Sơn Trà, Thành phố Đà Nẵng"                                                         , "Đường Ngô Trí Hòa (Từ số nhà 01 đến 43, 45 đến 101 Ngô Trí Hòa)"                                                                     , Phường Nại Hiên Đông               ,    7271, Quận Sơn Trà        ,        7269, street    , cm        ,          50, 2022-10-14 12:00:00, 2022-10-14 12:00:00, False      ,                                                                                                   , 2022-10-14 12:00:00
  , 16.092038         , 108.2325729       , "54 Ngô Trí Hòa, Phường Nại Hiên Đông, Quận Sơn Trà, Thành phố Đà Nẵng"                                                        , "Đường Ngô Trí Hòa (Từ số nhà 01 đến 43, 45 đến 101 Ngô Trí Hòa)"                                                                     , Phường Nại Hiên Đông               ,    7271, Quận Sơn Trà        ,        7269, street    , cm        ,          50, 2022-10-14 12:00:00, 2022-10-14 12:00:00, False      ,                                                                                                   , 2022-10-14 12:00:00
  , 16.091543         , 108.233201        , "101 Ngô Trí Hòa, Phường Nại Hiên Đông, Quận Sơn Trà, Thành phố Đà Nẵng"                                                       , Đường Ngô Trí Hòa (Từ số nhà 101 đến 171 Ngô Trí Hòa)                                                                                 , Phường Nại Hiên Đông               ,    7271, Quận Sơn Trà        ,        7269, street    , cm        ,          80, 2022-10-14 12:00:00, 2022-10-14 12:00:00, False      ,                                                                                                   , 2022-10-14 12:00:00
  , 16.092179         , 108.230813        , "1 Nại Hiên Đông 9, Phường Nại Hiên Đông, Quận Sơn Trà, Thành phố Đà Nẵng"                                                     , Đường Nại Hiên Đông 9 (Từ số nhà 01 đến 27 Nại Hiên Đông 9)                                                                           , Phường Nại Hiên Đông               ,    7271, Quận Sơn Trà        ,        7269, street    , cm        ,          50, 2022-10-14 12:00:00, 2022-10-14 12:00:00, False      ,                                                                                                   , 2022-10-14 12:00:00
  , 16.0891998        , 108.2357128       , "1 Nại Thịnh 1, Phường Nại Hiên Đông, Quận Sơn Trà, Thành phố Đà Nẵng"                                                         , Đường Nại Thịnh 1 (Từ số nhà 01 đến 27 Nại Thịnh 1)                                                                                   , Phường Nại Hiên Đông               ,    7271, Quận Sơn Trà        ,        7269, street    , cm        ,          40, 2022-10-14 12:00:00, 2022-10-14 12:00:00, False      ,                                                                                                   , 2022-10-14 12:00:00
  , 16.092804         , 108.234901        , "1 Trần Thánh Tông, Phường Nại Hiên Đông, Quận Sơn Trà, Thành phố Đà Nẵng"                                                     , Đường Trần Thánh Tông (Toàn bộ tuyến đường)                                                                                           , Phường Nại Hiên Đông               ,    7271, Quận Sơn Trà        ,        7269, street    , cm        ,          50, 2022-10-14 12:00:00, 2022-10-14 12:00:00, False      ,                                                                                                   , 2022-10-14 12:00:00
  , 16.0942688        , 108.2342998       , "3 Dương Vân Nga, Phường Nại Hiên Đông, Quận Sơn Trà, Thành phố Đà Nẵng"                                                       , Đường Dương Vân Nga (Từ số nhà 03 đến 69 Dương Vân Nga)                                                                               , Phường Nại Hiên Đông               ,    7271, Quận Sơn Trà        ,        7269, street    , cm        ,          50, 2022-10-14 12:00:00, 2022-10-14 12:00:00, False      ,                                                                                                   , 2022-10-14 12:00:00
  , 16.0944418        , 108.2337834       , "57 Hoa Lư, Phường Nại Hiên Đông, Quận Sơn Trà, Thành phố Đà Nẵng"                                                             , Đường Hoa Lư (Từ số nhà 57 đến 111 Hoa Lư)                                                                                            , Phường Nại Hiên Đông               ,    7271, Quận Sơn Trà        ,        7269, street    , cm        ,          50, 2022-10-14 12:00:00, 2022-10-14 12:00:00, False      ,                                                                                                   , 2022-10-14 12:00:00
  , 16.092989         , 108.23459         , "3 Nguyễn Địa Lô, Phường Nại Hiên Đông, Quận Sơn Trà, Thành phố Đà Nẵng"                                                       , Đường Nguyễn Địa Lô (Từ số nhà 03 đến 49 Nguyễn Địa Lô)                                                                               , Phường Nại Hiên Đông               ,    7271, Quận Sơn Trà        ,        7269, street    , cm        ,          50, 2022-10-14 12:00:00, 2022-10-14 12:00:00, False      ,                                                                                                   , 2022-10-14 12:00:00
  , 16.0938031        , 108.2341345       , "2 Nại Hiên Đông 6, Phường Nại Hiên Đông, Quận Sơn Trà, Thành phố Đà Nẵng"                                                     , Đường Nại Hiên Đông 6 (Từ số nhà 02 đến 48 Nại Hiên Đông 6)                                                                           , Phường Nại Hiên Đông               ,    7271, Quận Sơn Trà        ,        7269, street    , cm        ,          50, 2022-10-14 12:00:00, 2022-10-14 12:00:00, False      ,                                                                                                   , 2022-10-14 12:00:00
  , 16.0931785        , 108.2334797       , "44 Nại Hiên Đông 5, Phường Nại Hiên Đông, Quận Sơn Trà, Thành phố Đà Nẵng"                                                    , Đường Nại Hiên Đông 5 (Từ số nhà 44 đến 82 Nại Hiên Đông 5)                                                                           , Phường Nại Hiên Đông               ,    7271, Quận Sơn Trà        ,        7269, street    , cm        ,          50, 2022-10-14 12:00:00, 2022-10-14 12:00:00, False      ,                                                                                                   , 2022-10-14 12:00:00
  , 16.09291          , 108.234343        , "7 Nại Hiên Đông 4, Phường Nại Hiên Đông, Quận Sơn Trà, Thành phố Đà Nẵng"                                                     , Đường Nại Hiên Đông 4 (Từ số nhà 07 đến 45 Nại Hiên Đông 4)                                                                           , Phường Nại Hiên Đông               ,    7271, Quận Sơn Trà        ,        7269, street    , cm        ,          50, 2022-10-14 12:00:00, 2022-10-14 12:00:00, False      ,                                                                                                   , 2022-10-14 12:00:00
  , 16.0929634        , 108.2331993       , "45 Nguyễn Hiền, Phường Nại Hiên Đông, Quận Sơn Trà, Thành phố Đà Nẵng"                                                        , "Đường Nguyễn Hiền (Từ số nhà 45 đến 85, 87 đến 131 Nguyễn Hiền)"                                                                     , Phường Nại Hiên Đông               ,    7271, Quận Sơn Trà        ,        7269, street    , cm        ,          50, 2022-10-14 12:00:00, 2022-10-14 12:00:00, False      ,                                                                                                   , 2022-10-14 12:00:00
  , 16.091667         , 108.233385        , "213 Khúc Hạo, Phường Nại Hiên Đông, Quận Sơn Trà, Thành phố Đà Nẵng"                                                          , Đường Khúc Hạo (Từ số nhà 213 đến 259 Khúc Hạo)                                                                                       , Phường Nại Hiên Đông               ,    7271, Quận Sơn Trà        ,        7269, street    , cm        ,          50, 2022-10-14 12:00:00, 2022-10-14 12:00:00, False      ,                                                                                                   , 2022-10-14 12:00:00
  , 16.0892524        , 108.2338406       , "107 Bùi Dương Lịch, Phường Nại Hiên Đông, Quận Sơn Trà, Thành phố Đà Nẵng"                                                    , Đường Bùi Dương Lịch (Từ số nhà 107 đến 157 Bùi Dương Lịch)                                                                           , Phường Nại Hiên Đông               ,    7271, Quận Sơn Trà        ,        7269, street    , cm        ,          60, 2022-10-14 12:00:00, 2022-10-14 12:00:00, False      ,                                                                                                   , 2022-10-14 12:00:00
  , 16.089326         , 108.234291        , "1 Bùi Dương Lịch, Phường Nại Hiên Đông, Quận Sơn Trà, Thành phố Đà Nẵng"                                                      , Đường Bùi Dương Lịch (Từ số nhà 01 đến 81 Bùi Dương Lịch)                                                                             , Phường Nại Hiên Đông               ,    7271, Quận Sơn Trà        ,        7269, street    , cm        ,          80, 2022-10-14 12:00:00, 2022-10-14 12:00:00, False      ,                                                                                                   , 2022-10-14 12:00:00
  , 16.089853         , 108.235348        , "92 Vân Đồn, Phường Nại Hiên Đông, Quận Sơn Trà, Thành phố Đà Nẵng"                                                            , Đường Vân Đồn (Từ số nhà 92 đến 110 Vân Đồn)                                                                                          , Phường Nại Hiên Đông               ,    7271, Quận Sơn Trà        ,        7269, street    , cm        ,          80, 2022-10-14 12:00:00, 2022-10-14 12:00:00, False      ,                                                                                                   , 2022-10-14 12:00:00
  , 16.0933364        , 108.2308005       , "21 Hồ Hán Thương, Phường Nại Hiên Đông, Quận Sơn Trà, Thành phố Đà Nẵng"                                                      , "Đường Hồ Hán Thương (Từ ngã tư Hồ Hán Thương - Khúc Hạo đến Lô 01, khu E3 Hồ Hán Thương)"                                            , Phường Nại Hiên Đông               ,    7271, Quận Sơn Trà        ,        7269, street    , cm        ,          60, 2022-10-14 12:00:00, 2022-10-14 12:00:00, False      ,                                                                                                   , 2022-10-14 12:00:00
  , 16.097841         , 108.224539        , "1 Lê Văn Duyệt, Phường Nại Hiên Đông, Quận Sơn Trà, Thành phố Đà Nẵng"                                                        , Đường Lê Văn Duyệt (Từ số nhà 01 đến 77 Lê Văn Duyệt)                                                                                 , Phường Nại Hiên Đông               ,    7271, Quận Sơn Trà        ,        7269, street    , cm        ,          60, 2022-10-14 12:00:00, 2022-10-14 12:00:00, False      ,                                                                                                   , 2022-10-14 12:00:00
  , 16.0929393        , 108.2310551       , "138 Bùi Huy Bích, Phường Nại Hiên Đông, Quận Sơn Trà, Thành phố Đà Nẵng"                                                      , Đường Bùi Huy Bích (Từ số nhà 138 đến 192 Bùi Huy Bích)                                                                               , Phường Nại Hiên Đông               ,    7271, Quận Sơn Trà        ,        7269, street    , cm        ,          30, 2022-10-14 12:00:00, 2022-10-14 12:00:00, False      ,                                                                                                   , 2022-10-14 12:00:00
  , 16.09176          , 108.234887        , "2 Nại Hiên Đông 2, Phường Nại Hiên Đông, Quận Sơn Trà, Thành phố Đà Nẵng"                                                     , Đường Nại Hiên Đông 2 (Từ số nhà 02 đến 50 Nại Hiên Đông 2)                                                                           , Phường Nại Hiên Đông               ,    7271, Quận Sơn Trà        ,        7269, street    , cm        ,          80, 2022-10-14 12:00:00, 2022-10-14 12:00:00, False      ,                                                                                                   , 2022-10-14 12:00:00
  , 16.094848         , 108.228745        , "1 Nại Hiên Đông 1, Phường Nại Hiên Đông, Quận Sơn Trà, Thành phố Đà Nẵng"                                                     , Đường Nại Hiên Đông 1 (Từ số nhà 01 đến 49 Nại Hiên Đông 1)                                                                           , Phường Nại Hiên Đông               ,    7271, Quận Sơn Trà        ,        7269, street    , cm        ,          80, 2022-10-14 12:00:00, 2022-10-14 12:00:00, False      ,                                                                                                   , 2022-10-14 12:00:00
  , 16.091714         , 108.245848        , "1 Hồ Học Lâm, Phường Mân Thái, Quận Sơn Trà, Thành phố Đà Nẵng"                                                               , Đường Hồ Học Lãm (Toàn bộ tuyến đường)                                                                                                , Phường Mân Thái                    ,    7272, Quận Sơn Trà        ,        7269, street    , cm        ,          60, 2022-10-14 12:00:00, 2022-10-14 12:00:00, False      ,                                                                                                   , 2022-10-14 12:00:00
  , 16.089975         , 108.245887        , "1 Vũ Tông Phan, Phường Mân Thái, Quận Sơn Trà, Thành phố Đà Nẵng"                                                             , Đường Vũ Tông Phan (Từ số nhà 01 đến ngã giao Vũ Tông Phan - Hồ Học Lâm)                                                              , Phường Mân Thái                    ,    7272, Quận Sơn Trà        ,        7269, street    , cm        ,         100, 2022-10-14 12:00:00, 2022-10-14 12:00:00, False      ,                                                                                                   , 2022-10-14 12:00:00
  , 16.0846701        , 108.247703        , "1 Lê Bôi Nối Dài, Phường Mân Thái, Quận Sơn Trà, Thành phố Đà Nẵng"                                                           , Đường Lê Bôi nối dài (Toàn bộ tuyến đường)                                                                                            , Phường Mân Thái                    ,    7272, Quận Sơn Trà        ,        7269, street    , cm        ,          50, 2022-10-14 12:00:00, 2022-10-14 12:00:00, False      ,                                                                                                   , 2022-10-14 12:00:00
  , 16.064611         , 108.240637        , "1 Mỹ Khê 6, Phường Phước Mỹ, Quận Sơn Trà, Thành phố Đà Nẵng"                                                                 , Đường Mỹ Khê 6 (Từ số nhà 01 đến 36)                                                                                                  , Phường An Hải Đông                 ,    7276, Quận Sơn Trà        ,        7269, street    , cm        ,          50, 2022-10-14 12:00:00, 2022-10-14 12:00:00, False      ,                                                                                                   , 2022-10-14 12:00:00
  , 16.067102         , 108.240104        , "199 Chính Hữu, Phường Phước Mỹ, Quận Sơn Trà, Thành phố Đà Nẵng"                                                              , Đường Chính Hữu (Từ số nhà 199 đến 299)                                                                                               , Phường An Hải Bắc                  ,    7273, Quận Sơn Trà        ,        7269, street    , cm        ,          40, 2022-10-14 12:00:00, 2022-10-14 12:00:00, False      ,                                                                                                   , 2022-10-14 12:00:00
  , 16.068521         , 108.243938        , "2 Hà Bổng, Phường Phước Mỹ, Quận Sơn Trà, Thành phố Đà Nẵng"                                                                  , Đường Hà Bổng (Từ số nhà 02 đến 10)                                                                                                   , Phường Phước Mỹ                    ,    7274, Quận Sơn Trà        ,        7269, street    , cm        ,          50, 2022-10-14 12:00:00, 2022-10-14 12:00:00, False      ,                                                                                                   , 2022-10-14 12:00:00
  , 16.06878          , 108.244562        , "1 Dương Đình Nghệ, Phường Phước Mỹ, Quận Sơn Trà, Thành phố Đà Nẵng"                                                          , Đường Dương Đình Nghệ (Từ số nhà 01 đến 17)                                                                                           , Phường Phước Mỹ                    ,    7274, Quận Sơn Trà        ,        7269, street    , cm        ,          50, 2022-10-14 12:00:00, 2022-10-14 12:00:00, False      ,                                                                                                   , 2022-10-14 12:00:00
  , 16.08229          , 108.242986        , "1 Phước Trường 16, Phường Phước Mỹ, Quận Sơn Trà, Thành phố Đà Nẵng"                                                          , Đường Phước Trường 16 (Từ số nhà 01 đến 15)                                                                                           , Phường An Hải Bắc                  ,    7273, Quận Sơn Trà        ,        7269, street    , cm        ,          50, 2022-10-14 12:00:00, 2022-10-14 12:00:00, False      ,                                                                                                   , 2022-10-14 12:00:00
  , 16.082005         , 108.242983        , "1 Phước Trường 17, Phường Phước Mỹ, Quận Sơn Trà, Thành phố Đà Nẵng"                                                          , Đường Phước Trường 17 (Từ số nhà 01 đến 17)                                                                                           , Phường An Hải Bắc                  ,    7273, Quận Sơn Trà        ,        7269, street    , cm        ,          50, 2022-10-14 12:00:00, 2022-10-14 12:00:00, False      ,                                                                                                   , 2022-10-14 12:00:00
  , 16.083554         , 108.244274        , "1 Phước Trường 7, Phường Phước Mỹ, Quận Sơn Trà, Thành phố Đà Nẵng"                                                           , Đường Phước Trường 07 (Từ số 01 đến 15)                                                                                               , Phường Mân Thái                    ,    7272, Quận Sơn Trà        ,        7269, street    , cm        ,          50, 2022-10-14 12:00:00, 2022-10-14 12:00:00, False      ,                                                                                                   , 2022-10-14 12:00:00
  , 16.057613         , 108.243115        , "1 Mỹ Khê 5, Phường Phước Mỹ, Quận Sơn Trà, Thành phố Đà Nẵng"                                                                 , Đường Mỹ Khê 5 (Toàn bộ tuyến đường)                                                                                                  , Phường An Hải Đông                 ,    7276, Quận Sơn Trà        ,        7269, street    , cm        ,          50, 2022-10-14 12:00:00, 2022-10-14 12:00:00, False      ,                                                                                                   , 2022-10-14 12:00:00
  , 16.06567          , 108.240331        , "1 Phạm Tu, Phường Phước Mỹ, Quận Sơn Trà, Thành phố Đà Nẵng"                                                                  , Đường Phạm Tu (Từ số nhà 01 đến 26)                                                                                                   , Phường An Hải Đông                 ,    7276, Quận Sơn Trà        ,        7269, street    , cm        ,          40, 2022-10-14 12:00:00, 2022-10-14 12:00:00, False      ,                                                                                                   , 2022-10-14 12:00:00
  , 16.0669593        , 108.2427448       , "75 Hà Đặc, Phường Phước Mỹ, Quận Sơn Trà, Thành phố Đà Nẵng"                                                                  , Đường Hà Đặc (Từ số nhà 75 đến 135)                                                                                                   , Phường An Hải Bắc                  ,    7273, Quận Sơn Trà        ,        7269, street    , cm        ,          40, 2022-10-14 12:00:00, 2022-10-14 12:00:00, False      ,                                                                                                   , 2022-10-14 12:00:00
  , 16.065981         , 108.241725        , "1 Phước Mỹ 1, Phường Phước Mỹ, Quận Sơn Trà, Thành phố Đà Nẵng"                                                               , Đường Phước Mỹ 1 (Từ số nhà 01 đến 29)                                                                                                , Phường An Hải Bắc                  ,    7273, Quận Sơn Trà        ,        7269, street    , cm        ,          40, 2022-10-14 12:00:00, 2022-10-14 12:00:00, False      ,                                                                                                   , 2022-10-14 12:00:00
  , 16.0663964        , 108.2418612       , "2 Phước Mỹ 2, Phường Phước Mỹ, Quận Sơn Trà, Thành phố Đà Nẵng"                                                               , Đường Phước Mỹ 2 (Từ số nhà 02 đến 26)                                                                                                , Phường An Hải Bắc                  ,    7273, Quận Sơn Trà        ,        7269, street    , cm        ,          40, 2022-10-14 12:00:00, 2022-10-14 12:00:00, False      ,                                                                                                   , 2022-10-14 12:00:00
  , 16.066817         , 108.24181         , "1 Phước Mỹ 3, Phường Phước Mỹ, Quận Sơn Trà, Thành phố Đà Nẵng"                                                               , Đường Phước Mỹ 3 (Từ số nhà 01 đến 57)                                                                                                , Phường An Hải Bắc                  ,    7273, Quận Sơn Trà        ,        7269, street    , cm        ,          40, 2022-10-14 12:00:00, 2022-10-14 12:00:00, False      ,                                                                                                   , 2022-10-14 12:00:00
  , 16.0664283        , 108.2417632       , "1 Phước Mỹ 4, Phường Phước Mỹ, Quận Sơn Trà, Thành phố Đà Nẵng"                                                               , Đường Phước Mỹ 4 (Toàn bộ tuyến đường)                                                                                                , Phường An Hải Bắc                  ,    7273, Quận Sơn Trà        ,        7269, street    , cm        ,          40, 2022-10-14 12:00:00, 2022-10-14 12:00:00, False      ,                                                                                                   , 2022-10-14 12:00:00
  , 16.0666125        , 108.2407729       , "64 Bùi Hữu Nghĩa, Phường Phước Mỹ, Quận Sơn Trà, Thành phố Đà Nẵng"                                                           , Đường Bùi Hữu Nghĩa (Từ số nhà 64-164)                                                                                                , Phường An Hải Bắc                  ,    7273, Quận Sơn Trà        ,        7269, street    , cm        ,          40, 2022-10-14 12:00:00, 2022-10-14 12:00:00, False      ,                                                                                                   , 2022-10-14 12:00:00
  , 16.081945         , 108.231462        , "90 Nguyễn Thị Định, Phường An Hải Bắc, Quận Sơn Trà, Thành phố Đà Nẵng"                                                       , Đường Nguyễn Thị Định (Từ số nhà 90 đến 123)                                                                                          , Phường An Hải Bắc                  ,    7273, Quận Sơn Trà        ,        7269, street    , cm        ,         100, 2022-10-14 12:00:00, 2022-10-14 12:00:00, False      ,                                                                                                   , 2022-10-14 12:00:00
  , 16.078618         , 108.230382        , "10 Nguyễn Thế Lộc, Phường An Hải Bắc, Quận Sơn Trà, Thành phố Đà Nẵng"                                                        , K02 Nguyễn Thế Lộc (Từ số nhà 10 đến 20)                                                                                              , Phường An Hải Bắc                  ,    7273, Quận Sơn Trà        ,        7269, street    , cm        ,         150, 2022-10-14 12:00:00, 2022-10-14 12:00:00, False      ,                                                                                                   , 2022-10-14 12:00:00
  , 16.070394         , 108.233602        , "26 Huy Du, Phường An Hải Bắc, Quận Sơn Trà, Thành phố Đà Nẵng"                                                                , Đường Huy Du (Từ số nhà 26 đến 64)                                                                                                    , Phường An Hải Bắc                  ,    7273, Quận Sơn Trà        ,        7269, street    , cm        ,          50, 2022-10-14 12:00:00, 2022-10-14 12:00:00, False      ,                                                                                                   , 2022-10-14 12:00:00
  , 16.038375         , 108.249452        , "6 Võ Nguyên Giáp, Phường Khuê Mỹ, Quận Ngũ Hành Sơn, Thành phố Đà Nẵng"                                                       , Đường Võ Nguyên Giáp (Từ số nhà 06 đến số nhà 428)                                                                                    , Phường Khuê Mỹ                     ,    7279, Quận Ngũ Hành Sơn   ,        7277, street    , cm        ,          30, 2022-10-14 12:00:00, 2022-10-14 12:00:00, False      ,                                                                                                   , 2022-10-14 12:00:00
  , 16.038304         , 108.243466        , "2 Hồ Xuân Hương, Phường Khuê Mỹ, Quận Ngũ Hành Sơn, Thành phố Đà Nẵng"                                                        , Đường Hồ Xuân Hương (Từ số nhà 02 đến số nhà 152)                                                                                     , Phường Khuê Mỹ                     ,    7279, Quận Ngũ Hành Sơn   ,        7277, street    , cm        ,          30, 2022-10-14 12:00:00, 2022-10-14 12:00:00, False      ,                                                                                                   , 2022-10-14 12:00:00
  , 16.024645         , 108.250063        , "83 Lê Văn Hiến, Phường Khuê Mỹ, Quận Ngũ Hành Sơn, Thành phố Đà Nẵng"                                                         , Đường Lê Văn Hiến (Từ số nhà 83 đến số nhà 223)                                                                                       , Phường Khuê Mỹ                     ,    7279, Quận Ngũ Hành Sơn   ,        7277, street    , cm        ,          50, 2022-10-14 12:00:00, 2022-10-14 12:00:00, False      ,                                                                                                   , 2022-10-14 12:00:00
  , 16.019603         , 108.252384        , "440 Lê Văn Hiến, Phường Khuê Mỹ, Quận Ngũ Hành Sơn, Thành phố Đà Nẵng"                                                        , Đường Lê Văn Hiến (Từ số nhà 440 đến số nhà 458)                                                                                      , Phường Khuê Mỹ                     ,    7279, Quận Ngũ Hành Sơn   ,        7277, street    , cm        ,          60, 2022-10-14 12:00:00, 2022-10-14 12:00:00, False      ,                                                                                                   , 2022-10-14 12:00:00
  , 16.0387737        , 108.2372265       , "251 Chương Dương, Phường Khuê Mỹ, Quận Ngũ Hành Sơn, Thành phố Đà Nẵng"                                                       , Đường Chương Dương (Ngã ba Chương Dương - Trần Hữu Độ đến ngã ba Chương Dương - Mỹ An 17)                                             , Phường Khuê Mỹ                     ,    7279, Quận Ngũ Hành Sơn   ,        7277, street    , cm        ,         100, 2022-10-14 12:00:00, 2022-10-14 12:00:00, False      ,                                                                                                   , 2022-10-14 12:00:00
  , 16.040442         , 108.242455        , "6 Nguyễn Bá Lân, Phường Mỹ An, Quận Ngũ Hành Sơn, Thành phố Đà Nẵng"                                                          , Đường Nguyễn Bá Lân (Từ số nhà 06 đến số nhà 08)                                                                                      , Phường Khuê Mỹ                     ,    7279, Quận Ngũ Hành Sơn   ,        7277, street    , cm        ,         100, 2022-10-14 12:00:00, 2022-10-14 12:00:00, False      ,                                                                                                   , 2022-10-14 12:00:00
  , 16.0197341        , 108.2337496       , "15 Mai Đăng Chơn, Phường Hoà Quý, Quận Ngũ Hành Sơn, Thành phố Đà Nẵng"                                                       , Đường Mai Đăng Chơn (Từ số nhà 15 đến số nhà 20)                                                                                      , Phường Hòa Xuân                    ,    7288, Quận Cẩm Lệ         ,        7282, street    , cm        ,          30, 2022-10-14 12:00:00, 2022-10-14 12:00:00, False      ,                                                                                                   , 2022-10-14 12:00:00
  , 16.048757         , 108.169891        , "1 Nguyễn Đình Tứ, Phường Hòa Minh, Quận Liên Chiểu, Thành phố Đà Nẵng"                                                        , Đường Nguyễn Đình Tứ (Toàn bộ tuyến đường)                                                                                            , Phường Hòa Minh                    ,    7243, Quận Liên Chiểu     ,        7238, street    , cm        ,         180, 2022-10-14 12:00:00, 2022-10-14 12:00:00, False      ,                                                                                                   , 2022-10-14 12:00:00
  , 16.046675         , 108.169063        , "1 Nguyễn Bính, Phường Hòa Minh, Quận Liên Chiểu, Thành phố Đà Nẵng"                                                           , Đường Nguyễn Bính (Toàn bộ tuyến đường)                                                                                               , Phường Hòa Minh                    ,    7243, Quận Liên Chiểu     ,        7238, street    , cm        ,         180, 2022-10-14 12:00:00, 2022-10-14 12:00:00, False      ,                                                                                                   , 2022-10-14 12:00:00
  , 16.064477         , 108.166875        , "1 Tô Hiệu, Phường Hòa Minh, Quận Liên Chiểu, Thành phố Đà Nẵng"                                                               , Đường Tô Hiệu (Toàn bộ tuyến đường)                                                                                                   , Phường Hòa Minh                    ,    7243, Quận Liên Chiểu     ,        7238, street    , cm        ,         120, 2022-10-14 12:00:00, 2022-10-14 12:00:00, False      ,                                                                                                   , 2022-10-14 12:00:00
  , 16.072173         , 108.172805        , "1 Ngọc Hồi, Phường Hòa Minh, Quận Liên Chiểu, Thành phố Đà Nẵng"                                                              , Đường Ngọc Hồi (Toàn bộ tuyến đường)                                                                                                  , Phường Hòa Minh                    ,    7243, Quận Liên Chiểu     ,        7238, street    , cm        ,         110, 2022-10-14 12:00:00, 2022-10-14 12:00:00, False      ,                                                                                                   , 2022-10-14 12:00:00
  , 16.066251         , 108.174651        , "2 Nguyễn Như Hạnh, Phường Hòa Minh, Quận Liên Chiểu, Thành phố Đà Nẵng"                                                       , Đường Nguyễn Như Hạnh (Toàn bộ tuyến đường)                                                                                           , Phường Hòa Minh                    ,    7243, Quận Liên Chiểu     ,        7238, street    , cm        ,         200, 2022-10-14 12:00:00, 2022-10-14 12:00:00, False      ,                                                                                                   , 2022-10-14 12:00:00
  , 16.057736         , 108.172294        , "1 Nam Trân, Phường Hòa Minh, Quận Liên Chiểu, Thành phố Đà Nẵng"                                                              , Đường Nam Trân (Toàn bộ tuyến đường)                                                                                                  , Phường Hòa Minh                    ,    7243, Quận Liên Chiểu     ,        7238, street    , cm        ,         100, 2022-10-14 12:00:00, 2022-10-14 12:00:00, False      ,                                                                                                   , 2022-10-14 12:00:00
  , 16.059568         , 108.174272        , "1 Nguyễn Thái Bình, Phường Hòa Minh, Quận Liên Chiểu, Thành phố Đà Nẵng"                                                      , Đường Nguyễn Thái Bình (Toàn bộ tuyến đường)                                                                                          , Phường Hòa Minh                    ,    7243, Quận Liên Chiểu     ,        7238, street    , cm        ,         100, 2022-10-14 12:00:00, 2022-10-14 12:00:00, False      ,                                                                                                   , 2022-10-14 12:00:00
  , 16.052915         , 108.15943         , "2 Hoàng Minh Thảo, Phường Hòa Khánh Nam, Quận Liên Chiểu, Thành phố Đà Nẵng"                                                  , Đường Hoàng Minh Thảo (Từ số nhà 02 đến số nhà 86)                                                                                    , Phường Hòa Minh                    ,    7243, Quận Liên Chiểu     ,        7238, street    , cm        ,         100, 2022-10-14 12:00:00, 2022-10-14 12:00:00, False      ,                                                                                                   , 2022-10-14 12:00:00
  , 16.06832          , 108.1511572       , "1 Đặng Tất, Phường Hòa Khánh Nam, Quận Liên Chiểu, Thành phố Đà Nẵng"                                                         , Đường Đặng Tất (Từ số nhà 01 đến số nhà 35)                                                                                           , Phường Hòa Minh                    ,    7243, Quận Liên Chiểu     ,        7238, street    , cm        ,         100, 2022-10-14 12:00:00, 2022-10-14 12:00:00, False      ,                                                                                                   , 2022-10-14 12:00:00
  , 16.06847          , 108.151246        , "103 Đặng Dung, Phường Hòa Khánh Nam, Quận Liên Chiểu, Thành phố Đà Nẵng"                                                      , Đường Đặng Dung (Từ số nhà 103 đến số nhà 127)                                                                                        , Phường Hòa Minh                    ,    7243, Quận Liên Chiểu     ,        7238, street    , cm        ,         100, 2022-10-14 12:00:00, 2022-10-14 12:00:00, False      ,                                                                                                   , 2022-10-14 12:00:00
  , 16.068034         , 108.151282        , "98 Đặng Dung, Phường Hòa Khánh Nam, Quận Liên Chiểu, Thành phố Đà Nẵng"                                                       , Đường Đặng Dung (Từ số nhà 98 đến số nhà 124)                                                                                         , Phường Hòa Minh                    ,    7243, Quận Liên Chiểu     ,        7238, street    , cm        ,         100, 2022-10-14 12:00:00, 2022-10-14 12:00:00, False      ,                                                                                                   , 2022-10-14 12:00:00
  , 16.0119291        , 108.174482        , "243 Trường Sơn, Phường Hòa An, Quận Cẩm Lệ, Thành phố Đà Nẵng"                                                                , Đường Trường Sơn (Từ số nhà 242 đến Trường Quân Sự Quân Khu 5)                                                                        , Phường Hòa Thọ Tây                 ,    7286, Quận Cẩm Lệ         ,        7282, street    , cm        ,         100, 2022-10-14 12:00:00, 2022-10-14 12:00:00, False      ,                                                                                                   , 2022-10-14 12:00:00
  , 16.0542813        , 108.1774378       , "73 Yên Thế, Phường Hòa An, Quận Cẩm Lệ, Thành phố Đà Nẵng"                                                                    , Đường Yên Thế (Từ số nhà 73 đến số nhà 165)                                                                                           , Phường Hòa An                      ,    7285, Quận Cẩm Lệ         ,        7282, street    , cm        ,         150, 2022-10-14 12:00:00, 2022-10-14 12:00:00, False      ,                                                                                                   , 2022-10-14 12:00:00
  , 16.04789          , 108.181656        , "341 Tôn Đản, Phường Hòa An, Quận Cẩm Lệ, Thành phố Đà Nẵng"                                                                   , Đường Tôn Đản (Từ số nhà 341 đến số nhà 423)                                                                                          , Phường Hòa An                      ,    7285, Quận Cẩm Lệ         ,        7282, street    , cm        ,         200, 2022-10-14 12:00:00, 2022-10-14 12:00:00, False      ,                                                                                                   , 2022-10-14 12:00:00
  , 16.042005         , 108.183338        , "382 Tôn Đản, Phường Hòa An, Quận Cẩm Lệ, Thành phố Đà Nẵng"                                                                   , Đường Tôn Đản (Từ số nhà 382 đến số nhà 408)                                                                                          , Phường Hòa Phát                    ,    7284, Quận Cẩm Lệ         ,        7282, street    , cm        ,         200, 2022-10-14 12:00:00, 2022-10-14 12:00:00, False      ,                                                                                                   , 2022-10-14 12:00:00
  , 16.05462          , 108.176192        , "71 Trần Văn ơn, Phường Hòa An, Quận Cẩm Lệ, Thành phố Đà Nẵng"                                                                , Đường Trần Văn Ơn (Từ số nhà 71 đến số nhà 133)                                                                                       , Phường Hòa An                      ,    7285, Quận Cẩm Lệ         ,        7282, street    , cm        ,         120, 2022-10-14 12:00:00, 2022-10-14 12:00:00, False      ,                                                                                                   , 2022-10-14 12:00:00
  , 16.058884         , 108.175205        , "02 Bắc Sơn, Phường Hòa An, Quận Cẩm Lệ, Thành phố Đà Nẵng"                                                                    , Đường Bắc Sơn (Từ số nhà 02 đến số nhà 96)                                                                                            , Phường Hòa An                      ,    7285, Quận Cẩm Lệ         ,        7282, street    , cm        ,         150, 2022-10-14 12:00:00, 2022-10-14 12:00:00, False      ,                                                                                                   , 2022-10-14 12:00:00
  , 16.059119         , 108.175579        , "1 Yên Thế, Phường Hòa An, Quận Cẩm Lệ, Thành phố Đà Nẵng"                                                                     , Đường Yên Thế (Từ số nhà 01 đến số nhà 73)                                                                                            , Phường Hòa An                      ,    7285, Quận Cẩm Lệ         ,        7282, street    , cm        ,         150, 2022-10-14 12:00:00, 2022-10-14 12:00:00, False      ,                                                                                                   , 2022-10-14 12:00:00
  , 16.058481         , 108.174538        , "2 Hòa An 8, Phường Hòa An, Quận Cẩm Lệ, Thành phố Đà Nẵng"                                                                    , Đường Hoà An 8 (Từ số nhà 02 đến số nhà 48)                                                                                           , Phường Hòa An                      ,    7285, Quận Cẩm Lệ         ,        7282, street    , cm        ,         150, 2022-10-14 12:00:00, 2022-10-14 12:00:00, False      ,                                                                                                   , 2022-10-14 12:00:00
  , 16.05857          , 108.175165        , "1 Hòa An 8, Phường Hòa An, Quận Cẩm Lệ, Thành phố Đà Nẵng"                                                                    , Đường Hoà An 8 (Từ số nhà 01 đến số nhà 41)                                                                                           , Phường Hòa An                      ,    7285, Quận Cẩm Lệ         ,        7282, street    , cm        ,           0, 2022-10-14 12:00:00, 2022-10-14 12:00:00, False      ,                                                                                                   , 2022-10-14 12:00:00
  , 16.043468         , 108.178737        , "9 Hòa An 2, Phường Hòa An, Quận Cẩm Lệ, Thành phố Đà Nẵng"                                                                    , Đường Hoà An 2 (Từ số nhà 09 đến số nhà 35)                                                                                           , Phường Hòa An                      ,    7285, Quận Cẩm Lệ         ,        7282, street    , cm        ,          90, 2022-10-14 12:00:00, 2022-10-14 12:00:00, False      ,                                                                                                   , 2022-10-14 12:00:00
  , 16.055469         , 108.175517        , "9 Hòa An 1, Phường Hòa An, Quận Cẩm Lệ, Thành phố Đà Nẵng"                                                                    , Đường Hoà An 1 (Từ số nhà 09 đến số nhà 35)                                                                                           , Phường Hòa An                      ,    7285, Quận Cẩm Lệ         ,        7282, street    , cm        ,          50, 2022-10-14 12:00:00, 2022-10-14 12:00:00, False      ,                                                                                                   , 2022-10-14 12:00:00
  , 16.0594928        , 108.1754197       , "93 Tôn Đức Thắng, Phường Hòa An, Quận Cẩm Lệ, Thành phố Đà Nẵng"                                                              , Đường Tôn Đức Thắng (Từ số nhà 93 đến số nhà 159)                                                                                     , Phường Hòa An                      ,    7285, Quận Cẩm Lệ         ,        7282, street    , cm        ,         160, 2022-10-14 12:00:00, 2022-10-14 12:00:00, False      ,                                                                                                   , 2022-10-14 12:00:00
  , 16.058097         , 108.176358        , "20 Cao Sơn Pháo, Phường Hòa An, Quận Cẩm Lệ, Thành phố Đà Nẵng"                                                               , Đường Cao Sơn Pháo (Từ số nhà 20 đến số nhà 58)                                                                                       , Phường Hòa An                      ,    7285, Quận Cẩm Lệ         ,        7282, street    , cm        ,          90, 2022-10-14 12:00:00, 2022-10-14 12:00:00, False      ,                                                                                                   , 2022-10-14 12:00:00
  , 16.012865         , 108.221938        , "4 Thanh Lương 18, Phường Hòa Xuân, Quận Cẩm Lệ, Thành phố Đà Nẵng"                                                            , Đường Thanh Lương 18 (Từ số nhà 04 đến số nhà 114)                                                                                    , Phường Hòa Xuân                    ,    7288, Quận Cẩm Lệ         ,        7282, street    , cm        ,          90, 2022-10-14 12:00:00, 2022-10-14 12:00:00, False      ,                                                                                                   , 2022-10-14 12:00:00
  , 16.011289         , 108.221413        , "1 Thanh Lương 17, Phường Hòa Xuân, Quận Cẩm Lệ, Thành phố Đà Nẵng"                                                            , Đường Thanh Lương 17 (Từ số nhà 01 đến số nhà 111)                                                                                    , Phường Hòa Xuân                    ,    7288, Quận Cẩm Lệ         ,        7282, street    , cm        ,         100, 2022-10-14 12:00:00, 2022-10-14 12:00:00, False      ,                                                                                                   , 2022-10-14 12:00:00
  , 16.011412         , 108.222236        , "12 Vũ Đình Liên, Phường Hòa Xuân, Quận Cẩm Lệ, Thành phố Đà Nẵng"                                                             , Đường Vũ Đình Liên (Từ số 12 đến số 233 Vũ Đình Liên)                                                                                 , Phường Hòa Xuân                    ,    7288, Quận Cẩm Lệ         ,        7282, street    , cm        ,         100, 2022-10-14 12:00:00, 2022-10-14 12:00:00, False      ,                                                                                                   , 2022-10-14 12:00:00
  , 16.0110333        , 108.2249813       , "222 Nguyễn Hiến Lê, Phường Hòa Xuân, Quận Cẩm Lệ, Thành phố Đà Nẵng"                                                          , Đường Nguyễn Hiến Lê (Từ số nhà 222 đến số nhà 400)                                                                                   , Phường Hòa Xuân                    ,    7288, Quận Cẩm Lệ         ,        7282, street    , cm        ,          90, 2022-10-14 12:00:00, 2022-10-14 12:00:00, False      ,                                                                                                   , 2022-10-14 12:00:00
  , 16.0087228        , 108.223115        , "164 Phạm Xuân ẩn, Phường Hòa Xuân, Quận Cẩm Lệ, Thành phố Đà Nẵng"                                                            , Đường Phạm Xuân Ẩn (Từ số nhà 164 đến số nhà 382)                                                                                     , Phường Hòa Xuân                    ,    7288, Quận Cẩm Lệ         ,        7282, street    , cm        ,         100, 2022-10-14 12:00:00, 2022-10-14 12:00:00, False      ,                                                                                                   , 2022-10-14 12:00:00
  , 16.0119057        , 108.2178201       , "264 Bùi Thiện Ngộ, Phường Hòa Xuân, Quận Cẩm Lệ, Thành phố Đà Nẵng"                                                           , Đường Bùi Thiện Ngộ (Từ số nhà 264 đến số nhà 508)                                                                                    , Phường Khuê Trung                  ,    7283, Quận Cẩm Lệ         ,        7282, street    , cm        ,          90, 2022-10-14 12:00:00, 2022-10-14 12:00:00, False      ,                                                                                                   , 2022-10-14 12:00:00
  , 16.00575          , 108.224618        , "1 Diệp Minh Châu, Phường Hòa Xuân, Quận Cẩm Lệ, Thành phố Đà Nẵng"                                                            , Đường Diệp Minh Châu (Từ số nhà 01 đến số nhà 111)                                                                                    , Phường Hòa Xuân                    ,    7288, Quận Cẩm Lệ         ,        7282, street    , cm        ,          90, 2022-10-14 12:00:00, 2022-10-14 12:00:00, False      ,                                                                                                   , 2022-10-14 12:00:00
  , 16.016182         , 108.232739        , "11 Hồ Phi Tích, Phường Hòa Xuân, Quận Cẩm Lệ, Thành phố Đà Nẵng"                                                              , Đường Hồ Phi Tích (Từ số nhà 11 đến số nhà 139)                                                                                       , Phường Hòa Xuân                    ,    7288, Quận Cẩm Lệ         ,        7282, street    , cm        ,          90, 2022-10-14 12:00:00, 2022-10-14 12:00:00, False      ,                                                                                                   , 2022-10-14 12:00:00
  , 16.0086053        , 108.2161941       , "420 Đường 19/3, Phường Hòa Xuân, Quận Cẩm Lệ, Thành phố Đà Nẵng"                                                              , Đường 29/3 (Từ số nhà 420 đến số nhà 574)                                                                                             , Phường Khuê Trung                  ,    7283, Quận Cẩm Lệ         ,        7282, street    , cm        ,         100, 2022-10-14 12:00:00, 2022-10-14 12:00:00, False      ,                                                                                                   , 2022-10-14 12:00:00
  , 16.027844         , 108.189637        , "10 Vũ Lăng, Phường Hòa Phát, Quận Cẩm Lệ, Thành phố Đà Nẵng"                                                                  , Đường Vũ Lăng (Từ số nhà 10 đến số nhà 116)                                                                                           , Phường Hòa Phát                    ,    7284, Quận Cẩm Lệ         ,        7282, street    , cm        ,          50, 2022-10-14 12:00:00, 2022-10-14 12:00:00, False      ,                                                                                                   , 2022-10-14 12:00:00
  , 16.032403         , 108.179302        , "1 Trinh Đường, Phường Hòa Phát, Quận Cẩm Lệ, Thành phố Đà Nẵng"                                                               , Đường Trinh Đường (Từ số nhà 01 đến số nhà 83)                                                                                        , Phường Hòa Phát                    ,    7284, Quận Cẩm Lệ         ,        7282, street    , cm        ,          50, 2022-10-14 12:00:00, 2022-10-14 12:00:00, False      ,                                                                                                   , 2022-10-14 12:00:00
  , 16.035159         , 108.184479        , "634 Tôn Đản, Phường Hòa Phát, Quận Cẩm Lệ, Thành phố Đà Nẵng"                                                                 , Đường Tôn Đản (Từ số nhà 634 đến số nhà 904)                                                                                          , Phường Hòa Phát                    ,    7284, Quận Cẩm Lệ         ,        7282, street    , cm        ,         100, 2022-10-14 12:00:00, 2022-10-14 12:00:00, False      ,                                                                                                   , 2022-10-14 12:00:00
  , 16.026889         , 108.188844        , "41 Vũ Lăng, Phường Hòa Phát, Quận Cẩm Lệ, Thành phố Đà Nẵng"                                                                  , Đường Vũ Lăng (Từ số nhà 41 đến số nhà 55)                                                                                            , Phường Hòa Phát                    ,    7284, Quận Cẩm Lệ         ,        7282, street    , cm        ,         100, 2022-10-14 12:00:00, 2022-10-14 12:00:00, False      ,                                                                                                   , 2022-10-14 12:00:00
  , 16.028966         , 108.186217        , "889 Tôn Đản, Phường Hòa Phát, Quận Cẩm Lệ, Thành phố Đà Nẵng"                                                                 , Đường Tôn Đản (Từ số nhà 889 đến số nhà 891)                                                                                          , Phường Hòa Phát                    ,    7284, Quận Cẩm Lệ         ,        7282, street    , cm        ,          50, 2022-10-14 12:00:00, 2022-10-14 12:00:00, False      ,                                                                                                   , 2022-10-14 12:00:00
  , 16.036302         , 108.209578        , "300 Nguyễn Hữu Thọ, Phường Khuê Trung, Quận Cẩm Lệ, Thành phố Đà Nẵng"                                                        , Đường Nguyễn Hữu Thọ - Phan Đăng Lưu (Từ số nhà 300 đến số nhà 312)                                                                   , Phường Khuê Trung                  ,    7283, Quận Cẩm Lệ         ,        7282, street    , cm        ,          40, 2022-10-14 12:00:00, 2022-10-14 12:00:00, False      ,                                                                                                   , 2022-10-14 12:00:00
  , 16.015747         , 108.209209        , "36 Lương Định Của, Phường Khuê Trung, Quận Cẩm Lệ, Thành phố Đà Nẵng"                                                         , Đường Lương Định Của (Từ số nhà 36 đến số nhà 48)                                                                                     , Phường Khuê Trung                  ,    7283, Quận Cẩm Lệ         ,        7282, street    , cm        ,          50, 2022-10-14 12:00:00, 2022-10-14 12:00:00, False      ,                                                                                                   , 2022-10-14 12:00:00
  , 16.024204         , 108.212221        , "56 Trần Phước Thành, Phường Khuê Trung, Quận Cẩm Lệ, Thành phố Đà Nẵng"                                                       , Đường Trần Phước Thành (Từ số nhà 56 đến số nhà 86)                                                                                   , Phường Khuê Trung                  ,    7283, Quận Cẩm Lệ         ,        7282, street    , cm        ,          30, 2022-10-14 12:00:00, 2022-10-14 12:00:00, False      ,                                                                                                   , 2022-10-14 12:00:00
  , 16.0252241        , 108.2151083       , "196 Xuân Thủy, Phường Khuê Trung, Quận Cẩm Lệ, Thành phố Đà Nẵng"                                                             , Đường Xuân Thuỷ (Từ số nhà 196 đến số nhà 204)                                                                                        , Phường Khuê Trung                  ,    7283, Quận Cẩm Lệ         ,        7282, street    , cm        ,          30, 2022-10-14 12:00:00, 2022-10-14 12:00:00, False      ,                                                                                                   , 2022-10-14 12:00:00
  , 16.024533         , 108.215139        , "1 Trịnh Hoài Đức, Phường Khuê Trung, Quận Cẩm Lệ, Thành phố Đà Nẵng"                                                          , Đường Trịnh Hoài Đức (Từ số nhà 01 đến số nhà 63)                                                                                     , Phường Khuê Trung                  ,    7283, Quận Cẩm Lệ         ,        7282, street    , cm        ,          40, 2022-10-14 12:00:00, 2022-10-14 12:00:00, False      ,                                                                                                   , 2022-10-14 12:00:00
  , 16.03528          , 108.214264        , "100 Huỳnh Tấn Phát, Phường Khuê Trung, Quận Cẩm Lệ, Thành phố Đà Nẵng"                                                        , Đường Huỳnh Tấn Phát (Từ số nhà 100 đến số 110)                                                                                       , Phường Khuê Trung                  ,    7283, Quận Cẩm Lệ         ,        7282, street    , cm        ,          40, 2022-10-14 12:00:00, 2022-10-14 12:00:00, False      ,                                                                                                   , 2022-10-14 12:00:00
  , 16.0341363        , 108.2138408       , "56 Dương Quảng Hàm, Phường Khuê Trung, Quận Cẩm Lệ, Thành phố Đà Nẵng"                                                        , Đường Dương Quảng Hàm (Từ số nhà 56 đến số nhà 80)                                                                                    , Phường Khuê Trung                  ,    7283, Quận Cẩm Lệ         ,        7282, street    , cm        ,          40, 2022-10-14 12:00:00, 2022-10-14 12:00:00, False      ,                                                                                                   , 2022-10-14 12:00:00
  , 16.021821         , 108.208949        , "2 Tôn Thất Thuyết, Phường Khuê Trung, Quận Cẩm Lệ, Thành phố Đà Nẵng"                                                         , Đường Tôn Thất Thuyết (Từ số nhà 02 đến số nhà 20)                                                                                    , Phường Khuê Trung                  ,    7283, Quận Cẩm Lệ         ,        7282, street    , cm        ,          30, 2022-10-14 12:00:00, 2022-10-14 12:00:00, False      ,                                                                                                   , 2022-10-14 12:00:00
  , 16.023608         , 108.206777        , "60 Phạm Sư Mạnh, Phường Khuê Trung, Quận Cẩm Lệ, Thành phố Đà Nẵng"                                                           , Đường Phạm Sư Mạnh (Từ số nhà 60 đến số nhà 80)                                                                                       , Phường Hòa Thọ Đông                ,    7287, Quận Cẩm Lệ         ,        7282, street    , cm        ,          50, 2022-10-14 12:00:00, 2022-10-14 12:00:00, False      ,                                                                                                   , 2022-10-14 12:00:00
  , 16.019923         , 108.206825        , "1 Hà Tông Quyền, Phường Khuê Trung, Quận Cẩm Lệ, Thành phố Đà Nẵng"                                                           , Đường Hà Tông Quyền (Từ số nhà 01 đến số nhà 33)                                                                                      , Phường Hòa Thọ Đông                ,    7287, Quận Cẩm Lệ         ,        7282, street    , cm        ,          30, 2022-10-14 12:00:00, 2022-10-14 12:00:00, False      ,                                                                                                   , 2022-10-14 12:00:00
  , 16.0218883        , 108.2094371       , "67 Trần Xuân Soạn, Phường Khuê Trung, Quận Cẩm Lệ, Thành phố Đà Nẵng"                                                         , Đường Trần Xuân Soạn (Từ số nhà 67 đến số nhà 72)                                                                                     , Phường Khuê Trung                  ,    7283, Quận Cẩm Lệ         ,        7282, street    , cm        ,          30, 2022-10-14 12:00:00, 2022-10-14 12:00:00, False      ,                                                                                                   , 2022-10-14 12:00:00
  , 16.0231093        , 108.2020901       , "31 Phước Hòa 2, Phường Khuê Trung, Quận Cẩm Lệ, Thành phố Đà Nẵng"                                                            , Đường Phước Hoà 2 (Từ số nhà 31 đến số nhà 45)                                                                                        , Phường Hòa Thọ Đông                ,    7287, Quận Cẩm Lệ         ,        7282, street    , cm        ,          50, 2022-10-14 12:00:00, 2022-10-14 12:00:00, False      ,                                                                                                   , 2022-10-14 12:00:00
  , 16.0209571        , 108.2033829       , "34 Phước Hòa 4, Phường Khuê Trung, Quận Cẩm Lệ, Thành phố Đà Nẵng"                                                            , Đường Phước Hoà 4 (Từ số nhà 34 đến số nhà 50)                                                                                        , Phường Hòa Thọ Đông                ,    7287, Quận Cẩm Lệ         ,        7282, street    , cm        ,          40, 2022-10-14 12:00:00, 2022-10-14 12:00:00, False      ,                                                                                                   , 2022-10-14 12:00:00
  , 16.018531         , 108.212618        , "1 Bình Hòa 15, Phường Khuê Trung, Quận Cẩm Lệ, Thành phố Đà Nẵng"                                                             , Đường Bình Hoà 15 (Từ số nhà 01 đến số nhà 36)                                                                                        , Phường Khuê Trung                  ,    7283, Quận Cẩm Lệ         ,        7282, street    , cm        ,          30, 2022-10-14 12:00:00, 2022-10-14 12:00:00, False      ,                                                                                                   , 2022-10-14 12:00:00
  , 16.032636         , 108.208222        , "15 Phạm Phú Tiết, Phường Khuê Trung, Quận Cẩm Lệ, Thành phố Đà Nẵng"                                                          , Đường Phạm Phú Tiết (Từ số nhà 15 đến số nhà 55)                                                                                      , Phường Khuê Trung                  ,    7283, Quận Cẩm Lệ         ,        7282, street    , cm        ,          30, 2022-10-14 12:00:00, 2022-10-14 12:00:00, False      ,                                                                                                   , 2022-10-14 12:00:00
  , 16.0099265        , 108.193609        , "03 Trừ Văn Thố, Phường Khuê Trung, Quận Cẩm Lệ, Thành phố Đà Nẵng"                                                            , Đường Trừ Văn Thố (Từ số nhà 03 đến số nhà 59)                                                                                        , Phường Hòa Thọ Đông                ,    7287, Quận Cẩm Lệ         ,        7282, street    , cm        ,          40, 2022-10-14 12:00:00, 2022-10-14 12:00:00, False      ,                                                                                                   , 2022-10-14 12:00:00
  , 16.005888         , 108.195165        , "6 Trần Quý Hai, Phường Hòa Thọ Đông, Quận Cẩm Lệ, Thành phố Đà Nẵng"                                                          , Đường Trần Quý Hai (Từ số nhà 06 đến số nhà 46)                                                                                       , Phường Hòa Thọ Đông                ,    7287, Quận Cẩm Lệ         ,        7282, street    , cm        ,          40, 2022-10-14 12:00:00, 2022-10-14 12:00:00, False      ,                                                                                                   , 2022-10-14 12:00:00
  , 16.0073514        , 108.1953418       , "2 Trần Văn Lan, Phường Hòa Thọ Đông, Quận Cẩm Lệ, Thành phố Đà Nẵng"                                                          , Đường Trần Văn Lan (Toàn bộ tuyến đường)                                                                                              , Phường Hòa Thọ Đông                ,    7287, Quận Cẩm Lệ         ,        7282, street    , cm        ,          40, 2022-10-14 12:00:00, 2022-10-14 12:00:00, False      ,                                                                                                   , 2022-10-14 12:00:00
  , 16.01037          , 108.197732        , "2 Cống Quỳnh, Phường Hòa Thọ Đông, Quận Cẩm Lệ, Thành phố Đà Nẵng"                                                            , Đường Cống Quỳnh (Từ số nhà 02 đến số nhà 44)                                                                                         , Phường Hòa Thọ Đông                ,    7287, Quận Cẩm Lệ         ,        7282, street    , cm        ,         150, 2022-10-14 12:00:00, 2022-10-14 12:00:00, False      ,                                                                                                   , 2022-10-14 12:00:00
  , 16.01071          , 108.197425        , "2 Phong Bắc 15, Phường Hòa Thọ Đông, Quận Cẩm Lệ, Thành phố Đà Nẵng"                                                          , Đường Phong Bắc 15 (Từ số nhà 02 đến số nhà 24)                                                                                       , Phường Hòa Thọ Đông                ,    7287, Quận Cẩm Lệ         ,        7282, street    , cm        ,         150, 2022-10-14 12:00:00, 2022-10-14 12:00:00, False      ,                                                                                                   , 2022-10-14 12:00:00
  , 16.0110712        , 108.1973655       , "2 Phong Bắc 16, Phường Hòa Thọ Đông, Quận Cẩm Lệ, Thành phố Đà Nẵng"                                                          , Đường Phong Bắc 16 (Toàn bộ tuyến đường)                                                                                              , Phường Hòa Thọ Đông                ,    7287, Quận Cẩm Lệ         ,        7282, street    , cm        ,         150, 2022-10-14 12:00:00, 2022-10-14 12:00:00, False      ,                                                                                                   , 2022-10-14 12:00:00
  , 16.0120268        , 108.1982008       , "1 Phan Sỹ Thực, Phường Hòa Thọ Đông, Quận Cẩm Lệ, Thành phố Đà Nẵng"                                                          , Đường Phan Sỹ Thực (Từ số nhà 01 đến số 47)                                                                                           , Phường Hòa Thọ Đông                ,    7287, Quận Cẩm Lệ         ,        7282, street    , cm        ,         180, 2022-10-14 12:00:00, 2022-10-14 12:00:00, False      ,                                                                                                   , 2022-10-14 12:00:00
  , 16.011007         , 108.195483        , "5 Nguyễn Nhàn, Phường Hòa Thọ Đông, Quận Cẩm Lệ, Thành phố Đà Nẵng"                                                           , Đường Nguyễn Nhàn (Từ số nhà 05 đến số nhà 113)                                                                                       , Phường Hòa Thọ Đông                ,    7287, Quận Cẩm Lệ         ,        7282, street    , cm        ,         250, 2022-10-14 12:00:00, 2022-10-14 12:00:00, False      ,                                                                                                   , 2022-10-14 12:00:00
  , 16.012248         , 108.197729        , "1 Bàu Gia 1, Phường Hòa Thọ Đông, Quận Cẩm Lệ, Thành phố Đà Nẵng"                                                             , Đường Bàu Gia 1 (Từ số nhà 01 đến số nhà 29)                                                                                          , Phường Hòa Thọ Đông                ,    7287, Quận Cẩm Lệ         ,        7282, street    , cm        ,         180, 2022-10-14 12:00:00, 2022-10-14 12:00:00, False      ,                                                                                                   , 2022-10-14 12:00:00
  , 16.0158653        , 108.1955175       , "132 Phạm Viết Chánh, Phường Hòa Thọ Đông, Quận Cẩm Lệ, Thành phố Đà Nẵng"                                                     , Đường Phạm Viết Chánh (Từ số nhà 132 đến số nhà 184)                                                                                  , Phường Hòa Thọ Đông                ,    7287, Quận Cẩm Lệ         ,        7282, street    , cm        ,         150, 2022-10-14 12:00:00, 2022-10-14 12:00:00, False      ,                                                                                                   , 2022-10-14 12:00:00
  , 16.016951         , 108.195593        , "1 Bàu Gia Thượng 1, Phường Hòa Thọ Đông, Quận Cẩm Lệ, Thành phố Đà Nẵng"                                                      , Đường Bàu Gia Thượng 1 (Từ số nhà 01 đến số nhà 69)                                                                                   , Phường Hòa Thọ Đông                ,    7287, Quận Cẩm Lệ         ,        7282, street    , cm        ,         100, 2022-10-14 12:00:00, 2022-10-14 12:00:00, False      ,                                                                                                   , 2022-10-14 12:00:00
  , 16.016793         , 108.195176        , "1 Bàu Gia Thượng 2, Phường Hòa Thọ Đông, Quận Cẩm Lệ, Thành phố Đà Nẵng"                                                      , Đường Bàu Gia Thượng 2 (Từ số nhà 01 đến số nhà 96)                                                                                   , Phường Hòa Thọ Đông                ,    7287, Quận Cẩm Lệ         ,        7282, street    , cm        ,         100, 2022-10-14 12:00:00, 2022-10-14 12:00:00, False      ,                                                                                                   , 2022-10-14 12:00:00
  , 16.01631          , 108.195264        , "1 Bàu Gia Thượng 3, Phường Hòa Thọ Đông, Quận Cẩm Lệ, Thành phố Đà Nẵng"                                                      , Đường Bàu Gia Thượng 3 (Từ số nhà 01 đến số nhà 69)                                                                                   , Phường Hòa Thọ Đông                ,    7287, Quận Cẩm Lệ         ,        7282, street    , cm        ,         100, 2022-10-14 12:00:00, 2022-10-14 12:00:00, False      ,                                                                                                   , 2022-10-14 12:00:00
  , 16.01668          , 108.198518        , "150 Nguyễn Phước Tần, Phường Hòa Thọ Đông, Quận Cẩm Lệ, Thành phố Đà Nẵng"                                                    , Đường Nguyễn Phước Tần (Từ số nhà 150 đến số nhà 182)                                                                                 , Phường Hòa Thọ Đông                ,    7287, Quận Cẩm Lệ         ,        7282, street    , cm        ,         200, 2022-10-14 12:00:00, 2022-10-14 12:00:00, False      ,                                                                                                   , 2022-10-14 12:00:00
  , 16.0161763        , 108.2012127       , "61 Nguyễn Hàng, Phường Hòa Thọ Đông, Quận Cẩm Lệ, Thành phố Đà Nẵng"                                                          , Đường Nguyễn Hàng (Từ số nhà 61 đến số nhà 99)                                                                                        , Phường Hòa Thọ Đông                ,    7287, Quận Cẩm Lệ         ,        7282, street    , cm        ,         100, 2022-10-14 12:00:00, 2022-10-14 12:00:00, False      ,                                                                                                   , 2022-10-14 12:00:00
  , 16.0155058        , 108.199074        , "17 Bàu Gia Thượng 4, Phường Hòa Thọ Đông, Quận Cẩm Lệ, Thành phố Đà Nẵng"                                                     , Đường Bàu Gia Thượng 4 (Từ số nhà 17 đến số nhà 33)                                                                                   , Phường Hòa Thọ Đông                ,    7287, Quận Cẩm Lệ         ,        7282, street    , cm        ,         100, 2022-10-14 12:00:00, 2022-10-14 12:00:00, False      ,                                                                                                   , 2022-10-14 12:00:00
  , 16.0141819        , 108.1985116       , "442 Cách Mạng Tháng Tám, Phường Hòa Thọ Đông, Quận Cẩm Lệ, Thành phố Đà Nẵng"                                                 , Đường Cách Mạng Tháng 8 (Từ số nhà 442 đến số nhà 522)                                                                                , Phường Hòa Thọ Đông                ,    7287, Quận Cẩm Lệ         ,        7282, street    , cm        ,         200, 2022-10-14 12:00:00, 2022-10-14 12:00:00, False      ,                                                                                                   , 2022-10-14 12:00:00
  , 16.016006         , 108.201778        , "344 Cách Mạng Tháng Tám, Phường Hòa Thọ Đông, Quận Cẩm Lệ, Thành phố Đà Nẵng"                                                 , Đường Cách Mạng Tháng 8 (Từ số nhà 344 đến số nhà 440)                                                                                , Phường Hòa Thọ Đông                ,    7287, Quận Cẩm Lệ         ,        7282, street    , cm        ,         200, 2022-10-14 12:00:00, 2022-10-14 12:00:00, False      ,                                                                                                   , 2022-10-14 12:00:00
  , 16.017234         , 108.200893        , "187 Lê Kim Lăng, Phường Hòa Thọ Đông, Quận Cẩm Lệ, Thành phố Đà Nẵng"                                                         , Đường Lê Kim Lăng (Từ số nhà 187 đến số nhà 211)                                                                                      , Phường Hòa Thọ Đông                ,    7287, Quận Cẩm Lệ         ,        7282, street    , cm        ,         100, 2022-10-14 12:00:00, 2022-10-14 12:00:00, False      ,                                                                                                   , 2022-10-14 12:00:00
  , 16.006201         , 108.195525        , "3 Phong Bắc 6, Phường Hòa Thọ Đông, Quận Cẩm Lệ, Thành phố Đà Nẵng"                                                           , Đường Phong Bắc 6 (Từ số nhà 03 đến số nhà 45)                                                                                        , Phường Hòa Thọ Đông                ,    7287, Quận Cẩm Lệ         ,        7282, street    , cm        ,          50, 2022-10-14 12:00:00, 2022-10-14 12:00:00, False      ,                                                                                                   , 2022-10-14 12:00:00
  , 16.0147687        , 108.2037304       , "52 Bình Thái 3, Phường Hòa Thọ Đông, Quận Cẩm Lệ, Thành phố Đà Nẵng"                                                          , Đường Bình Thái 3 (Từ số nhà 52 đến số nhà 60)                                                                                        , Phường Hòa Thọ Đông                ,    7287, Quận Cẩm Lệ         ,        7282, street    , cm        ,         100, 2022-10-14 12:00:00, 2022-10-14 12:00:00, False      ,                                                                                                   , 2022-10-14 12:00:00
  , 16.014157         , 108.204203        , "37 Bình Thái 1, Phường Hòa Thọ Đông, Quận Cẩm Lệ, Thành phố Đà Nẵng"                                                          , Đường Bình Thái 1 (Từ số nhà 37 đến số nhà 47)                                                                                        , Phường Hòa Thọ Đông                ,    7287, Quận Cẩm Lệ         ,        7282, street    , cm        ,         100, 2022-10-14 12:00:00, 2022-10-14 12:00:00, False      ,                                                                                                   , 2022-10-14 12:00:00
  , 16.032312393188477, 108.21870422363281, "41 Xô Viết Nghệ Tĩnh, Hoà Cường Nam, Hải Châu, Đà Nẵng, Việt Nam"                                                             , Lê Thanh Nghị - Xô Viết Nghệ Tĩnh (Đoạn ngã tư)                                                                                       , Phường Hòa Cường Nam               ,    7268, Quận Hải Châu       ,        7255, point     , cm        ,          50, 2022-10-14 12:00:00, 2022-10-14 12:00:00, False      ,                                                                                                   , 2022-10-14 12:00:00
  , 16.036657333374023, 108.21821594238281, "63 Phan Đăng Lưu, Hoà Cường Bắc, Hải Châu, Đà Nẵng, Việt Nam"                                                                 , Lê Thanh Nghị - Phan Đăng Lưu (Đoạn ngã tư)                                                                                           , Phường Hòa Cường Nam               ,    7268, Quận Hải Châu       ,        7255, point     , cm        ,          50, 2022-10-14 12:00:00, 2022-10-14 12:00:00, False      ,                                                                                                   , 2022-10-14 12:00:00
  , 16.02923011779785 , 108.22687530517578, "162 Thăng Long, Hoà Cường Nam, Hải Châu, Đà Nẵng, Việt Nam"                                                                   , Nguyễn Xuân Nhĩ – Thăng Long (Đoạn ngã ba)                                                                                            , Phường Hòa Cường Nam               ,    7268, Quận Hải Châu       ,        7255, point     , cm        ,          50, 2022-10-14 12:00:00, 2022-10-14 12:00:00, False      ,                                                                                                   , 2022-10-14 12:00:00
  , 16.02625274658203 , 108.22096252441406, "Đường Lê Thanh Nghị, Phường Hòa Cường Nam, Quận Hải Châu, Đà Nẵng, Việt Nam"                                                  , Lê Thanh Nghị - CMT8 (Đoạn ngã tư)                                                                                                    , Phường Hòa Cường Nam               ,    7268, Quận Hải Châu       ,        7255, point     , cm        ,          50, 2022-10-14 12:00:00, 2022-10-14 12:00:00, False      ,                                                                                                   , 2022-10-14 12:00:00
  , 16.057029724121094, 108.21882629394531, "357 Phan Châu Trinh, Bình Hiên, Hải Châu, Đà Nẵng 550000, Việt Nam"                                                           , Ngã 03 Chu Văn An – Phan Chu Trinh (Đoạn ngã ba)                                                                                      , Phường Bình Hiên                   ,    7265, Quận Hải Châu       ,        7255, point     , cm        ,          50, 2022-10-14 12:00:00, 2022-10-14 12:00:00, False      ,                                                                                                   , 2022-10-14 12:00:00
  , 16.056482315063477, 108.21705627441406, "358 Hoàng Diệu, Bình Thuận, Hải Châu, Đà Nẵng 550000, Vietnam"                                                                , Kiệt 356 Hoàng Diệu (Toàn bộ kiệt)                                                                                                    , Phường Bình Hiên                   ,    7265, Quận Hải Châu       ,        7255, point     , cm        ,          50, 2022-10-14 12:00:00, 2022-10-14 12:00:00, False      ,                                                                                                   , 2022-10-14 12:00:00
  , 16.056129455566406, 108.21710968017578, "368 Hoàng Diệu, Bình Thuận, Hải Châu, Đà Nẵng 550000, Vietnam"                                                                , Kiệt 368 Hoàng Diệu (Toàn bộ kiệt)                                                                                                    , Phường Bình Hiên                   ,    7265, Quận Hải Châu       ,        7255, point     , cm        ,          50, 2022-10-14 12:00:00, 2022-10-14 12:00:00, False      ,                                                                                                   , 2022-10-14 12:00:00
  , 16.054990768432617, 108.21727752685547, "410 Hoàng Diệu, Bình Thuận, Hải Châu, Đà Nẵng, Việt Nam"                                                                      , Kiệt 408 Hoàng Diệu (Toàn bộ kiệt)                                                                                                    , Phường Bình Thuận                  ,    7266, Quận Hải Châu       ,        7255, point     , cm        ,          50, 2022-10-14 12:00:00, 2022-10-14 12:00:00, False      ,                                                                                                   , 2022-10-14 12:00:00
  , 16.05408477783203 , 108.2174301147461 , "442 Hoàng Diệu, Hòa Thuận Đông, Hải Châu, Đà Nẵng, Việt Nam"                                                                  , Kiệt 442 Hoàng Diệu (Toàn bộ kiệt)                                                                                                    , Phường Hòa Thuận Đông              ,    7263, Quận Hải Châu       ,        7255, point     , cm        ,          50, 2022-10-14 12:00:00, 2022-10-14 12:00:00, False      ,                                                                                                   , 2022-10-14 12:00:00
  , 16.060278         , 108.214302        , "75 Nguyễn Văn Linh, Nam Dương, Hải Châu, Đà Nẵng, Việt Nam"                                                                   , Kiệt 179 Nguyễn Văn Linh (Toàn bộ kiệt)                                                                                               , Phường Nam Dương                   ,    7264, Quận Hải Châu       ,        7255, street    , cm        ,          80, 2022-10-14 12:00:00, 2022-10-14 12:00:00, False      ,                                                                                                   , 2022-10-14 12:00:00
  , 16.081799         , 108.216316        , "93 Hải Hồ, Hải Châu, Đà Nẵng 550000, Việt Nam"                                                                                , Đường Lương Ngọc Quyến (Từ ngã 3 Lương Ngọc Quyến - Hải Hồ đến ngã 3 Lương Ngọc Quyến - Đống Đa)                                      , Phường Thanh Bình                  ,    7256, Quận Hải Châu       ,        7255, street    , cm        ,          50, 2022-10-14 12:00:00, 2022-10-14 12:00:00, False      ,                                                                                                   , 2022-10-14 12:00:00
  , 16.07354736328125 , 108.21392822265625, "269/8 Đường Đống Đa, Phường Thạch Thang, Hải Châu, Đà Nẵng, Việt Nam"                                                         , Quang Trung - Đống Đa (Đoạn ngã 4)                                                                                                    , Phường Thanh Bình                  ,    7256, Quận Hải Châu       ,        7255, point     , cm        ,         100, 2022-10-14 12:00:00, 2022-10-14 12:00:00, False      ,                                                                                                   , 2022-10-14 12:00:00
  , 16.071714401245117, 108.2131576538086 , "21/21 Ông Ích Khiêm, Hải Châu, Đà Nẵng, Việt Nam"                                                                             , Hải Phòng- Ông Ích Khiêm (Đoạn ngã 4)                                                                                                 , Phường Tân Chính                   ,    7249, Quận Thanh Khê      ,        7244, point     , cm        ,         100, 2022-10-14 12:00:00, 2022-10-14 12:00:00, False      ,                                                                                                   , 2022-10-14 12:00:00
  , 16.060903549194336, 108.22376251220703, "2 Đ. 2 Tháng 9, Bình Hiên, Hải Châu, Đà Nẵng 550000, Việt Nam"                                                                , Đường 2/9 (Toàn bộ tuyến đường)                                                                                                       , Phường Phước Ninh                  ,    7261, Quận Hải Châu       ,        7255, point     , cm        ,          50, 2022-10-14 12:00:00, 2022-10-14 12:00:00, False      ,                                                                                                   , 2022-10-14 12:00:00
  , 16.040634155273438, 108.2218017578125 , "347 Núi Thành, Hoà Cường Bắc, Hải Châu, Đà Nẵng, Việt Nam"                                                                    , Đường 30/4 - Núi Thành (Khu vực ngã tư)                                                                                               , Phường Hòa Cường Bắc               ,    7267, Quận Hải Châu       ,        7255, point     , cm        ,          50, 2022-10-14 12:00:00, 2022-10-14 12:00:00, False      ,                                                                                                   , 2022-10-14 12:00:00
  , 16.06085777282715 , 108.21092224121094, "140 Đường Hàm Nghi, Phường Thạc Gián, Quận Thanh Khê, Đà Nẵng, Việt Nam"                                                      , "Kiệt 142,Đường Hàm Nghi; phường Thạc Gián (Kiệt 142, đường Nguyễn Văn Linh)"                                                         , Phường Thạc Gián                   ,    7252, Quận Thanh Khê      ,        7244, point     , cm        ,         120, 2022-10-14 12:00:00, 2022-10-14 12:00:00, False      ,                                                                                                   , 2022-10-14 12:00:00
  , 16.059846878051758, 108.21114349365234, "3656+VGJ, Lê Đình Lý, Vĩnh Trung, Thanh Khê, Đà Nẵng 550000, Việt Nam"                                                        , Ngã tư Lê Đình Lý – Nguyễn Văn Linh; phường Thạc Gián (271 Nguyễn Văn Linh - 04 Lê Đình Lý)                                           , Phường Thạc Gián                   ,    7252, Quận Thanh Khê      ,        7244, point     , cm        ,          70, 2022-10-14 12:00:00, 2022-10-14 12:00:00, False      ,                                                                                                   , 2022-10-14 12:00:00
  , 16.058940887451172, 108.20952606201172, "1 Đ. Phạm Văn Nghị, Thạc Gián, Thanh Khê, Đà Nẵng 550000, Vietnam"                                                            , "Ngã 3 Phạm Văn Nghị - Đào Duy Anh, phường Thạc Gián (3 Phạm Văn Nghị -21 Đào Đuy Anh)"                                               , Phường Thạc Gián                   ,    7252, Quận Thanh Khê      ,        7244, point     , cm        ,          70, 2022-10-14 12:00:00, 2022-10-14 12:00:00, False      ,                                                                                                   , 2022-10-14 12:00:00
  , 16.068965911865234, 108.17620849609375, "21 Nguyễn Văn Huề, Hoà Minh, Thanh Khê, Đà Nẵng 550000, Việt Nam"                                                             , "Kiệt: 21, đường Nguyễn Văn Huề, tổ 20,26,27, Thanh Khê Tây (Tổ 20, 26,27 Thanh Khê Tây)"                                             , Phường Thanh Khê Tây               ,    7246, Quận Thanh Khê      ,        7244, point     , cm        ,         126, 2022-10-14 12:00:00, 2022-10-14 12:00:00, False      ,                                                                                                   , 2022-10-14 12:00:00
  , 16.073595         , 108.177376        , "128 Đ. Dũng Sĩ Thanh Khê, Thanh Khê Tây, Thanh Khê, Đà Nẵng, Việt Nam"                                                        , "Kiệt: 126, đường Dũng Sỹ Thanh Khê, tổ 32, Thanh Khê Tây (126, đường Dũng Sỹ Thanh Khê)"                                             , Phường Thanh Khê Tây               ,    7246, Quận Thanh Khê      ,        7244, street    , cm        ,          45, 2022-10-14 12:00:00, 2022-10-14 12:00:00, False      ,                                                                                                   , 2022-10-14 12:00:00
  , 16.067462921142578, 108.1987075805664 , "142, 46/09 Điện Biên Phủ, Chính Gián, Thanh Khê, Đà Nẵng 550000, Vietnam"                                                     , Kiệt 130 Điện Biên Phủ (Toàn bộ kiệt)                                                                                                 , Phường Chính Gián                  ,    7250, Quận Thanh Khê      ,        7244, point     , cm        ,          50, 2022-10-14 12:00:00, 2022-10-14 12:00:00, False      ,                                                                                                   , 2022-10-14 12:00:00
  , 16.06606101989746 , 108.19847106933594, "26 K 142 Điện Biên Phủ, Chính Gián, Thanh Khê, Đà Nẵng 550000, Việt Nam"                                                      , Kiệt 142 Điện Biên Phủ (142/5 - 142/86 Điện Biên Phủ)                                                                                 , Phường Chính Gián                  ,    7250, Quận Thanh Khê      ,        7244, point     , cm        ,          10, 2022-10-14 12:00:00, 2022-10-14 12:00:00, False      ,                                                                                                   , 2022-10-14 12:00:00
  , 16.066539764404297, 108.19353485107422, "322 Điện Biên Phủ, Chính Gián, Thanh Khê, Đà Nẵng 550000, Việt Nam"                                                           , Kiệt 304 Điện Biên Phủ (Toàn bộ kiệt)                                                                                                 , Phường Chính Gián                  ,    7250, Quận Thanh Khê      ,        7244, point     , cm        ,          50, 2022-10-14 12:00:00, 2022-10-14 12:00:00, False      ,                                                                                                   , 2022-10-14 12:00:00
  , 16.06793212890625 , 108.20164489746094, "104 Lê Độ, Phường Chính Gián, Quận Thanh Khê, Thành Phố Đà Nẵng, Chính Gián, Thanh Khê, Đà Nẵng 550000, Việt Nam"             , Kiệt 104 Lê Độ (Toàn bộ kiệt)                                                                                                         , Phường Chính Gián                  ,    7250, Quận Thanh Khê      ,        7244, point     , cm        ,          50, 2022-10-14 12:00:00, 2022-10-14 12:00:00, False      ,                                                                                                   , 2022-10-14 12:00:00
  , 16.068336486816406, 108.19647979736328, "173 Thái Thị Bôi, Chính Gián, Thanh Khê, Đà Nẵng, Việt Nam"                                                                   , Kiệt 173 Thái Thị Bôi (Toàn bộ kiệt)                                                                                                  , Phường Xuân Hà                     ,    7248, Quận Thanh Khê      ,        7244, point     , cm        ,          50, 2022-10-14 12:00:00, 2022-10-14 12:00:00, False      ,                                                                                                   , 2022-10-14 12:00:00
  , 16.068401336669922, 108.19549560546875, "197-4 Thái Thị Bôi, Chính Gián, Thanh Khê, Đà Nẵng 550000, Việt Nam"                                                          , Kiệt 195 Thái Thị Bôi (Toàn bộ kiệt)                                                                                                  , Phường Xuân Hà                     ,    7248, Quận Thanh Khê      ,        7244, point     , cm        ,          50, 2022-10-14 12:00:00, 2022-10-14 12:00:00, False      ,                                                                                                   , 2022-10-14 12:00:00
  , 16.065918         , 108.200386        , "82 Điện Biên Phủ, Chính Gián, Quận Thanh Khê, Đà Nẵng, Việt Nam"                                                              , "Kiệt 96 Điện Biên Phủ, Tổ 42, 43 P.Chính Gián (96/81 - 96/123 Điện Biên Phủ)"                                                        , Phường Chính Gián                  ,    7250, Quận Thanh Khê      ,        7244, street    , cm        ,         140, 2022-10-14 12:00:00, 2022-10-14 12:00:00, False      ,                                                                                                   , 2022-10-14 12:00:00
  , 16.067516         , 108.198708        , "107 Đường Thái Thị Bôi, Phường Chính Gián, Quận Thanh Khê, Thành Phố Đà Nẵng, Chính Gián, Thanh Khê, Đà Nẵng 550000, Việt Nam", Kiệt 99 Thái Thị Bôi (Toàn bộ kiệt)                                                                                                   , Phường Chính Gián                  ,    7250, Quận Thanh Khê      ,        7244, street    , cm        ,         150, 2022-10-14 12:00:00, 2022-10-14 12:00:00, False      ,                                                                                                   , 2022-10-14 12:00:00
  , 16.064892         , 108.210449        , "65 Đường Hàm Nghi, Phường Vĩnh Trung, Quận Thanh Khê, Đà Nẵng, Việt Nam"                                                      , "Kiệt 65 Hàm Nghi, Tổ 20 P.Vĩnh Trung (K65/01 - K65/15 Ham Nghi)"                                                                     , Phường Thạc Gián                   ,    7252, Quận Thanh Khê      ,        7244, street    , cm        ,         120, 2022-10-14 12:00:00, 2022-10-14 12:00:00, False      ,                                                                                                   , 2022-10-14 12:00:00
  , 16.064598083496094, 108.21124267578125, "4 Văn Cao, Vĩnh Trung, Thanh Khê, Đà Nẵng, Việt Nam"                                                                          , "Kiệt 2 Văn Cao, tổ 21, 20 P.Vĩnh Trung (K02/2-K02/16 Văn Cao)"                                                                       , Phường Thạc Gián                   ,    7252, Quận Thanh Khê      ,        7244, point     , cm        ,         120, 2022-10-14 12:00:00, 2022-10-14 12:00:00, False      ,                                                                                                   , 2022-10-14 12:00:00
  , 16.063623428344727, 108.21160125732422, "27 Quang Dũng, Vĩnh Trung, Thanh Khê, Đà Nẵng 550000, Việt Nam"                                                               , "K01 Quang Dũng, Tổ 22 P.Vĩnh Trung (K01/1 - K01/39 Quang Dũng)"                                                                      , Phường Vĩnh Trung                  ,    7251, Quận Thanh Khê      ,        7244, point     , cm        ,         100, 2022-10-14 12:00:00, 2022-10-14 12:00:00, False      ,                                                                                                   , 2022-10-14 12:00:00
  , 16.066612         , 108.210938        , "418 Hùng Vương, Vĩnh Trung, Thanh Khê, Đà Nẵng 550000, Vietnam"                                                               , "Kiệt 325 Hùng Vương, tổ 11 P.Vĩnh Trung (Toàn bộ kiệt)"                                                                              , Phường Thạc Gián                   ,    7252, Quận Thanh Khê      ,        7244, street    , cm        ,         100, 2022-10-14 12:00:00, 2022-10-14 12:00:00, False      ,                                                                                                   , 2022-10-14 12:00:00
  , 16.058088302612305, 108.21272277832031, "19 Tôn Thất Tùng, Vĩnh Trung, Thanh Khê, Đà Nẵng 550000, Việt Nam"                                                            , "Kiệt 18 Tôn Thất Tùng, tổ 38 P.Vĩnh Trung (K18/02 - K18/14 Tôn Thất Tùng)"                                                           , Phường Vĩnh Trung                  ,    7251, Quận Thanh Khê      ,        7244, point     , cm        ,          80, 2022-10-14 12:00:00, 2022-10-14 12:00:00, False      ,                                                                                                   , 2022-10-14 12:00:00
  , 16.062677         , 108.21196         , "9 K 1 Đỗ Quang, Vĩnh Trung, Thanh Khê, Đà Nẵng 550000, Việt Nam"                                                              , "Kiệt 01 Đỗ Quang, tổ 23 P.Vĩnh Trung (K01/1 - K01/39 Đỗ Quang)"                                                                      , Phường Vĩnh Trung                  ,    7251, Quận Thanh Khê      ,        7244, street    , cm        ,          80, 2022-10-14 12:00:00, 2022-10-14 12:00:00, False      ,                                                                                                   , 2022-10-14 12:00:00
  , 16.064478         , 108.21431         , "13 Đ. Nguyễn Hoàng, Hải Châu 2, Hải Châu, Đà Nẵng 550000, Việt Nam"                                                           , "Đường Bàu Hạc 01, tổ 26, 25, 27, 28 P.Vĩnh Trung (Toàn bộ tuyến đường)"                                                              , Vĩnh Trung                         ,        , Quận Thanh Khê      ,            , street    , cm        ,          80, 2022-10-14 12:00:00, 2022-10-14 12:00:00, False      ,                                                                                                   , 2022-10-14 12:00:00
  , 16.064423         , 108.213722        , "Bàu Hạc 1, Vĩnh Trung, Thanh Khê, Đà Nẵng, Việt Nam"                                                                          , "Đường Bàu Hạc 02 tổ 26, 25, 27, 28 P.Vĩnh Trung (Toàn bộ tuyến đường)"                                                               , Phường Vĩnh Trung                  ,    7251, Quận Thanh Khê      ,        7244, street    , cm        ,          80, 2022-10-14 12:00:00, 2022-10-14 12:00:00, False      ,                                                                                                   , 2022-10-14 12:00:00
  , 16.064091         , 108.214226        , "146 Đ. Nguyễn Hoàng, Hải Châu 2, Hải Châu, Đà Nẵng, Việt Nam"                                                                 , "Đường Bàu Hạc 03 tổ 26, 25, 27, 28 P.Vĩnh Trung (Toàn bộ tuyến đường)"                                                               , Vĩnh Trung                         ,        , Quận Thanh Khê      ,            , street    , cm        ,          80, 2022-10-14 12:00:00, 2022-10-14 12:00:00, False      ,                                                                                                   , 2022-10-14 12:00:00
  , 16.063707         , 108.214172        , "70 Đ. Nguyễn Hoàng, Hải Châu 2, Hải Châu, Đà Nẵng 550000, Vietnam"                                                            , "Đường Bàu Hạc 04, 06, tổ 26, 25, 27, 28 P.Vĩnh Trung (Toàn bộ tuyến đường)"                                                          , Vĩnh Trung                         ,        , Quận Thanh Khê      ,            , street    , cm        ,          80, 2022-10-14 12:00:00, 2022-10-14 12:00:00, False      ,                                                                                                   , 2022-10-14 12:00:00
  , 16.062807         , 108.213989        , "1 Đường Bàu Hạt 6, Phường Vĩnh Trung, Quận Thanh Khê, Đà Nẵng, Việt Nam"                                                      , "Đường Bàu Hạc 06, tổ 26, 25, 27, 28 P.Vĩnh Trung (Toàn bộ tuyến đường)"                                                              , Vĩnh Trung                         ,        , Quận Thanh Khê      ,            , street    , cm        ,          80, 2022-10-14 12:00:00, 2022-10-14 12:00:00, False      ,                                                                                                   , 2022-10-14 12:00:00
  , 16.066767         , 108.211655        , "388 Hùng Vương, Vĩnh Trung, Thanh Khê, Đà Nẵng 550000, Việt Nam"                                                              , "Kiệt 293 Hùng Vương, tổ 11 P.Vĩnh Trung (150 mét)"                                                                                   , Phường Vĩnh Trung                  ,    7251, Quận Thanh Khê      ,        7244, street    , cm        ,          50, 2022-10-14 12:00:00, 2022-10-14 12:00:00, False      ,                                                                                                   , 2022-10-14 12:00:00
  , 16.089082717895508, 108.23448181152344, "5 Tôn Quang Phiệt, Nại Hiên Đông, Sơn Trà, Đà Nẵng 550000, Vietnam"                                                           , Ngã tư Trần Quang Phiệt - Vân Đồn ()                                                                                                  , Phường Nại Hiên Đông               ,    7271, Quận Sơn Trà        ,        7269, point     , cm        ,          60, 2022-10-14 12:00:00, 2022-10-14 12:00:00, False      ,                                                                                                   , 2022-10-14 12:00:00
  , 16.09583282470703 , 108.2244644165039 , "Đường Khúc Thừa Dụ, Phường Nại Hiên Đông, Quận Sơn Trà, Đà Nẵng, Việt Nam"                                                    , Ngã giao Lê Văn Duyên -Khúc Thừa Dụ ()                                                                                                , Phường Nại Hiên Đông               ,    7271, Quận Sơn Trà        ,        7269, point     , cm        ,          40, 2022-10-14 12:00:00, 2022-10-14 12:00:00, False      ,                                                                                                   , 2022-10-14 12:00:00
  , 16.056556701660156, 108.17224884033203, "6 Lê Thạch, Hoà Minh, Liên Chiểu, Đà Nẵng 550000, Việt Nam"                                                                   , Ngã tư Lê Thạch – Cao Sơn Pháo (Khu vực giao nhau Lê Thạch - Cao Sơn Pháo)                                                            , Phường Hòa Minh                    ,    7243, Quận Liên Chiểu     ,        7238, point     , cm        ,          40, 2022-10-14 12:00:00, 2022-10-14 12:00:00, False      ,                                                                                                   , 2022-10-14 12:00:00
  , 16.052976608276367, 108.17292785644531, "33 Tú Mỡ, Hoà An, Cẩm Lệ, Đà Nẵng 550000, Việt Nam"                                                                           , Ngã tư Lê Thạch – Tú Mỡ (Khu vực giao nhau Lê Thạch - Tú Mỡ)                                                                          , Phường Hòa An                      ,    7285, Quận Cẩm Lệ         ,        7282, point     , cm        ,         100, 2022-10-14 12:00:00, 2022-10-14 12:00:00, False      ,                                                                                                   , 2022-10-14 12:00:00
  , 16.050447463989258, 108.17259216308594, "48 Nhơn Hòa 3, Hoà An, Cẩm Lệ, Đà Nẵng, Việt Nam"                                                                             , Ngã tư Nhơn Hoà 3 – Hoàng Tăng Bí (Khu vực giao nhau Nhơn Hoà 3 và Hoàng Tăng Bí)                                                     , Phường Hòa An                      ,    7285, Quận Cẩm Lệ         ,        7282, point     , cm        ,          50, 2022-10-14 12:00:00, 2022-10-14 12:00:00, False      ,                                                                                                   , 2022-10-14 12:00:00
  , 16.054277420043945, 108.17695617675781, "98 Bắc Sơn, Hoà An, Cẩm Lệ, Đà Nẵng 550000, Việt Nam"                                                                         , Ngã tư Bắc Sơn – Trần Văn Ơn (Khu vực giao nhau Bắc Sơn và Trần Văn Ơn)                                                               , Phường Hòa An                      ,    7285, Quận Cẩm Lệ         ,        7282, point     , cm        ,         250, 2022-10-14 12:00:00, 2022-10-14 12:00:00, False      ,                                                                                                   , 2022-10-14 12:00:00
  , 16.050434112548828, 108.17829132080078, "46 Nguyễn Đình Tứ, Hoà An, Cẩm Lệ, Đà Nẵng, Việt Nam"                                                                         , Ngã tư Bắc Sơn – Nguyễn Đình Tứ (Khu vực giao nhau Bắc Sơn và Nguyễn Đình Tứ)                                                         , Phường Hòa An                      ,    7285, Quận Cẩm Lệ         ,        7282, point     , cm        ,         250, 2022-10-14 12:00:00, 2022-10-14 12:00:00, False      ,                                                                                                   , 2022-10-14 12:00:00
  , 16.049304962158203, 108.17451477050781, "119 Nguyễn Đình Tứ, Hoà An, Cẩm Lệ, Đà Nẵng 550000, Vietnam"                                                                  , Ngã tư Đinh Liệt – Nguyễn Đình Tứ (Khu vực giao nhau Đinh Liệt và Nguyễn Đình Tứ)                                                     , Phường Hòa An                      ,    7285, Quận Cẩm Lệ         ,        7282, point     , cm        ,         100, 2022-10-14 12:00:00, 2022-10-14 12:00:00, False      ,                                                                                                   , 2022-10-14 12:00:00
  , 16.053165435791016, 108.17356872558594, "19 Tú Mỡ, Hoà An, Cẩm Lệ, Đà Nẵng 550000, Việt Nam"                                                                           , Ngã tư Đinh Liệt – Tú Mỡ (Khu vực giao nhau Đinh Liệt và Tú Mỡ)                                                                       , Phường Hòa An                      ,    7285, Quận Cẩm Lệ         ,        7282, point     , cm        ,         100, 2022-10-14 12:00:00, 2022-10-14 12:00:00, False      ,                                                                                                   , 2022-10-14 12:00:00
  , 16.056127548217773, 108.17572784423828, "354G+F75, Đ. Vũ Trọng Hoàng, Hoà An, Cẩm Lệ, Đà Nẵng 550000, Vietnam"                                                         , Ngã tư Trần Văn Ơn – Vũ Trọng Hoàng (Khu vực giao nhau Trần Văn Ơn và Vũ Trọng Hoàng)                                                 , Phường Hòa An                      ,    7285, Quận Cẩm Lệ         ,        7282, point     , cm        ,          70, 2022-10-14 12:00:00, 2022-10-14 12:00:00, False      ,                                                                                                   , 2022-10-14 12:00:00
  , 16.054285049438477, 108.17695617675781, "98 Bắc Sơn, Hoà An, Cẩm Lệ, Đà Nẵng 550000, Việt Nam"                                                                         , Ngã tư Trần Văn Ơn – Bắc Sơn (Khu vực giao nhau Trần Văn Ơn và Bắc Sơn)                                                               , Phường Hòa An                      ,    7285, Quận Cẩm Lệ         ,        7282, point     , cm        ,          70, 2022-10-14 12:00:00, 2022-10-14 12:00:00, False      ,                                                                                                   , 2022-10-14 12:00:00
  , 16.055583953857422, 108.17413330078125, "Nguyễn Văn Tạo, Hòa An, Cẩm Lệ, Đà Nẵng, Việt Nam"                                                                            , Ngã tư Vũ Trọng Hoàng – Nguyễn Văn Tạo (Khu vực giao nhau Vũ Trọng Hoàng và Nguyễn Văn Tạo)                                           , Phường Hòa An                      ,    7285, Quận Cẩm Lệ         ,        7282, point     , cm        ,         100, 2022-10-14 12:00:00, 2022-10-14 12:00:00, False      ,                                                                                                   , 2022-10-14 12:00:00
  , 16.042747497558594, 108.20645141601562, "664/31 Trưng Nữ Vương, Hòa Thuận Tây, Hải Châu, Đà Nẵng, Việt Nam"                                                            , Kiệt 664 Trưng Nữ Vương (Toàn bộ kiệt)                                                                                                , Phường Hòa Thuận Tây               ,    7262, Quận Hải Châu       ,        7255, point     , cm        ,         100, 2022-10-14 12:00:00, 2022-10-14 12:00:00, False      ,                                                                                                   , 2022-10-14 12:00:00
  , 16.044189453125   , 108.20796203613281, "640/8 Trưng Nữ Vương, Hòa Thuận Tây, Hải Châu, Đà Nẵng, Việt Nam"                                                             , Kiệt 640 Trưng Nữ Vương (Toàn bộ kiệt)                                                                                                , Phường Hòa Cường Bắc               ,    7267, Quận Hải Châu       ,        7255, point     , cm        ,         100, 2022-10-14 12:00:00, 2022-10-14 12:00:00, False      ,                                                                                                   , 2022-10-14 12:00:00
  , 16.043659210205078, 108.20743560791016, "654/11 Trưng Nữ Vương, Hòa Thuận Tây, Hải Châu, Đà Nẵng, Việt Nam"                                                            , Kiệt 654 Trưng Nữ Vương (Toàn bộ kiệt)                                                                                                , Phường Hòa Thuận Tây               ,    7262, Quận Hải Châu       ,        7255, point     , cm        ,         100, 2022-10-14 12:00:00, 2022-10-14 12:00:00, False      ,                                                                                                   , 2022-10-14 12:00:00
  , 16.05495834350586 , 108.18316650390625, "239 Nguyễn Phước Nguyên, Hòa Khê, Thanh Khê, Đà Nẵng 550000, Việt Nam"                                                        , "Kiệt 241, Nguyễn Phước Nguyên, Tổ 52, An Khê (Kiệt 241, Nguyễn Phước Nguyên, Tổ 52, An Khê)"                                         , Phường An Khê                      ,    7253, Quận Thanh Khê      ,        7244, point     , cm        ,          50, 2022-10-14 12:00:00, 2022-10-14 12:00:00, False      ,                                                                                                   , 2022-10-14 12:00:00
  , 16.066219         , 108.20858         , "27/45 Lý Thái Tổ, Thanh Khê, Đà Nẵng, Việt Nam"                                                                               , "Kiệt 69, Đường Lý Thái Tổ, tổ 03, phường Thạc Gián (Từ số nhà 69/1 đến số nhà 69/44, đường Lý Thái Tổ)"                              , Phường Thạc Gián                   ,    7252, Quận Thanh Khê      ,        7244, street    , cm        ,         100, 2022-10-14 12:00:00, 2022-10-14 12:00:00, False      ,                                                                                                   , 2022-10-14 12:00:00
  , 16.06776          , 108.208389        , "385 Đ. Lê Duẩn, Tân Chính, Thanh Khê, Đà Nẵng 550000, Việt Nam"                                                               , "Kiệt 405, Đường Lê Duẩn, tổ 04, phường Thạc Gián (Từ số nhà 405/2 đến số nhà 405/26, đường Lê Duẩn)"                                 , Phường Thạc Gián                   ,    7252, Quận Thanh Khê      ,        7244, street    , cm        ,          50, 2022-10-14 12:00:00, 2022-10-14 12:00:00, False      ,                                                                                                   , 2022-10-14 12:00:00
  , 16.067663         , 108.208321        , "387 Đ. Lê Duẩn, Tân Chính, Thanh Khê, Đà Nẵng 550000, Việt Nam"                                                               , "Kiệt 407, Đường Lê Duẩn (Từ số nhà 407/2 đến số nhà 407/28, đường Lê Duẩn)"                                                          , Phường Thạc Gián                   ,    7252, Quận Thanh Khê      ,        7244, street    , cm        ,          70, 2022-10-14 12:00:00, 2022-10-14 12:00:00, False      ,                                                                                                   , 2022-10-14 12:00:00
  , 16.066383361816406, 108.2091064453125 , "54 Lý Thái Tổ, Thạc Gián, Thanh Khê, Đà Nẵng 550000, Việt Nam"                                                                , "Kiệt 54, Đường Lý Thái Tổ, tổ 05, phường Thạc Gián (Từ số nhà 54/2 đến số nhà 54/26, đường Lý Thái Tổ)"                              , Phường Thạc Gián                   ,    7252, Quận Thanh Khê      ,        7244, point     , cm        ,          60, 2022-10-14 12:00:00, 2022-10-14 12:00:00, False      ,                                                                                                   , 2022-10-14 12:00:00
  , 16.066503524780273, 108.2098388671875 , "15 Lý Thái Tổ, Thạc Gián, Thanh Khê, Đà Nẵng 550000, Việt Nam"                                                                , "Kiệt 16, Đường Lý Thái Tổ, tổ 06,7; phường Thạc Gián (Từ số nhà 16/2 đến số nhà 16/30, đường Lý Thái Tổ)"                            , Phường Thạc Gián                   ,    7252, Quận Thanh Khê      ,        7244, point     , cm        ,          50, 2022-10-14 12:00:00, 2022-10-14 12:00:00, False      ,                                                                                                   , 2022-10-14 12:00:00
  , 16.066435         , 108.209442        , "31 Lý Thái Tổ, Thạc Gián, Thanh Khê, Đà Nẵng 550000, Việt Nam"                                                                , "Kiệt 36, Đường Lý Thái Tổ, tổ 06; phường Thạc Gián (Từ số nhà 36/2 đến số nhà 36/14, đường Lý Thái Tổ)"                              , Phường Thạc Gián                   ,    7252, Quận Thanh Khê      ,        7244, street    , cm        ,          50, 2022-10-14 12:00:00, 2022-10-14 12:00:00, False      ,                                                                                                   , 2022-10-14 12:00:00
  , 16.067983627319336, 108.21009826660156, "96 Hoàng Hoa Thám, Thanh Khê, Hải Châu, Đà Nẵng, Việt Nam"                                                                    , "Kiệt 88, Đường Hoàng Hoa Thám, tổ 07; phường Thạc Gián (Từ số nhà 88/1 đến số nhà 88/39, đường Hoàng Hoa Thám)"                      , Phường Vĩnh Trung                  ,    7251, Quận Thanh Khê      ,        7244, point     , cm        ,          50, 2022-10-14 12:00:00, 2022-10-14 12:00:00, False      ,                                                                                                   , 2022-10-14 12:00:00
  , 16.056957         , 108.209961        , "60 Đ. Phạm Văn Nghị, Thạc Gián, Quận Thanh Khê, Đà Nẵng, Việt Nam"                                                            , "Kiệt 56, Đường Phạm Văn Nghị, tổ (thôn) 51; phường Thạc Gián (Từ số nhà 56/2 đến số nhà 56/14, đường Phạm Văn Nghị)"                 , Phường Thạc Gián                   ,    7252, Quận Thanh Khê      ,        7244, street    , cm        ,          50, 2022-10-14 12:00:00, 2022-10-14 12:00:00, False      ,                                                                                                   , 2022-10-14 12:00:00
  , 16.057249         , 108.2099          , "61 Đ. Phạm Văn Nghị, Thạc Gián, Thanh Khê, Đà Nẵng 550000, Việt Nam"                                                          , "Kiệt 52, Đường Phạm Văn Nghị, tổ (thôn) 51; phường Thạc Gián (Từ số nhà 52/2 đến số nhà 52/16, đường Phạm Văn Nghị)"                 , Phường Thạc Gián                   ,    7252, Quận Thanh Khê      ,        7244, street    , cm        ,          50, 2022-10-14 12:00:00, 2022-10-14 12:00:00, False      ,                                                                                                   , 2022-10-14 12:00:00
  , 16.060848236083984, 108.22110748291016, "53-55 Nguyễn Văn Linh, Hải Châu, Đà Nẵng, Việt Nam"                                                                           , "Kiệt 33, Đường Nguyễn Văn Linh, tổ (thôn) 56; phường Thạc Gián (Từ số nhà 33/2 đến số nhà 33/26, đường Nguyễn Văn Linh)"             , Phường Phước Ninh                  ,    7261, Quận Hải Châu       ,        7255, point     , cm        ,          50, 2022-10-14 12:00:00, 2022-10-14 12:00:00, False      ,                                                                                                   , 2022-10-14 12:00:00
  , 16.059013         , 108.207359        , "292 Nguyễn Văn Linh, Thạc Gián, Hải Châu, Đà Nẵng 550000, Việt Nam"                                                           , "Kiệt 385, Đường Nguyễn Văn Linh, tổ (thôn) 47, 48, 55; phường Thạc Gián (Từ số nhà 385/2 đến số nhà 385/56, đường Nguyễn Văn Linh)"  , Phường Thạc Gián                   ,    7252, Quận Thanh Khê      ,        7244, street    , cm        ,          50, 2022-10-14 12:00:00, 2022-10-14 12:00:00, False      ,                                                                                                   , 2022-10-14 12:00:00
  , 16.060806274414062, 108.22024536132812, "366C+846, Nguyễn Văn Linh, Phước Ninh, Hải Châu, Đà Nẵng 550000, Vietnam"                                                     , "Kiệt 71, Đường Nguyễn Văn Linh, tổ (thôn) 53; phường Thạc Gián (Từ số nhà 71/2 đến số nhà 71/24, đường Nguyễn Văn Linh)"             , Phường Phước Ninh                  ,    7261, Quận Hải Châu       ,        7255, point     , cm        ,          50, 2022-10-14 12:00:00, 2022-10-14 12:00:00, False      ,                                                                                                   , 2022-10-14 12:00:00
  , 16.062294006347656, 108.21025848388672, "72 Hàm Nghi, Thanh Khê, Đà Nẵng, Việt Nam"                                                                                    , "Kiệt 72 Đường Hàm Nghi, tổ 30,phường Thạc Gián (Từ số nhà 72/1 đến số nhà 72/7, đường Hàm Nghi)"                                     , Phường Thạc Gián                   ,    7252, Quận Thanh Khê      ,        7244, point     , cm        ,          50, 2022-10-14 12:00:00, 2022-10-14 12:00:00, False      ,                                                                                                   , 2022-10-14 12:00:00
  , 16.060583114624023, 108.21109771728516, "163 Hàm Nghi, Vĩnh Trung, Thanh Khê, Đà Nẵng, Việt Nam"                                                                       , "Kiệt 169 Đường Hàm Nghi, tổ 30, phường Thạc Gián (Từ số nhà 169/8/1 đến số nhà 169/8/31, đường Hàm Nghi)"                            , Phường Thạc Gián                   ,    7252, Quận Thanh Khê      ,        7244, point     , cm        ,          50, 2022-10-14 12:00:00, 2022-10-14 12:00:00, False      ,                                                                                                   , 2022-10-14 12:00:00
  , 16.060898         , 108.209297        , "110 Phan Thanh, Thạc Gián, Thanh Khê, Đà Nẵng 550000, Việt Nam"                                                               , "Kiệt 138,Đường Phan Thanh; tổ 34,35; phường Thạc Gián (Từ K138/1 đến K138/21, đường Nguyễn Văn Linh)"                                , Phường Thạc Gián                   ,    7252, Quận Thanh Khê      ,        7244, street    , cm        ,         150, 2022-10-14 12:00:00, 2022-10-14 12:00:00, False      ,                                                                                                   , 2022-10-14 12:00:00
  , 16.060291         , 108.209328        , "152 Kiệt 152 Phan Thanh, Thạc Gián, Thanh Khê, Đà Nẵng 550000, Vietnam"                                                       , "Kiệt 152,Đường Phan Thanh; tổ 37; phường Thạc Gián (Từ K152/1 đến K152/11, đường Phan Thanh)"                                        , Phường Thạc Gián                   ,    7252, Quận Thanh Khê      ,        7244, street    , cm        ,          50, 2022-10-14 12:00:00, 2022-10-14 12:00:00, False      ,                                                                                                   , 2022-10-14 12:00:00
  , 16.061596         , 108.209129        , "122 K 122 Phan Thanh, Thạc Gián, Thanh Khê, Đà Nẵng 550000, Việt Nam"                                                         , "Kiệt 122,Đường Phan Thanh; tổ 35,36; phường Thạc Gián (Từ K122 đến K122/H27/40, đường Phan Thanh)"                                   , Phường Thạc Gián                   ,    7252, Quận Thanh Khê      ,        7244, street    , cm        ,         150, 2022-10-14 12:00:00, 2022-10-14 12:00:00, False      ,                                                                                                   , 2022-10-14 12:00:00
  , 16.061615         , 108.209198        , "167 Phan Thanh, Thạc Gián, Thanh Khê, Đà Nẵng 550000, Việt Nam"                                                               , "Kiệt 169,Đường Phan Thanh; tổ 30,31; phường Thạc Gián (Từ K169/2 đến K169/24, đường Phan Thanh)"                                     , Phường Thạc Gián                   ,    7252, Quận Thanh Khê      ,        7244, street    , cm        ,         150, 2022-10-14 12:00:00, 2022-10-14 12:00:00, False      ,                                                                                                   , 2022-10-14 12:00:00
  , 16.061790466308594, 108.20947265625   , "169/8/2 Phan Thanh, Phường Thạc Gián, Quận Thanh Khê, Đà Nẵng, Việt Nam"                                                      , "Kiệt 183,Đường Phan Thanh; tổ 31,32; phường Thạc Gián (Từ K183 đến K183/31, đường Phan Thanh)"                                       , Phường Thạc Gián                   ,    7252, Quận Thanh Khê      ,        7244, point     , cm        ,         100, 2022-10-14 12:00:00, 2022-10-14 12:00:00, False      ,                                                                                                   , 2022-10-14 12:00:00
  , 16.066296         , 108.209007        , "47 Lý Thái Tổ, Thạc Gián, Thanh Khê, Đà Nẵng 550000, Việt Nam"                                                                , "K47 đường Lý Thái Tổ; tổ 09; phường Thạc Gián (Từ K47/1 đến K47/13, đường Lý Thái Tổ)"                                               , Phường Thạc Gián                   ,    7252, Quận Thanh Khê      ,        7244, street    , cm        ,         100, 2022-10-14 12:00:00, 2022-10-14 12:00:00, False      ,                                                                                                   , 2022-10-14 12:00:00
  , 16.07093          , 108.195328        , "391/1 Trần Cao Vân, Xuân Hà, Thanh Khê, Đà Nẵng 550000, Vietnam"                                                              , "Kiệt 379 Trần Cao Vân, tổ 26 P.Xuân Hà (Từ 379/68 đến 379/102 Trần Cao Vân)"                                                         , Phường Xuân Hà                     ,    7248, Quận Thanh Khê      ,        7244, street    , cm        ,         150, 2022-10-14 12:00:00, 2022-10-14 12:00:00, False      ,                                                                                                   , 2022-10-14 12:00:00
  , 16.071878         , 108.205376        , "248 Trần Cao Vân, Tam Thuận, Thanh Khê, Đà Nẵng, Việt Nam"                                                                    , "Kiệt 246 Trần Cao Vân, Tổ 13, 18 P.Tam Thuận (từ 246/01 - K246/67)"                                                                  , Phường Tam Thuận                   ,    7245, Quận Thanh Khê      ,        7244, street    , cm        ,         150, 2022-10-14 12:00:00, 2022-10-14 12:00:00, False      ,                                                                                                   , 2022-10-14 12:00:00
  , 16.069937         , 108.209572        , "22 Hoàng Hoa Thám, Tân Chính, Thanh Khê, Đà Nẵng, Việt Nam"                                                                   , Kiệt 20 Hoàng Hoa Thám (K20/1 - K20/67 Hoàng Hoa Thám)                                                                                , Phường Tam Thuận                   ,    7245, Quận Thanh Khê      ,        7244, street    , cm        ,          20, 2022-10-14 12:00:00, 2022-10-14 12:00:00, False      ,                                                                                                   , 2022-10-14 12:00:00
  , 16.066637         , 108.21093         , "418 Hùng Vương, Vĩnh Trung, Thanh Khê, Đà Nẵng 550000, Vietnam"                                                               , "Kiệt 325 Hùng Vương, tổ 18, 19, 24 P.Vĩnh Trung (K325/2 - K325/80 Hùng Vương)"                                                       , Phường Thạc Gián                   ,    7252, Quận Thanh Khê      ,        7244, street    , cm        ,          80, 2022-10-14 12:00:00, 2022-10-14 12:00:00, False      ,                                                                                                   , 2022-10-14 12:00:00
  , 16.064484         , 108.214272        , "40 Đ. Nguyễn Hoàng, Hải Châu 2, Hải Châu, Đà Nẵng, Việt Nam"                                                                  , "Bàu Hạc 01, tổ 16 P.Vĩnh Trung (100 mét)"                                                                                            , Vĩnh Trung                         ,        , Quận Thanh Khê      ,            , street    , cm        ,          50, 2022-10-14 12:00:00, 2022-10-14 12:00:00, False      ,                                                                                                   , 2022-10-14 12:00:00
  , 16.060955         , 108.211639        , "9 Đặng Thai Mai, Vĩnh Trung, Thanh Khê, Đà Nẵng 550000, Việt Nam"                                                             , "Kiệt 01 Tô Ngọc Vân, tổ 35 P.Vĩnh Trung (số nhà 01 - 63)"                                                                            , Phường Vĩnh Trung                  ,    7251, Quận Thanh Khê      ,        7244, street    , cm        ,          60, 2022-10-14 12:00:00, 2022-10-14 12:00:00, False      ,                                                                                                   , 2022-10-14 12:00:00
  , 16.060923         , 108.21138         , "6 Đường Đặng Thai Mai, Phường Vĩnh Trung, Quận Thanh Khê, Đà Nẵng, Việt Nam"                                                  , "Kiệt 05 Tô Ngọc Vân, tổ 36 P.Vĩnh Trung (số nhà 02 - 56)"                                                                            , Phường Thạc Gián                   ,    7252, Quận Thanh Khê      ,        7244, street    , cm        ,          60, 2022-10-14 12:00:00, 2022-10-14 12:00:00, False      ,                                                                                                   , 2022-10-14 12:00:00
  , 16.068886         , 108.191795        , "47 Hà Huy Tập, Hòa Khê, Q. Thanh Khê, Đà Nẵng 550000, Việt Nam"                                                               , "Kiệt 58 Hà Huy Tập, tổ 2, 3 P.Thanh Khê Đông (K58/02 - K58/21)"                                                                      , Phường Xuân Hà                     ,    7248, Quận Thanh Khê      ,        7244, street    , cm        ,          40, 2022-10-14 12:00:00, 2022-10-14 12:00:00, False      ,                                                                                                   , 2022-10-14 12:00:00
  , 16.067104         , 108.190697        , "45 Xuân Hòa 1, Hòa Khê, Thanh Khê, Đà Nẵng, Việt Nam"                                                                         , "Kiệt 90 Hà Huy Tập, tổ 4 P.Thanh Khê Đông (K90/3 - K90/23)"                                                                          , Phường Thanh Khê Đông              ,    7247, Quận Thanh Khê      ,        7244, street    , cm        ,          80, 2022-10-14 12:00:00, 2022-10-14 12:00:00, False      ,                                                                                                   , 2022-10-14 12:00:00
  , 16.067154         , 108.191948        , "104 Hà Huy Tập, Hòa Khê, Thanh Khê, Đà Nẵng 550000, Việt Nam"                                                                 , "Kiêt 102 Hà Huy Tập, tổ 5.P Thanh Khê Đông (K102/2 - K102/34)"                                                                       , Phường Thanh Khê Đông              ,    7247, Quận Thanh Khê      ,        7244, street    , cm        ,          70, 2022-10-14 12:00:00, 2022-10-14 12:00:00, False      ,                                                                                                   , 2022-10-14 12:00:00
  , 16.067383         , 108.190872        , "03 Kiệt 90 Hà Huy Tập, Hòa Khê, Thanh Khê, Đà Nẵng 550000, Vietnam"                                                           , "Kiệt 114 Hà Huy Tập, tổ 5 P.Thanh Khê Đông (K114/1 - K114/43)"                                                                       , Phường Thanh Khê Đông              ,    7247, Quận Thanh Khê      ,        7244, street    , cm        ,          50, 2022-10-14 12:00:00, 2022-10-14 12:00:00, False      ,                                                                                                   , 2022-10-14 12:00:00
  , 16.066253662109375, 108.1903305053711 , "378 Điện Biên Phủ, Hòa Khê, Thanh Khê, Đà Nẵng 550000, Việt Nam"                                                              , "Kiệt 378 Điện Biên Phủ, tổ 6 P.Thanh Khê Đông (K378 đến giáp số nhà K47/3 Ngô Gia Khảm)"                                             , Phường Thanh Khê Đông              ,    7247, Quận Thanh Khê      ,        7244, point     , cm        ,         150, 2022-10-14 12:00:00, 2022-10-14 12:00:00, False      ,                                                                                                   , 2022-10-14 12:00:00
  , 16.069851         , 108.184563        , "818 Đường Trần Cao Vân, Phường Thanh Khê Đông, Quận Thanh Khê, Đà Nẵng, Việt Nam"                                             , "Kiệt 818 Trần Cao Vân, tổ 20 P.Thanh Khê Đông (số nhà 02 - 60)"                                                                      , Phường Thanh Khê Đông              ,    7247, Quận Thanh Khê      ,        7244, street    , cm        ,         150, 2022-10-14 12:00:00, 2022-10-14 12:00:00, False      ,                                                                                                   , 2022-10-14 12:00:00
  , 16.071087         , 108.185471        , "655 Đường Trần Cao Vân, Phường Thanh Khê Đông, Quận Thanh Khê, Đà Nẵng, Việt Nam"                                             , "Kiệt 778 Trần Cao Vân, tổ 29, 30 P.Thanh Khê Đông (số nhà 2 - 22)"                                                                   , Phường Thanh Khê Đông              ,    7247, Quận Thanh Khê      ,        7244, street    , cm        ,          50, 2022-10-14 12:00:00, 2022-10-14 12:00:00, False      ,                                                                                                   , 2022-10-14 12:00:00
  , 16.071918         , 108.182014        , "159 Yên Khê 2, Thanh Khê Đông, Thanh Khê, Đà Nẵng, Vietnam"                                                                   , "Kiệt 159 Yên Khê 2, tổ 39, 40 P.Thanh Khê Đông (Số nhà K159 Yên Khê 2 đến giáp K814/79 Trần Cao Vân)"                                , Phường Thanh Khê Đông              ,    7247, Quận Thanh Khê      ,        7244, street    , cm        ,         100, 2022-10-14 12:00:00, 2022-10-14 12:00:00, False      ,                                                                                                   , 2022-10-14 12:00:00
  , 16.059656143188477, 108.18656921386719, "324 Hà Huy Tập, Hòa Khê, Thanh Khê, Đà Nẵng 550000, Vietnam"                                                                  , 324 Hà Huy Tập (Khoảng 200 m)                                                                                                         , Phường Hòa Khê                     ,    7254, Quận Thanh Khê      ,        7244, point     , cm        ,         150, 2022-10-14 12:00:00, 2022-10-14 12:00:00, False      ,                                                                                                   , 2022-10-14 12:00:00
  , 16.06266212463379 , 108.19182586669922, "180 Hà Huy Tập, Hòa Khê, Thanh Khê, Đà Nẵng 550000, Việt Nam"                                                                 , 180 Hà Huy Tập (Khoảng 200 m)                                                                                                         , Phường Hòa Khê                     ,    7254, Quận Thanh Khê      ,        7244, point     , cm        ,         100, 2022-10-14 12:00:00, 2022-10-14 12:00:00, False      ,                                                                                                   , 2022-10-14 12:00:00
  , 16.061561584472656, 108.19134521484375, "212 Hà Huy Tập, Hòa Khê, Thanh Khê, Đà Nẵng, Việt Nam"                                                                        , 212 Hà Huy Tập (Khoảng 100m)                                                                                                          , Phường Hòa Khê                     ,    7254, Quận Thanh Khê      ,        7244, point     , cm        ,         100, 2022-10-14 12:00:00, 2022-10-14 12:00:00, False      ,                                                                                                   , 2022-10-14 12:00:00
  , 16.10248          , 108.250374        , "139 Trần Quang Khải, Thọ Quang, Sơn Trà, Đà Nẵng, Việt Nam"                                                                   , Đường Trần Quang Khải (K139/01 đến K139/59 Trần Quang Khải)                                                                           , Phường Thọ Quang                   ,    7270, Quận Sơn Trà        ,        7269, street    , cm        ,         100, 2022-10-14 12:00:00, 2022-10-14 12:00:00, False      ,                                                                                                   , 2022-10-14 12:00:00
  , 16.104589         , 108.251991        , "88 Trần Quang Khải, Thọ Quang, Sơn Trà, Đà Nẵng, Việt Nam"                                                                    , Đường Trần Quang Khải (K43/01 đến K43/51 Trần Quang Khải)                                                                             , Phường Thọ Quang                   ,    7270, Quận Sơn Trà        ,        7269, street    , cm        ,         130, 2022-10-14 12:00:00, 2022-10-14 12:00:00, False      ,                                                                                                   , 2022-10-14 12:00:00
  , 16.100403         , 108.253662        , "140 Nguyễn Phan Vinh, Thọ Quang, Sơn Trà, Đà Nẵng, Vietnam"                                                                   , K140 Nguyễn Phan Vinh (Toàn bộ kiệt)                                                                                                  , Phường Thọ Quang                   ,    7270, Quận Sơn Trà        ,        7269, street    , cm        ,         200, 2022-10-14 12:00:00, 2022-10-14 12:00:00, False      ,                                                                                                   , 2022-10-14 12:00:00
  , 16.10037612915039 , 108.25141143798828, "4722+4HV, Võ Duy Ninh, Thọ Quang, Sơn Trà, Đà Nẵng, Việt Nam"                                                                 , K62 Nguyễn Phan Vinh (K62/02 đến K62/16 Nguyễn Phan Vinh)                                                                             , Phường Thọ Quang                   ,    7270, Quận Sơn Trà        ,        7269, point     , cm        ,          50, 2022-10-14 12:00:00, 2022-10-14 12:00:00, False      ,                                                                                                   , 2022-10-14 12:00:00
  , 16.086699         , 108.24102         , "331 Ng. Quyền, An Hải Bắc, Sơn Trà, Đà Nẵng, Vietnam"                                                                         , K331 Ngô Quyền (K333/1 đến K331/55 Ngô Quyền)                                                                                         , Phường An Hải Bắc                  ,    7273, Quận Sơn Trà        ,        7269, street    , cm        ,         120, 2022-10-14 12:00:00, 2022-10-14 12:00:00, False      ,                                                                                                   , 2022-10-14 12:00:00
  , 16.09112          , 108.243134        , "223 Ngô Quyền, Mân Thái, Sơn Trà, Đà Nẵng, Việt Nam"                                                                          , K223 Ngô Quyền (K223/3 đến K223/49 Ngô Quyền)                                                                                         , Phường Mân Thái                    ,    7272, Quận Sơn Trà        ,        7269, street    , cm        ,         100, 2022-10-14 12:00:00, 2022-10-14 12:00:00, False      ,                                                                                                   , 2022-10-14 12:00:00
  , 16.090647         , 108.24308         , "163, Đường Ngô Quyền, Phường Mân Thái, Quận Sơn Trà, Mân Thái, Sơn Trà, Đà Nẵng, Vietnam"                                     , K229 Ngô Quyền (K229/6 đến K229/24 Ngô Quyền)                                                                                         , Phường Mân Thái                    ,    7272, Quận Sơn Trà        ,        7269, street    , cm        ,         100, 2022-10-14 12:00:00, 2022-10-14 12:00:00, False      ,                                                                                                   , 2022-10-14 12:00:00
  , 16.090431         , 108.24279         , "233 Ng. Quyền, Mân Thái, Sơn Trà, Đà Nẵng, Việt Nam"                                                                          , K233 Ngô Quyền (K233/3 đến K233/33 Ngô Quyền)                                                                                         , Phường Mân Thái                    ,    7272, Quận Sơn Trà        ,        7269, street    , cm        ,         100, 2022-10-14 12:00:00, 2022-10-14 12:00:00, False      ,                                                                                                   , 2022-10-14 12:00:00
  , 16.089127         , 108.242416        , "167 Ngô Quyền, Mân Thái, Sơn Trà, Đà Nẵng, Việt Nam"                                                                          , K259 Ngô Quyền (K259/5 đến K259/33 Ngô Quyền)                                                                                         , Phường Mân Thái                    ,    7272, Quận Sơn Trà        ,        7269, street    , cm        ,         100, 2022-10-14 12:00:00, 2022-10-14 12:00:00, False      ,                                                                                                   , 2022-10-14 12:00:00
  , 16.089336         , 108.246574        , "120 Trương Định, Mân Thái, Sơn Trà, Đà Nẵng, Việt Nam"                                                                        , K61 Trương Định (Toàn bộ kiệt)                                                                                                        , Phường Mân Thái                    ,    7272, Quận Sơn Trà        ,        7269, street    , cm        ,          60, 2022-10-14 12:00:00, 2022-10-14 12:00:00, False      ,                                                                                                   , 2022-10-14 12:00:00
  , 16.086563110351562, 108.2416000366211 , "331 K315 Ngô Quyền, An Hải Bắc, Sơn Trà, Đà Nẵng, Việt Nam"                                                                   , K331 Ngô Quyền (Từ K331/H05/02 đến K331/H05/16 Ngô Quyền)                                                                             , Phường An Hải Bắc                  ,    7273, Quận Sơn Trà        ,        7269, point     , cm        ,          70, 2022-10-14 12:00:00, 2022-10-14 12:00:00, False      ,                                                                                                   , 2022-10-14 12:00:00
  , 16.086904525756836, 108.24163055419922, "239 Ng. Quyền, Mân Thái, Sơn Trà, Đà Nẵng, Việt Nam"                                                                          , "K315 Ngô Quyền (K315/02 đến K315/20, K315/01 đến K315/49 Ngô Quyền)"                                                                 , Phường An Hải Bắc                  ,    7273, Quận Sơn Trà        ,        7269, point     , cm        ,          70, 2022-10-14 12:00:00, 2022-10-14 12:00:00, False      ,                                                                                                   , 2022-10-14 12:00:00
  , 16.08942          , 108.24408         , "48 Trương Định, Mân Thái, Sơn Trà, Đà Nẵng, Việt Nam"                                                                         , K46 Trương Định (K46/01 đến K46/23 Trương Định)                                                                                       , Phường Mân Thái                    ,    7272, Quận Sơn Trà        ,        7269, street    , cm        ,          50, 2022-10-14 12:00:00, 2022-10-14 12:00:00, False      ,                                                                                                   , 2022-10-14 12:00:00
  , 16.06842          , 108.23056         , "58 Nguyễn Công Trứ, An Hải Bắc, Sơn Trà, Đà Nẵng 550000, Việt Nam"                                                            , K54 Nguyễn Công Trứ (K54/2 đến K54/12 Nguyễn Công Trứ)                                                                                , Phường An Hải Bắc                  ,    7273, Quận Sơn Trà        ,        7269, street    , cm        ,          20, 2022-10-14 12:00:00, 2022-10-14 12:00:00, False      ,                                                                                                   , 2022-10-14 12:00:00
  , 16.066463470458984, 108.23047637939453, "K54, 51 Nguyễn Công Trứ, An Hải Trung, Sơn Trà, Đà Nẵng 550000, Vietnam"                                                      , K54 Nguyễn Công Trứ (Từ K54/H06/01 đến K54/H06/33)                                                                                    , Phường An Hải Bắc                  ,    7273, Quận Sơn Trà        ,        7269, point     , cm        ,         120, 2022-10-14 12:00:00, 2022-10-14 12:00:00, False      ,                                                                                                   , 2022-10-14 12:00:00
  , 16.067749         , 108.231316        , "94/11 Nguyễn Công Trứ, Phường An Hải Tây, Quận Sơn Trà, Đà Nẵng, Việt Nam"                                                    , K94 Nguyễn Công Trứ (K94/40 đến K94/69)                                                                                               , Phường An Hải Bắc                  ,    7273, Quận Sơn Trà        ,        7269, street    , cm        ,          30, 2022-10-14 12:00:00, 2022-10-14 12:00:00, False      ,                                                                                                   , 2022-10-14 12:00:00
  , 16.060883         , 108.231583        , "366J+8P7, An Hải, Sơn Trà, Đà Nẵng, Việt Nam"                                                                                 , K03 Hà Thị Thân (Toàn bộ kiệt)                                                                                                        , Phường An Hải Tây                  ,    7275, Quận Sơn Trà        ,        7269, street    , cm        ,          50, 2022-10-14 12:00:00, 2022-10-14 12:00:00, False      ,                                                                                                   , 2022-10-14 12:00:00
  , 16.058777         , 108.231758        , "17/2 Hà Thị Thân, An Hải, Phường An Hải Tây, Quận Sơn Trà, Đà Nẵng, Việt Nam"                                                 , K20 Hà Thị Thân (Toàn bộ kiệt)                                                                                                        , Phường An Hải Tây                  ,    7275, Quận Sơn Trà        ,        7269, street    , cm        ,          50, 2022-10-14 12:00:00, 2022-10-14 12:00:00, False      ,                                                                                                   , 2022-10-14 12:00:00
  , 16.055689         , 108.244148        , "12 K 211 Nguyễn Văn Thoại, Phước Mỹ, Sơn Trà, Đà Nẵng 550000, Việt Nam"                                                       , K211 Nguyễn Văn Thoại (K211/01 đến K211/105)                                                                                          , Phường An Hải Đông                 ,    7276, Quận Sơn Trà        ,        7269, street    , cm        ,          50, 2022-10-14 12:00:00, 2022-10-14 12:00:00, False      ,                                                                                                   , 2022-10-14 12:00:00
  , 16.063423         , 108.243988        , "37 Võ Văn Kiệt, Phước Mỹ, Sơn Trà, Đà Nẵng 550000, Việt Nam"                                                                  , K39 Võ Văn Kiệt (K39/01 đến K39/101)                                                                                                  , Phường An Hải Đông                 ,    7276, Quận Sơn Trà        ,        7269, street    , cm        ,         120, 2022-10-14 12:00:00, 2022-10-14 12:00:00, False      ,                                                                                                   , 2022-10-14 12:00:00
  , 16.06856          , 108.243546        , "K2/12 Hà Bổng, Phước Mỹ, Sơn Trà, Đà Nẵng 550000, Việt Nam"                                                                   , K35 Dương Đình Nghệ (K35/01 đến K35/05)                                                                                               , Phường Phước Mỹ                    ,    7274, Quận Sơn Trà        ,        7269, street    , cm        ,          50, 2022-10-14 12:00:00, 2022-10-14 12:00:00, False      ,                                                                                                   , 2022-10-14 12:00:00
  , 16.070804595947266, 108.23304748535156, "327 D. Đình Nghệ, An Hải Bắc, Sơn Trà, Đà Nẵng 550000, Việt Nam"                                                              , "Đường Dương Đình Nghệ (Từ số nhà 248 đến 280, K260/19 đến số nhà 01 An Nhơn 12)"                                                     , Phường An Hải Bắc                  ,    7273, Quận Sơn Trà        ,        7269, point     , cm        ,         120, 2022-10-14 12:00:00, 2022-10-14 12:00:00, False      ,                                                                                                   , 2022-10-14 12:00:00
  , 16.07442283630371 , 108.23872375488281, "K02 Đinh Thị Hòa, An Hải Bắc, Sơn Trà, Đà Nẵng, Việt Nam"                                                                     , K02 Đinh Thị Hòa (Toàn bộ kiệt)                                                                                                       , Phường An Hải Bắc                  ,    7273, Quận Sơn Trà        ,        7269, point     , cm        ,         100, 2022-10-14 12:00:00, 2022-10-14 12:00:00, False      ,                                                                                                   , 2022-10-14 12:00:00
  , 16.031881         , 108.242973        , "K70, 17 Bùi Tá Hán, Khuê Mỹ, Ngũ Hành Sơn, Đà Nẵng, Vietnam"                                                                  , K70 Bùi Tá Hán (K70/83 đến K70/115)                                                                                                   , Phường Khuê Mỹ                     ,    7279, Quận Ngũ Hành Sơn   ,        7277, street    , cm        ,          30, 2022-10-14 12:00:00, 2022-10-14 12:00:00, False      ,                                                                                                   , 2022-10-14 12:00:00
  , 16.081778         , 108.146843        , "2 Đường Nguyễn Chánh, Phường Hòa Khánh Bắc, Quận Liên Chiểu, Đà Nẵng, Việt Nam"                                               , K02 Nguyễn Chánh (Toàn bộ kiệt)                                                                                                       , Phường Hòa Khánh Bắc               ,    7241, Quận Liên Chiểu     ,        7238, street    , cm        ,         100, 2022-10-14 12:00:00, 2022-10-14 12:00:00, False      ,                                                                                                   , 2022-10-14 12:00:00
  , 16.084652         , 108.142342        , "34 Bùi Chát, Hoà Khánh Bắc, Liên Chiểu, Đà Nẵng, Việt Nam"                                                                    , K19 Bùi Chát (Toàn bộ kiệt)                                                                                                           , Phường Hòa Hiệp Nam                ,    7240, Quận Liên Chiểu     ,        7238, street    , cm        ,         100, 2022-10-14 12:00:00, 2022-10-14 12:00:00, False      ,                                                                                                   , 2022-10-14 12:00:00
  , 16.088053         , 108.143677        , "455 Đường Nguyễn Lương Bằng, Phường Hòa Khánh Bắc, Quận Liên Chiểu, Đà Nẵng, Việt Nam"                                        , K455 Nguyễn Lương Bằng (K455/01 đến K455/31)                                                                                          , Phường Hòa Hiệp Nam                ,    7240, Quận Liên Chiểu     ,        7238, street    , cm        ,         100, 2022-10-14 12:00:00, 2022-10-14 12:00:00, False      ,                                                                                                   , 2022-10-14 12:00:00
  , 16.055168         , 108.163689        , "47 Hoàng Văn Thái, Hoà Minh, Liên Chiểu, Đà Nẵng 550000, Vietnam"                                                             , K45 Hoàng Văn Thái (K45/09 đến K45/13)                                                                                                , Phường Hòa Minh                    ,    7243, Quận Liên Chiểu     ,        7238, street    , cm        ,         300, 2022-10-14 12:00:00, 2022-10-14 12:00:00, False      ,                                                                                                   , 2022-10-14 12:00:00
  , 16.011562         , 108.18557         , "12 Trường Sơn, Hòa Thọ Tây, Cẩm Lệ, Đà Nẵng, Việt Nam"                                                                        , K12 đường Trường Sơn (Từ số nhà 08 đến số nhà 12)                                                                                     , Phường Hòa Thọ Tây                 ,    7286, Quận Cẩm Lệ         ,        7282, street    , cm        ,         100, 2022-10-14 12:00:00, 2022-10-14 12:00:00, False      ,                                                                                                   , 2022-10-14 12:00:00
  , 16.000231         , 108.184494        , "252M+3R5, Đ. Nguyễn Như Đỗ, Hoà Thọ Tây, Cẩm Lệ, Đà Nẵng, Vietnam"                                                            , Ngã ba Cầu Đỏ Tuý Loan – Đường số 03 KCN Hòa Cầm (Từ Cầu Đỏ Tuý Loan– Đường số 03 KCN Hòa Cầm đến UBND phường Hoà Thọ Tây)            , Phường Hòa Thọ Tây                 ,    7286, Quận Cẩm Lệ         ,        7282, street    , cm        ,          70, 2022-10-14 12:00:00, 2022-10-14 12:00:00, False      ,                                                                                                   , 2022-10-14 12:00:00
  , 16.00037384033203 , 108.19091796875   , "Thăng Long, Cẩm Lệ, Đà Nẵng, Việt Nam"                                                                                        , Đường Thăng Long – Cầu Đỏ Tuý Loan (Khu vực giao nhau Thăng Long – Cầu Đỏ Tuý Loan (dài 300m))                                        , Phường Hòa Thọ Đông                ,    7287, Quận Cẩm Lệ         ,        7282, point     , cm        ,         200, 2022-10-14 12:00:00, 2022-10-14 12:00:00, False      ,                                                                                                   , 2022-10-14 12:00:00
  , 16.042099         , 108.185074        , "606 Trường Chinh, Hoà Phát, Cẩm Lệ, Đà Nẵng, Vietnam"                                                                         , "Kiệt 606 Trường Chinh – Kiệt 483/25/25 Tôn Đản, Hoà An (Từ kiệt 606 Trường Chinh đến kiệt 483/25/25 Tôn Đản, Hoà An)"                , Phường Hòa Phát                    ,    7284, Quận Cẩm Lệ         ,        7282, street    , cm        ,         150, 2022-10-14 12:00:00, 2022-10-14 12:00:00, False      ,                                                                                                   , 2022-10-14 12:00:00
  , 16.032473         , 108.187881        , "25MQ+26F, Hoà Phát, Cẩm Lệ, Đà Nẵng, Việt Nam"                                                                                , Kiệt 904 Trường Chinh (Từ số nhà K904/07 đến Trường THCS Thái Thị Bôi)                                                                , Phường Hòa Phát                    ,    7284, Quận Cẩm Lệ         ,        7282, street    , cm        ,          50, 2022-10-14 12:00:00, 2022-10-14 12:00:00, False      ,                                                                                                   , 2022-10-14 12:00:00
  , 16.021599         , 108.191315        , "1120/59 Trường Chinh, Hoà Phát, Cẩm Lệ, Đà Nẵng 550000, Việt Nam"                                                             , Kiệt 1120 Trường Chinh (Từ số nhà 1120/48 Trường Chinh đến đường Tôn Đản dài 400m)                                                    , Phường Hòa Thọ Đông                ,    7287, Quận Cẩm Lệ         ,        7282, street    , cm        ,          50, 2022-10-14 12:00:00, 2022-10-14 12:00:00, False      ,                                                                                                   , 2022-10-14 12:00:00
  , 16.040617         , 108.182671        , "500 Đ Tôn Đản, Hoà Phát, Cẩm Lệ, Đà Nẵng, Việt Nam"                                                                           , Kiệt 500 đường Tôn Đản (Từ số nhà K500/34 –K500/60)                                                                                   , Phường Hòa Phát                    ,    7284, Quận Cẩm Lệ         ,        7282, street    , cm        ,         130, 2022-10-14 12:00:00, 2022-10-14 12:00:00, False      ,                                                                                                   , 2022-10-14 12:00:00
  , 16.031996         , 108.179543        , "Đ. Đi Núi Phước Tường, Hòa Phát, Cẩm Lệ, Đà Nẵng, Việt Nam"                                                                   , Kiệt 185 đường Trinh Đường (Từ số nhà 09-79)                                                                                          , Phường Hòa Phát                    ,    7284, Quận Cẩm Lệ         ,        7282, street    , cm        ,         100, 2022-10-14 12:00:00, 2022-10-14 12:00:00, False      ,                                                                                                   , 2022-10-14 12:00:00
  , 16.011747         , 108.198395        , "43 Đ. Nguyễn Nhàn, Hòa Thọ Đông, Cẩm Lệ, Đà Nẵng 550000, Việt Nam"                                                            , Kiệt 43 đường Nguyễn Nhàn (Toàn bộ kiệt)                                                                                              , Phường Hòa Thọ Đông                ,    7287, Quận Cẩm Lệ         ,        7282, street    , cm        ,         250, 2022-10-14 12:00:00, 2022-10-14 12:00:00, False      ,                                                                                                   , 2022-10-14 12:00:00
  , 16.00606          , 108.193481        , "254V+CC7, Trần Ngọc Sương, Hòa Thọ Đông, Cẩm Lệ, Đà Nẵng 550000, Vietnam"                                                     , Kiệt 29 Trần Ngọc Sương (Toàn bộ kiệt)                                                                                                , Phường Hòa Thọ Đông                ,    7287, Quận Cẩm Lệ         ,        7282, street    , cm        ,         100, 2022-10-14 12:00:00, 2022-10-14 12:00:00, False      ,                                                                                                   , 2022-10-14 12:00:00
  , 16.000418         , 108.191002        , "Thăng Long, Cẩm Lệ, Đà Nẵng, Việt Nam"                                                                                        , Đường Thăng Long (Khu vực gầm Cầu Cẩm Lệ)                                                                                             , Phường Hòa Thọ Đông                ,    7287, Quận Cẩm Lệ         ,        7282, street    , cm        ,         100, 2022-10-14 12:00:00, 2022-10-14 12:00:00, False      ,                                                                                                   , 2022-10-14 12:00:00
  , 15.989765167236328, 108.14865112304688, "X4QX+VFR, Thôn Bồ Bản, Hòa Vang, Đà Nẵng, Việt Nam"                                                                           , Thôn Bồ Bản (Toàn thôn)                                                                                                               , Xã Hòa Phong                       ,    7296, Huyện Hòa Vang      ,        7289, point     , cm        ,         250, 2022-10-14 12:00:00, 2022-10-14 12:00:00, False      ,                                                                                                   , 2022-10-14 12:00:00
  , 15.983060836791992, 108.1556396484375 , "Thôn Thạch Bồ, X5M4+673, Hoà Phong, Hòa Vang, Đà Nẵng, Vietnam"                                                               , Thôn Thạch Bồ (Toàn thôn)                                                                                                             , Xã Hòa Phong                       ,    7296, Huyện Hòa Vang      ,        7289, point     , cm        ,         250, 2022-10-14 12:00:00, 2022-10-14 12:00:00, False      ,                                                                                                   , 2022-10-14 12:00:00
  , 15.984521865844727, 108.13013458251953, "X4MJ+R29, Hòa Phong, Hòa Vang, Da Nang, Vietnam"                                                                              , "Thôn Cẩm Toại Trung (Tổ 1,2,3,5,7,8 ngập hoàn toàn; Tổ 4,6,9 ngập cục bộ)"                                                           , Xã Hòa Phong                       ,    7296, Huyện Hòa Vang      ,        7289, point     , cm        ,         250, 2022-10-14 12:00:00, 2022-10-14 12:00:00, False      ,                                                                                                   , 2022-10-14 12:00:00
  , 15.99265193939209 , 108.13817596435547, "X4VQ+62H, Tuy Loan 2, Hoà Phong, Hòa Vang, Đà Nẵng, Việt Nam"                                                                 , Thôn Túy Loan Đông 2 (Toàn thôn)                                                                                                      , Xã Hòa Phong                       ,    7296, Huyện Hòa Vang      ,        7289, point     , cm        ,         250, 2022-10-14 12:00:00, 2022-10-14 12:00:00, False      ,                                                                                                   , 2022-10-14 12:00:00
  , 15.985036849975586, 108.14520263671875, "X4PW+23F, Hòa Phong, Hòa Vang, Da Nang, Vietnam"                                                                              , Thôn Cẩm Toại Đông (Toàn thôn)                                                                                                        , Xã Hòa Phong                       ,    7296, Huyện Hòa Vang      ,        7289, point     , cm        ,         150, 2022-10-14 12:00:00, 2022-10-14 12:00:00, False      ,                                                                                                   , 2022-10-14 12:00:00
  , 15.979642868041992, 108.12520599365234, "X4HG+X49, Hoà Phong, Hòa Vang, Đà Nẵng, Việt Nam"                                                                             , "Thôn Cẩm Toại Tây (Đường liên thôn Cẩm Toại Tây đi Nam Thành: 700m; Đường liên thôn Tổ 1, Tổ 2: 800m.)"                              , Xã Hòa Phong                       ,    7296, Huyện Hòa Vang      ,        7289, point     , cm        ,          50, 2022-10-14 12:00:00, 2022-10-14 12:00:00, False      ,                                                                                                   , 2022-10-14 12:00:00
  , 15.999224662780762, 108.12117767333984, "X4XC+WC2, 604, Hoà Phong, Hòa Vang, Đà Nẵng, Vietnam"                                                                         , Thôn An Tân (Toàn thôn)                                                                                                               , Xã Hòa Phong                       ,    7296, Huyện Hòa Vang      ,        7289, point     , cm        ,         120, 2022-10-14 12:00:00, 2022-10-14 12:00:00, False      ,                                                                                                   , 2022-10-14 12:00:00
  , 15.996527671813965, 108.13236236572266, "X4WM+P9P, Hòa Phong, Hòa Vang, Da Nang, Vietnam"                                                                              , Thôn Túy Loan Tây (Toàn thôn)                                                                                                         , Xã Hòa Phong                       ,    7296, Huyện Hòa Vang      ,        7289, point     , cm        ,         300, 2022-10-14 12:00:00, 2022-10-14 12:00:00, False      ,                                                                                                   , 2022-10-14 12:00:00
  , 15.995774269104004, 108.12718963623047, "Tổ 3 thôn dương lâm 2, Hoà Phong, Hòa Vang, Đà Nẵng, Vietnam"                                                                 , Thôn Dương Lâm 2 (Toàn thôn)                                                                                                          , Xã Hòa Phong                       ,    7296, Huyện Hòa Vang      ,        7289, point     , cm        ,         200, 2022-10-14 12:00:00, 2022-10-14 12:00:00, False      ,                                                                                                   , 2022-10-14 12:00:00
  , 16.000629425048828, 108.09030151367188, "232R+64R, Diêu Phong, Hòa Vang, Đà Nẵng, Việt Nam"                                                                            , "Thôn Diêu Phong (Tổ 1, 2, 3 ngập hoàn toàn)"                                                                                         , Xã Hòa Ninh                        ,    7292, Huyện Hòa Vang      ,        7289, point     , cm        ,         200, 2022-10-14 12:00:00, 2022-10-14 12:00:00, False      ,                                                                                                   , 2022-10-14 12:00:00
  , 16.016088485717773, 108.13426971435547, "248M+CPR, Hoà Nhơn, Hòa Vang, Đà Nẵng, Việt Nam"                                                                              , "Thôn Hòa Khương Đông (Tổ 1, 3, 4 ngập hoàn toàn)"                                                                                    , Xã Hòa Nhơn                        ,    7294, Huyện Hòa Vang      ,        7289, point     , cm        ,         300, 2022-10-14 12:00:00, 2022-10-14 12:00:00, False      ,                                                                                                   , 2022-10-14 12:00:00
  , 16.014965057373047, 108.13190460205078, "247J+XQ6, Hòa Nhơn, Hòa Vang, Da Nang, Vietnam"                                                                               , "Thôn Hòa Khương Tây (Tổ 1, 2 ngập hoàn toàn)"                                                                                        , Xã Hòa Nhơn                        ,    7294, Huyện Hòa Vang      ,        7289, point     , cm        ,         200, 2022-10-14 12:00:00, 2022-10-14 12:00:00, False      ,                                                                                                   , 2022-10-14 12:00:00
  , 16.00734519958496 , 108.1175537109375 , "2449+W2W, Thôn Phước Hưng, Hòa Vang, Đà Nẵng, Việt Nam"                                                                       , "Thôn Phước Hưng Nam (Tổ 1, 2, 3 ngập hoàn toàn)"                                                                                     , Xã Hòa Nhơn                        ,    7294, Huyện Hòa Vang      ,        7289, point     , cm        ,         200, 2022-10-14 12:00:00, 2022-10-14 12:00:00, False      ,                                                                                                   , 2022-10-14 12:00:00
  , 16.005958557128906, 108.14018249511719, "Thôn Thạch Nham Tây, Xã Hòa Nhơn, Huyện Hòa Vang, 244R+FJ5, Hoà Nhơn, Hòa Vang, Đà Nẵng, Vietnam"                             , "Thôn Thạch Nham Tây (Tổ 1, 2, 3 ngập hoàn toàn)"                                                                                     , Xã Hòa Nhơn                        ,    7294, Huyện Hòa Vang      ,        7289, point     , cm        ,         120, 2022-10-14 12:00:00, 2022-10-14 12:00:00, False      ,                                                                                                   , 2022-10-14 12:00:00
  , 16.006078720092773, 108.12353515625   , "244F+GCX, Hoà Nhơn, Hòa Vang, Đà Nẵng, Việt Nam"                                                                              , Thôn Thái Lai (Toàn thôn)                                                                                                             , Xã Hòa Nhơn                        ,    7294, Huyện Hòa Vang      ,        7289, point     , cm        ,         250, 2022-10-14 12:00:00, 2022-10-14 12:00:00, False      ,                                                                                                   , 2022-10-14 12:00:00
  , 16.010345458984375, 108.10911560058594, "2465+2V, Hoà Nhơn, Hòa Vang, Đà Nẵng, Việt Nam"                                                                               , "Thôn Trước Đông (Tổ 2, 3, 4 ngập hoàn toàn)"                                                                                         , Xã Hòa Nhơn                        ,    7294, Huyện Hòa Vang      ,        7289, point     , cm        ,         100, 2022-10-14 12:00:00, 2022-10-14 12:00:00, False      ,                                                                                                   , 2022-10-14 12:00:00
  , 15.970396041870117, 108.1552734375    , "X5C4+44F, Hòa Khương, Hòa Vang, Da Nang, Vietnam"                                                                             , "Đường liên thôn ven sông Yên, thôn La Châu, xã Hòa Khương (200m trước Nhà văn hóa thôn La Châu)"                                     , Xã Hòa Tiến                        ,    7298, Huyện Hòa Vang      ,        7289, point     , cm        ,          50, 2022-10-14 12:00:00, 2022-10-14 12:00:00, False      ,                                                                                                   , 2022-10-14 12:00:00
  , 15.983114242553711, 108.19087982177734, "X5MR+64R, Hoà Châu, Hòa Vang, Đà Nẵng 550000, Việt Nam"                                                                       , "Thôn Phong Nam (Một số điểm tại Tổ 1, 8, 10)"                                                                                        , Xã Hòa Châu                        ,    7297, Huyện Hòa Vang      ,        7289, point     , cm        ,         120, 2022-10-14 12:00:00, 2022-10-14 12:00:00, False      ,                                                                                                   , 2022-10-14 12:00:00
  , 15.839117050170898, 108.24979400634766, "R7Q2+R8J, Tây an, Điện Phong, Điện Bàn, Quảng Nam, Vietnam"                                                                   , Thôn Tây An (Toàn thôn)                                                                                                               , Hòa Châu                           ,        , Hòa Vang            ,            , point     , cm        ,         200, 2022-10-14 12:00:00, 2022-10-14 12:00:00, False      ,                                                                                                   , 2022-10-14 12:00:00
  , 16.138967514038086, 108.05007934570312, "43Q2+H2, Hoà Bắc, Hòa Vang, Đà Nẵng, Việt Nam"                                                                                , Thôn Nam Yên (Tuyến đường ADB5)                                                                                                       , Xã Hòa Bắc                         ,    7290, Huyện Hòa Vang      ,        7289, point     , cm        ,         200, 2022-10-14 12:00:00, 2022-10-14 12:00:00, False      ,                                                                                                   , 2022-10-14 12:00:00
  , 16.13646125793457 , 108.06877136230469, "43P9+HFH, Unnamed, Road, Hòa Vang, Đà Nẵng, Vietnam"                                                                          , Thôn An Định (Tuyến đường ADB5)                                                                                                       , Xã Hòa Bắc                         ,    7290, Huyện Hòa Vang      ,        7289, point     , cm        ,         450, 2022-10-14 12:00:00, 2022-10-14 12:00:00, False      ,                                                                                                   , 2022-10-14 12:00:00
  , 15.986059188842773, 108.0754165649414 , "X3PF+JW4, Đồng Lâm, Hòa Vang, Da Nang, Vietnam"                                                                               , "Thôn Đông Lâm (QL 14G đoạn qua thôn Đông Lâm; Tổ 2, 3, 4, 6, 7)"                                                                     , Xã Hòa Phú                         ,    7295, Huyện Hòa Vang      ,        7289, point     , cm        ,         120, 2022-10-14 12:00:00, 2022-10-14 12:00:00, False      ,                                                                                                   , 2022-10-14 12:00:00
  , 15.996392250061035, 108.06315612792969, "X3W7+H76, Hòa Phát, Hòa Vang, Da Nang, Vietnam"                                                                               , "Thôn Hòa Phát (Tổ 1, 4)"                                                                                                             , Xã Hòa Ninh                        ,    7292, Huyện Hòa Vang      ,        7289, point     , cm        ,         120, 2022-10-14 12:00:00, 2022-10-14 12:00:00, False      ,                                                                                                   , 2022-10-14 12:00:00
  , 15.997740745544434, 108.07816314697266, "X3XH+37R, Đồng Lăng, Hòa Vang, Da Nang, Việt Nam"                                                                             , "Thôn Hội Phước (Khu vực cầu thôn Diêu Phong đến kiệt 6, thôn Hội Phước)"                                                             , Xã Hòa Ninh                        ,    7292, Huyện Hòa Vang      ,        7289, point     , cm        ,          60, 2022-10-14 12:00:00, 2022-10-14 12:00:00, False      ,                                                                                                   , 2022-10-14 12:00:00
  , 15.980498313903809, 108.083984375     , "X3JM+5JM, Hòa Thọ, Hòa Vang, Da Nang, Vietnam"                                                                                , Thôn Hòa Thọ (100m đường DH5)                                                                                                         , Xã Hòa Phú                         ,    7295, Huyện Hòa Vang      ,        7289, point     , cm        ,         150, 2022-10-14 12:00:00, 2022-10-14 12:00:00, False      ,                                                                                                   , 2022-10-14 12:00:00
  , 16.05326271057129 , 108.04833984375   , "323X+JQC, Hoà Ninh, Hòa Vang, Đà Nẵng, Việt Nam"                                                                              , Thôn Trung Nghĩa (Xung quanh tuyến đường vành đai đang thi công; Tổ 2)                                                                , Xã Hòa Ninh                        ,    7292, Huyện Hòa Vang      ,        7289, point     , cm        ,         100, 2022-10-14 12:00:00, 2022-10-14 12:00:00, False      ,                                                                                                   , 2022-10-14 12:00:00
  , 16.06199073791504 , 108.04866790771484, "326X+QFG, Hoà Ninh, Hòa Vang, Đà Nẵng, Việt Nam"                                                                              , Thôn Hòa Trung (Tổ 2 (từ đường vành đai đến homestay Bình An))                                                                        , Xã Hòa Ninh                        ,    7292, Huyện Hòa Vang      ,        7289, point     , cm        ,         120, 2022-10-14 12:00:00, 2022-10-14 12:00:00, False      ,                                                                                                   , 2022-10-14 12:00:00
  , 16.04714012145996 , 108.07090759277344, "Nhà Văn Hóa Thôn Đông Sơn, Đường 602, Hòa Ninh, Hòa Vang, Đà Nẵng, Việt Nam"                                                  , Thôn Đông Sơn (Tổ 2)                                                                                                                  , Xã Hòa Ninh                        ,    7292, Huyện Hòa Vang      ,        7289, point     , cm        ,         150, 2022-10-14 12:00:00, 2022-10-14 12:00:00, False      ,                                                                                                   , 2022-10-14 12:00:00
  , 16.043567657470703, 108.10566711425781, "Thôn Xuân Phú,xã, 24V4+F6M, Hoà Sơn, Hòa Vang, Đà Nẵng, Vietnam"                                                              , "Thôn Xuân Phú (Tổ 1, 2, 4, 5, 6)"                                                                                                    , Xã Hòa Sơn                         ,    7293, Huyện Hòa Vang      ,        7289, point     , cm        ,         150, 2022-10-14 12:00:00, 2022-10-14 12:00:00, False      ,                                                                                                   , 2022-10-14 12:00:00
  , 16.04863739013672 , 108.10397338867188, "24X3+FH5, Hoà Sơn, Hòa Vang, Đà Nẵng, Việt Nam"                                                                               , "Thôn Phú Thượng (Tổ 1, 6, 7)"                                                                                                        , Xã Hòa Sơn                         ,    7293, Huyện Hòa Vang      ,        7289, point     , cm        ,         150, 2022-10-14 12:00:00, 2022-10-14 12:00:00, False      ,                                                                                                   , 2022-10-14 12:00:00
  , 16.0565185546875  , 108.11764526367188, "Nhà Văn Hóa Thôn Hòa Khê, Xã Hòa Sơn, Hòa Vang, Đà Nẵng, Việt Nam"                                                            , "Thôn Hòa Khê (Tổ 1, 2, 3, 4)"                                                                                                        , Xã Hòa Sơn                         ,    7293, Huyện Hòa Vang      ,        7289, point     , cm        ,         150, 2022-10-14 12:00:00, 2022-10-14 12:00:00, False      ,                                                                                                   , 2022-10-14 12:00:00
  , 15.987061500549316, 108.1747817993164 , "X5PF+VWG, Hòa Tiến, Hòa Vang, Da Nang, Vietnam"                                                                               , Thôn Cẩm Nê (Khu vực đường liên thôn)                                                                                                 , Xã Hòa Tiến                        ,    7298, Huyện Hòa Vang      ,        7289, point     , cm        ,         150, 2022-10-14 12:00:00, 2022-10-14 12:00:00, False      ,                                                                                                   , 2022-10-14 12:00:00
  , 15.94566822052002 , 108.17505645751953, "W5WG+72G, Hòa Tiến, Hòa Vang, Da Nang, Vietnam"                                                                               , "Thôn Nam Sơn (Tuyến liên thôn, khu vực giáp sông Yên)"                                                                               , Xã Hòa Tiến                        ,    7298, Huyện Hòa Vang      ,        7289, point     , cm        ,         150, 2022-10-14 12:00:00, 2022-10-14 12:00:00, False      ,                                                                                                   , 2022-10-14 12:00:00
  , 15.959939002990723, 108.17816925048828, "X56H+5GW, ĐT605, Hoà Tiến, Hòa Vang, Đà Nẵng, Việt Nam"                                                                       , Thôn Lệ Sơn Nam (Toàn thôn)                                                                                                           , Xã Hòa Tiến                        ,    7298, Huyện Hòa Vang      ,        7289, point     , cm        ,         150, 2022-10-14 12:00:00, 2022-10-14 12:00:00, False      ,                                                                                                   , 2022-10-14 12:00:00
  , 16.110571         , 108.127075        , "446H+72M, Nam Ô 1, Liên Chiểu, Đà Nẵng, Vietnam"                                                                              , Đường Đàm Quang Trung kéo dài (Dài 2 km dọc bờ sông Cu Đê)                                                                            , Phường Hòa Hiệp Nam                ,    7240, Quận Liên Chiểu     ,        7238, street    , cm        ,         150, 2022-10-14 12:00:00, 2022-10-14 12:00:00, False      ,                                                                                                   , 2022-10-14 12:00:00
  , 16.11612892150879 , 108.12713623046875, "448G+FV2, Nam Ô 1, Liên Chiểu, Đà Nẵng, Việt Nam"                                                                             , "Khu vực nhà sinh hoạt cộng đồng, đình làng Xuân Dương (20 m (trước nhà sinh hoạt cộng đồng, đình làng Xuân Dương)"                   , Phường Hòa Hiệp Nam                ,    7240, Quận Liên Chiểu     ,        7238, point     , cm        ,         120, 2022-10-14 12:00:00, 2022-10-14 12:00:00, False      ,                                                                                                   , 2022-10-14 12:00:00
  , 16.024565         , 108.249748        , "Đường K, Phường Khuê Mỹ, Quận Ngũ Hành Sơn, Đà Nẵng, Việt Nam"                                                                , Đường K20 (Từ số nhà 01 đến số nhà 05)                                                                                                , Phường Khuê Mỹ                     ,    7279, Quận Ngũ Hành Sơn   ,        7277, street    , cm        ,          30, 2022-10-14 12:00:00, 2022-10-14 12:00:00, False      ,                                                                                                   , 2022-10-14 12:00:00
  , 15.992708         , 108.266106        , "Đường Nguyễn Duy Trinh, Hoà Hải, Ngũ Hành Sơn, Đà Nẵng 550000, Vietnam"                                                       , Đường Nguyễn Duy Trinh (Ngã tư Nguyễn Duy Trinh - Nguyễn Thức Đường đến ngã tư Nguyễn Duy Trinh - Võ Quý Huân)                        , Phường Hòa Hải                     ,    7281, Quận Ngũ Hành Sơn   ,        7277, street    , cm        ,          50, 2022-10-14 12:00:00, 2022-10-14 12:00:00, False      ,                                                                                                   , 2022-10-14 12:00:00
  , 16.015955         , 108.254272        , "Minh Mạng, Phường Khuê Mỹ, Quận Ngũ Hành Sơn, Đà Nẵng, Việt Nam"                                                              , Đường Minh Mạng (Ngã tư Minh Mạng - Lê Văn Hiến đến ngã ba Minh Mạng - Võ Chí Công)                                                   , Phường Hòa Quý                     ,    7280, Quận Ngũ Hành Sơn   ,        7277, street    , cm        ,          50, 2022-10-14 12:00:00, 2022-10-14 12:00:00, False      ,                                                                                                   , 2022-10-14 12:00:00
